country,state,city,station,last_update,latitude,longitude,pollutant_id,pollutant_min,pollutant_max,pollutant_avg,month,year,month_number
India,Bihar,Gaya,"Kareemganj, Gaya - BSPCB",2026-08-23 11:00:00,24.792403,84.992416,PM2.5,12.0,26.0,20.0,2026-08,2026,8
India,Bihar,Hajipur,"Industrial Area, Hajipur - BSPCB",2026-08-23 11:00:00,25.697189,85.2459,CO,19.0,33.0,27.0,2026-08,2026,8
India,Bihar,Katihar,"Mirchaibari, Katihar - BSPCB",2026-08-23 11:00:00,25.560083,87.553265,OZONE,19.0,38.0,28.0,2026-08,2026,8
India,Bihar,Kishanganj,"SDM Office_Khagra, Kishanganj - BSPCB",2026-08-23 11:00:00,26.0881305,87.93840336,PM10,31.0,60.0,44.0,2026-08,2026,8
India,Bihar,Kishanganj,"SDM Office_Khagra, Kishanganj - BSPCB",2026-08-23 11:00:00,26.0881305,87.93840336,NO2,7.0,8.0,7.0,2026-08,2026,8
India,Bihar,Kishanganj,"SDM Office_Khagra, Kishanganj - BSPCB",2026-08-23 11:00:00,26.0881305,87.93840336,SO2,6.0,8.0,7.0,2026-08,2026,8
India,Bihar,Kishanganj,"SDM Office_Khagra, Kishanganj - BSPCB",2026-08-23 11:00:00,26.0881305,87.93840336,OZONE,32.0,33.0,33.0,2026-08,2026,8
India,Bihar,Manguraha,"Forest Rest House, Manguraha - BSPCB",2026-08-23 11:00:00,27.308328,84.531742,PM2.5,12.0,26.0,20.0,2026-08,2026,8
India,Bihar,Manguraha,"Forest Rest House, Manguraha - BSPCB",2026-08-23 11:00:00,27.308328,84.531742,NO2,12.0,36.0,15.0,2026-08,2026,8
India,Bihar,Muzaffarpur,"Buddha Colony, Muzaffarpur - BSPCB",2026-08-23 11:00:00,26.11442,85.39813,PM10,43.0,86.0,68.0,2026-08,2026,8
India,Bihar,Muzaffarpur,"Buddha Colony, Muzaffarpur - BSPCB",2026-08-23 11:00:00,26.11442,85.39813,CO,15.0,22.0,18.0,2026-08,2026,8
India,Bihar,Muzaffarpur,"MIT-Daudpur Kothi, Muzaffarpur - BSPCB",2026-08-23 11:00:00,26.1403345,85.3650192,PM2.5,20.0,48.0,32.0,2026-08,2026,8
India,Bihar,Muzaffarpur,"MIT-Daudpur Kothi, Muzaffarpur - BSPCB",2026-08-23 11:00:00,26.1403345,85.3650192,PM10,29.0,56.0,37.0,2026-08,2026,8
India,Bihar,Muzaffarpur,"MIT-Daudpur Kothi, Muzaffarpur - BSPCB",2026-08-23 11:00:00,26.1403345,85.3650192,NO2,4.0,12.0,7.0,2026-08,2026,8
India,Bihar,Patna,"Rajbansi Nagar, Patna - BSPCB",2026-08-23 11:00:00,25.599486,85.113666,PM2.5,12.0,26.0,20.0,2026-08,2026,8
India,Bihar,Patna,"Govt. High School Shikarpur, Patna - BSPCB",2026-08-23 11:00:00,25.592539,85.227158,NO2,5.0,7.0,6.0,2026-08,2026,8
India,Bihar,Patna,"Govt. High School Shikarpur, Patna - BSPCB",2026-08-23 11:00:00,25.592539,85.227158,SO2,12.0,13.0,13.0,2026-08,2026,8
India,Bihar,Patna,"Govt. High School Shikarpur, Patna - BSPCB",2026-08-23 11:00:00,25.592539,85.227158,CO,34.0,41.0,38.0,2026-08,2026,8
India,Bihar,Patna,"DRM Office Danapur, Patna - BSPCB",2026-08-23 11:00:00,25.586562,85.043586,PM2.5,25.0,83.0,52.0,2026-08,2026,8
India,Bihar,Patna,"Muradpur, Patna - BSPCB",2026-08-23 11:00:00,25.619651,85.147382,PM2.5,48.0,53.0,50.0,2026-08,2026,8
India,Bihar,Patna,"Muradpur, Patna - BSPCB",2026-08-23 11:00:00,25.619651,85.147382,NH3,4.0,5.0,5.0,2026-08,2026,8
India,Bihar,Patna,"Muradpur, Patna - BSPCB",2026-08-23 11:00:00,25.619651,85.147382,SO2,8.0,9.0,9.0,2026-08,2026,8
India,Bihar,Patna,"Muradpur, Patna - BSPCB",2026-08-23 11:00:00,25.619651,85.147382,OZONE,5.0,43.0,16.0,2026-08,2026,8
India,Bihar,Patna,"Samanpura, Patna - BSPCB",2026-08-23 11:00:00,25.596727,85.085624,OZONE,22.0,23.0,23.0,2026-08,2026,8
India,Chhattisgarh,Bhilai,"Hathkhoj, Bhilai - CECB",2026-08-23 11:00:00,21.224231,81.40835,SO2,9.0,32.0,20.0,2026-08,2026,8
India,Chhattisgarh,Chhal,"Nawapara SECL Colony, Chhal - CECB",2026-08-23 11:00:00,22.118125,83.140608,PM2.5,40.0,82.0,65.0,2026-08,2026,8
India,Chhattisgarh,Chhal,"Nawapara SECL Colony, Chhal - CECB",2026-08-23 11:00:00,22.118125,83.140608,SO2,6.0,9.0,8.0,2026-08,2026,8
India,Chhattisgarh,Korba,"Rampur, Korba - CECB",2026-08-23 11:00:00,22.368195,82.746431,PM2.5,11.0,45.0,22.0,2026-08,2026,8
India,Chhattisgarh,Korba,"Rampur, Korba - CECB",2026-08-23 11:00:00,22.368195,82.746431,PM10,9.0,39.0,21.0,2026-08,2026,8
India,Chhattisgarh,Korba,"Rampur, Korba - CECB",2026-08-23 11:00:00,22.368195,82.746431,NH3,1.0,1.0,1.0,2026-08,2026,8
India,Chhattisgarh,Kunjemura,"OP Jindal School, Kunjemura - CECB",2026-08-23 11:00:00,22.12665,83.483212,NO2,5.0,61.0,25.0,2026-08,2026,8
India,Chhattisgarh,Kunjemura,"OP Jindal School, Kunjemura - CECB",2026-08-23 11:00:00,22.12665,83.483212,OZONE,4.0,6.0,5.0,2026-08,2026,8
India,Chhattisgarh,Milupara,"Govt. Higher Secondary School, Milupara - CECB",2026-08-23 11:00:00,22.1910172,83.5197009,PM2.5,16.0,48.0,32.0,2026-08,2026,8
India,Chhattisgarh,Milupara,"Govt. Higher Secondary School, Milupara - CECB",2026-08-23 11:00:00,22.1910172,83.5197009,NH3,1.0,2.0,2.0,2026-08,2026,8
India,Chhattisgarh,Milupara,"Govt. Higher Secondary School, Milupara - CECB",2026-08-23 11:00:00,22.1910172,83.5197009,CO,14.0,38.0,26.0,2026-08,2026,8
India,Chhattisgarh,Milupara,"Govt. Higher Secondary School, Milupara - CECB",2026-08-23 11:00:00,22.1910172,83.5197009,OZONE,34.0,93.0,59.0,2026-08,2026,8
India,Bihar,Arrah,"New DM Office, Arrah - BSPCB",2026-08-23 11:00:00,25.5626095,84.663264,OZONE,4.0,8.0,8.0,2026-08,2026,8
India,Bihar,Aurangabad,"Gurdeo Nagar, Aurangabad - BSPCB",2026-08-23 11:00:00,24.75746,84.366208,PM2.5,19.0,320.0,58.0,2026-08,2026,8
India,Bihar,Aurangabad,"Gurdeo Nagar, Aurangabad - BSPCB",2026-08-23 11:00:00,24.75746,84.366208,NO2,0.0,1.0,0.0,2026-08,2026,8
India,Bihar,Aurangabad,"Gurdeo Nagar, Aurangabad - BSPCB",2026-08-23 11:00:00,24.75746,84.366208,CO,12.0,26.0,20.0,2026-08,2026,8
India,Bihar,Begusarai,"Lohiyanagar, Begusarai - BSPCB",2026-08-23 11:00:00,25.42742023,86.13886079,NH3,15.0,17.0,16.0,2026-08,2026,8
India,Bihar,Bettiah,"Kamalnath Nagar, Bettiah - BSPCB",2026-08-23 11:00:00,26.80365,84.51954,OZONE,17.0,22.0,20.0,2026-08,2026,8
India,Bihar,Bhagalpur,"DM Office_Kachari Chowk, Bhagalpur - BSPCB",2026-08-23 11:00:00,25.251013,86.989001,NH3,4.0,4.0,4.0,2026-08,2026,8
India,Bihar,Chhapra,"Darshan Nagar, Chhapra - BSPCB",2026-08-23 11:00:00,25.7808257,84.7446768,PM2.5,91.0,99.0,94.0,2026-08,2026,8
India,Bihar,Gaya,"Collectorate, Gaya - BSPCB",2026-08-23 11:00:00,24.7955,84.9994,NO2,7.0,10.0,8.0,2026-08,2026,8
India,Bihar,Gaya,"Collectorate, Gaya - BSPCB",2026-08-23 11:00:00,24.7955,84.9994,CO,12.0,12.0,12.0,2026-08,2026,8
India,Andhra Pradesh,Tirumala,"Toll Gate, Tirumala - APPCB",2026-08-23 11:00:00,13.67,79.35,NH3,2.0,3.0,2.0,2026-08,2026,8
India,Andhra Pradesh,Tirupati,"Vaikuntapuram, Tirupati - APPCB",2026-08-23 11:00:00,13.615387,79.40923,PM2.5,46.0,49.0,48.0,2026-08,2026,8
India,Andhra Pradesh,Tirupati,"Vaikuntapuram, Tirupati - APPCB",2026-08-23 11:00:00,13.615387,79.40923,CO,25.0,29.0,27.0,2026-08,2026,8
India,Andhra Pradesh,Tirupati,"Vaikuntapuram, Tirupati - APPCB",2026-08-23 11:00:00,13.615387,79.40923,OZONE,32.0,33.0,32.0,2026-08,2026,8
India,Andhra Pradesh,Vijayawada,"Rajiv Nagar, Vijayawada - APPCB",2026-08-23 11:00:00,16.554731,80.64911,SO2,12.0,20.0,16.0,2026-08,2026,8
India,Andhra Pradesh,Vijayawada,"HB Colony, Vijayawada - APPCB",2026-08-23 11:00:00,16.536107,80.594233,CO,34.0,34.0,34.0,2026-08,2026,8
India,Andhra Pradesh,Vijayawada,"Rajiv Gandhi Park, Vijayawada - APPCB",2026-08-23 11:00:00,16.509717,80.612222,PM10,50.0,90.0,74.0,2026-08,2026,8
India,Andhra Pradesh,Visakhapatnam,"GVM Corporation, Visakhapatnam - APPCB",2026-08-23 11:00:00,17.72,83.3,PM2.5,2.0,96.0,47.0,2026-08,2026,8
India,Andhra Pradesh,Visakhapatnam,"GVM Corporation, Visakhapatnam - APPCB",2026-08-23 11:00:00,17.72,83.3,PM10,22.0,127.0,71.0,2026-08,2026,8
India,Andhra Pradesh,Visakhapatnam,"GVM Corporation, Visakhapatnam - APPCB",2026-08-23 11:00:00,17.72,83.3,NO2,40.0,118.0,68.0,2026-08,2026,8
India,Bihar,Saharsa,"Police Line, Saharsa - BSPCB",2026-08-23 11:00:00,25.892357,86.590325,SO2,15.0,19.0,17.0,2026-08,2026,8
India,Bihar,Samastipur,"DM Office_Kasipur, Samastipur - BSPCB",2026-08-23 11:00:00,25.859655,85.77944,NO2,8.0,9.0,8.0,2026-08,2026,8
India,Bihar,Samastipur,"DM Office_Kasipur, Samastipur - BSPCB",2026-08-23 11:00:00,25.859655,85.77944,OZONE,6.0,7.0,6.0,2026-08,2026,8
India,Bihar,Sasaram,"Dada Peer, Sasaram - BSPCB",2026-08-23 11:00:00,24.952822,84.002396,PM2.5,13.0,399.0,102.0,2026-08,2026,8
India,Bihar,Siwan,"Chitragupta Nagar, Siwan - BSPCB",2026-08-23 11:00:00,26.2271665,84.3570427,SO2,8.0,13.0,11.0,2026-08,2026,8
India,Chandigarh,Chandigarh,"Sector 22, Chandigarh - CPCC",2026-08-23 11:00:00,30.735567,76.775714,PM10,12.0,70.0,26.0,2026-08,2026,8
India,Chandigarh,Chandigarh,"Sector 22, Chandigarh - CPCC",2026-08-23 11:00:00,30.735567,76.775714,NH3,8.0,22.0,14.0,2026-08,2026,8
India,Chandigarh,Chandigarh,"Sector 22, Chandigarh - CPCC",2026-08-23 11:00:00,30.735567,76.775714,SO2,4.0,6.0,5.0,2026-08,2026,8
India,Chandigarh,Chandigarh,"Sector-53, Chandigarh - CPCC",2026-08-23 11:00:00,30.719859,76.738637,CO,27.0,40.0,35.0,2026-08,2026,8
India,Andhra Pradesh,Chittoor,"Gangineni Cheruvu, Chittoor - APPCB",2026-08-23 11:00:00,13.20488,79.097889,NH3,6.0,7.0,6.0,2026-08,2026,8
India,Andhra Pradesh,Chittoor,"Gangineni Cheruvu, Chittoor - APPCB",2026-08-23 11:00:00,13.20488,79.097889,CO,20.0,23.0,22.0,2026-08,2026,8
India,Andhra Pradesh,Chittoor,"Gangineni Cheruvu, Chittoor - APPCB",2026-08-23 11:00:00,13.20488,79.097889,OZONE,28.0,30.0,29.0,2026-08,2026,8
India,Andhra Pradesh,Eluru,"District Court, Eluru - APPCB",2026-08-23 11:00:00,16.711754,81.092095,PM2.5,41.0,62.0,50.0,2026-08,2026,8
India,Andhra Pradesh,Eluru,"District Court, Eluru - APPCB",2026-08-23 11:00:00,16.711754,81.092095,OZONE,6.0,14.0,10.0,2026-08,2026,8
India,Andhra Pradesh,Guntur,"Rajendra Nagar North, Guntur - APPCB",2026-08-23 11:00:00,16.316553,80.413302,SO2,6.0,20.0,10.0,2026-08,2026,8
India,Andhra Pradesh,Nellore,"Ambedkar Nagar, Nellore - APPCB ",2026-08-23 11:00:00,14.438164,79.966814,PM2.5,47.0,49.0,48.0,2026-08,2026,8
India,Andhra Pradesh,Nellore,"Ambedkar Nagar, Nellore - APPCB ",2026-08-23 11:00:00,14.438164,79.966814,PM10,46.0,63.0,54.0,2026-08,2026,8
India,Andhra Pradesh,Rajamahendravaram,"Anand Kala Kshetram, Rajamahendravaram - APPCB",2026-08-23 11:00:00,16.9872867,81.7363176,NH3,2.0,3.0,2.0,2026-08,2026,8
India,Assam,Guwahati,"IITG, Guwahati - PCBA",2026-08-23 11:00:00,26.2028636,91.70046436,CO,76.0,88.0,83.0,2026-08,2026,8
India,Assam,Guwahati,"Pan Bazaar, Guwahati - PCBA",2026-08-23 11:00:00,26.1875,91.744194,PM10,0.0,35.0,10.0,2026-08,2026,8
India,Assam,Guwahati,"LGBI Airport, Guwahati - PCBA",2026-08-23 11:00:00,26.10887,91.589544,PM2.5,28.0,73.0,58.0,2026-08,2026,8
India,Assam,Guwahati,"LGBI Airport, Guwahati - PCBA",2026-08-23 11:00:00,26.10887,91.589544,SO2,8.0,16.0,13.0,2026-08,2026,8
India,Assam,Guwahati,"LGBI Airport, Guwahati - PCBA",2026-08-23 11:00:00,26.10887,91.589544,CO,31.0,42.0,36.0,2026-08,2026,8
India,Assam,Guwahati,"Railway Colony, Guwahati - PCBA",2026-08-23 11:00:00,26.181742,91.78063,PM10,15.0,80.0,39.0,2026-08,2026,8
India,Assam,Nagaon,"Christianpatty, Nagaon - PCBA",2026-08-23 11:00:00,26.349082,92.68449,OZONE,9.0,13.0,11.0,2026-08,2026,8
India,Assam,Nalbari,"Bata Chowk, Nalbari - PCBA",2026-08-23 11:00:00,26.446912,91.439057,PM2.5,50.0,128.0,90.0,2026-08,2026,8
India,Assam,Silchar,"Tarapur, Silchar - PCBA",2026-08-23 11:00:00,24.82827,92.79525,NH3,1.0,1.0,1.0,2026-08,2026,8
India,Bihar,Araria,"Kharahiya Basti, Araria - BSPCB",2026-08-23 11:00:00,26.146529,87.454184,NO2,11.0,20.0,15.0,2026-08,2026,8
India,Andhra Pradesh,Anantapur,"Gulzarpet, Anantapur - APPCB",2026-08-23 11:00:00,14.675886,77.593027,NO2,16.0,22.0,21.0,2026-08,2026,8
India,Andhra Pradesh,Anantapur,"Gulzarpet, Anantapur - APPCB",2026-08-23 11:00:00,14.675886,77.593027,OZONE,20.0,20.0,20.0,2026-08,2026,8
India,Delhi,Delhi,"Sirifort, Delhi - CPCB",2026-08-23 11:00:00,28.5504249,77.2159377,PM10,37.0,198.0,109.0,2026-08,2026,8
India,Delhi,Delhi,"Sirifort, Delhi - CPCB",2026-08-23 11:00:00,28.5504249,77.2159377,NO2,38.0,45.0,41.0,2026-08,2026,8
India,Delhi,Delhi,"Sirifort, Delhi - CPCB",2026-08-23 11:00:00,28.5504249,77.2159377,CO,12.0,30.0,19.0,2026-08,2026,8
India,Delhi,Delhi,"Sirifort, Delhi - CPCB",2026-08-23 11:00:00,28.5504249,77.2159377,OZONE,17.0,27.0,23.0,2026-08,2026,8
India,Delhi,Delhi,"Chandni Chowk, Delhi - IITM",2026-08-23 11:00:00,28.656756,77.227234,PM2.5,46.0,104.0,72.0,2026-08,2026,8
India,Delhi,Delhi,"Pusa, Delhi - IITM",2026-08-23 11:00:00,28.63611,77.173332,OZONE,5.0,35.0,18.0,2026-08,2026,8
India,Delhi,Delhi,"DTU, Delhi - CPCB",2026-08-23 11:00:00,28.7500499,77.1112615,CO,6.0,23.0,11.0,2026-08,2026,8
India,Delhi,Delhi,"DTU, Delhi - CPCB",2026-08-23 11:00:00,28.7500499,77.1112615,OZONE,13.0,19.0,16.0,2026-08,2026,8
India,Delhi,Delhi,"Dwarka-Sector 8, Delhi - DPCC ",2026-08-23 11:00:00,28.5710274,77.0719006,NO2,16.0,72.0,31.0,2026-08,2026,8
India,Delhi,Delhi,"Dr. Karni Singh Shooting Range, Delhi - DPCC",2026-08-23 11:00:00,28.498571,77.26484,PM2.5,12.0,150.0,62.0,2026-08,2026,8
India,Delhi,Delhi,"IIT Delhi, Delhi - IITM",2026-08-23 11:00:00,28.54246,77.191651,PM2.5,14.0,98.0,59.0,2026-08,2026,8
India,Delhi,Delhi,"IIT Delhi, Delhi - IITM",2026-08-23 11:00:00,28.54246,77.191651,OZONE,4.0,14.0,8.0,2026-08,2026,8
India,Delhi,Delhi,"IGI Airport (T3), Delhi - IITM",2026-08-23 11:00:00,28.5627763,77.1180053,PM2.5,20.0,137.0,49.0,2026-08,2026,8
India,Chhattisgarh,Raipur,"Krishak Nagar, Raipur - CECB",2026-08-23 11:00:00,21.237755,81.705301,NO2,10.0,16.0,12.0,2026-08,2026,8
India,Chhattisgarh,Raipur,"Krishak Nagar, Raipur - CECB",2026-08-23 11:00:00,21.237755,81.705301,CO,12.0,20.0,15.0,2026-08,2026,8
India,Chhattisgarh,Raipur,"Krishak Nagar, Raipur - CECB",2026-08-23 11:00:00,21.237755,81.705301,OZONE,0.0,2.0,1.0,2026-08,2026,8
India,Chhattisgarh,Raipur,"Bhatagaon New ISBT, Raipur - CECB",2026-08-23 11:00:00,21.219665,81.630094,NH3,2.0,2.0,2.0,2026-08,2026,8
India,Chhattisgarh,Raipur,"Siltara Phase-II, Raipur - CECB",2026-08-23 11:00:00,21.371751,81.664929,NO2,12.0,26.0,20.0,2026-08,2026,8
India,Chhattisgarh,Raipur,"Siltara Phase-II, Raipur - CECB",2026-08-23 11:00:00,21.371751,81.664929,NH3,2.0,2.0,2.0,2026-08,2026,8
India,Chhattisgarh,Raipur,"AIIMS, Raipur - CECB",2026-08-23 11:00:00,21.258815,81.578979,PM10,20.0,43.0,31.0,2026-08,2026,8
India,Chhattisgarh,Tumidih,"OP Jindal Industrial Park, Tumidih - CECB",2026-08-23 11:00:00,22.06631475,83.33820077,PM2.5,32.0,88.0,57.0,2026-08,2026,8
India,Chhattisgarh,Tumidih,"OP Jindal Industrial Park, Tumidih - CECB",2026-08-23 11:00:00,22.06631475,83.33820077,NH3,2.0,2.0,2.0,2026-08,2026,8
India,Delhi,Delhi,"ITO, Delhi - CPCB",2026-08-23 11:00:00,28.628624,77.24106,PM2.5,19.0,88.0,51.0,2026-08,2026,8
India,Delhi,Delhi,"ITO, Delhi - CPCB",2026-08-23 11:00:00,28.628624,77.24106,CO,35.0,52.0,42.0,2026-08,2026,8
India,Delhi,Delhi,"Narela, Delhi - DPCC",2026-08-23 11:00:00,28.822836,77.101981,PM10,39.0,174.0,100.0,2026-08,2026,8
India,Delhi,Delhi,"Narela, Delhi - DPCC",2026-08-23 11:00:00,28.822836,77.101981,NO2,22.0,31.0,26.0,2026-08,2026,8
India,Delhi,Delhi,"Cantonment Area, Delhi - DPCC",2026-08-23 11:00:00,28.594169,77.1251,CO,62.0,76.0,70.0,2026-08,2026,8
India,Delhi,Delhi,"Cantonment Area, Delhi - DPCC",2026-08-23 11:00:00,28.594169,77.1251,OZONE,2.0,4.0,3.0,2026-08,2026,8
India,Delhi,Delhi,"Sonia Vihar, Delhi - DPCC",2026-08-23 11:00:00,28.710508,77.249485,PM2.5,15.0,130.0,60.0,2026-08,2026,8
India,Delhi,Delhi,"Sonia Vihar, Delhi - DPCC",2026-08-23 11:00:00,28.710508,77.249485,PM10,23.0,166.0,96.0,2026-08,2026,8
India,Delhi,Delhi,"Bawana, Delhi - DPCC",2026-08-23 11:00:00,28.7762,77.051074,NO2,12.0,26.0,20.0,2026-08,2026,8
India,Delhi,Delhi,"Bawana, Delhi - DPCC",2026-08-23 11:00:00,28.7762,77.051074,CO,12.0,12.0,12.0,2026-08,2026,8
India,Delhi,Delhi,"Okhla Phase-2, Delhi - DPCC",2026-08-23 11:00:00,28.530785,77.271255,NH3,4.0,21.0,10.0,2026-08,2026,8
India,Delhi,Delhi,"Okhla Phase-2, Delhi - DPCC",2026-08-23 11:00:00,28.530785,77.271255,OZONE,5.0,12.0,9.0,2026-08,2026,8
India,Delhi,Delhi,"Rohini, Delhi - DPCC",2026-08-23 11:00:00,28.732528,77.11992,PM2.5,37.0,190.0,87.0,2026-08,2026,8
India,Delhi,Delhi,"Rohini, Delhi - DPCC",2026-08-23 11:00:00,28.732528,77.11992,PM10,60.0,180.0,119.0,2026-08,2026,8
India,Delhi,Delhi,"Vivek Vihar, Delhi - DPCC",2026-08-23 11:00:00,28.672342,77.31526,CO,55.0,63.0,59.0,2026-08,2026,8
India,Delhi,Delhi,"Vivek Vihar, Delhi - DPCC",2026-08-23 11:00:00,28.672342,77.31526,OZONE,11.0,31.0,22.0,2026-08,2026,8
India,Delhi,Delhi,"Jahangirpuri, Delhi - DPCC",2026-08-23 11:00:00,28.73282,77.170633,CO,77.0,93.0,84.0,2026-08,2026,8
India,Delhi,Delhi,"Jahangirpuri, Delhi - DPCC",2026-08-23 11:00:00,28.73282,77.170633,OZONE,6.0,8.0,7.0,2026-08,2026,8
India,Delhi,Delhi,"Burari Crossing, Delhi - IITM",2026-08-23 11:00:00,28.7256504,77.2011573,OZONE,5.0,41.0,23.0,2026-08,2026,8
India,Delhi,Delhi,"IMD Lodhi Road, Delhi - IITM",2026-08-23 11:00:00,28.5918245,77.2273074,PM10,28.0,219.0,99.0,2026-08,2026,8
India,Delhi,Delhi,"IMD Lodhi Road, Delhi - IITM",2026-08-23 11:00:00,28.5918245,77.2273074,SO2,12.0,26.0,20.0,2026-08,2026,8
India,Delhi,Delhi,"JNU, Delhi - DPCC",2026-08-23 11:00:00,28.540721,77.168544,PM2.5,14.0,187.0,69.0,2026-08,2026,8
India,Delhi,Delhi,"JNU, Delhi - DPCC",2026-08-23 11:00:00,28.540721,77.168544,NO2,5.0,47.0,18.0,2026-08,2026,8
India,Delhi,Delhi,"JNU, Delhi - DPCC",2026-08-23 11:00:00,28.540721,77.168544,NH3,0.0,3.0,1.0,2026-08,2026,8
India,Delhi,Delhi,"JNU, Delhi - DPCC",2026-08-23 11:00:00,28.540721,77.168544,SO2,1.0,4.0,3.0,2026-08,2026,8
India,Delhi,Delhi,"JNU, Delhi - DPCC",2026-08-23 11:00:00,28.540721,77.168544,CO,31.0,39.0,35.0,2026-08,2026,8
India,Delhi,Delhi,"North Campus, DU, Delhi - IITM",2026-08-23 11:00:00,28.6573814,77.1585447,SO2,12.0,26.0,20.0,2026-08,2026,8
India,Gujarat,Ahmedabad,"SVPI Airport Hansol, Ahmedabad - IITM",2026-08-23 11:00:00,23.076793,72.627874,PM2.5,11.0,54.0,31.0,2026-08,2026,8
India,Gujarat,Ahmedabad,"SVPI Airport Hansol, Ahmedabad - IITM",2026-08-23 11:00:00,23.076793,72.627874,SO2,6.0,29.0,11.0,2026-08,2026,8
India,Gujarat,Ahmedabad,"Rakhial, Ahmedabad - IITM",2026-08-23 11:00:00,23.016834,72.625775,NO2,11.0,42.0,18.0,2026-08,2026,8
India,Gujarat,Ahmedabad,"Rakhial, Ahmedabad - IITM",2026-08-23 11:00:00,23.016834,72.625775,NH3,12.0,26.0,20.0,2026-08,2026,8
India,Gujarat,Gandhinagar,"IIPHG Lekawada, Gandhinagar - IITM",2026-08-23 11:00:00,23.243639,72.68994,PM2.5,23.0,79.0,49.0,2026-08,2026,8
India,Gujarat,Gandhinagar,"IIPHG Lekawada, Gandhinagar - IITM",2026-08-23 11:00:00,23.243639,72.68994,PM10,104.0,163.0,127.0,2026-08,2026,8
India,Gujarat,Gandhinagar,"IIPHG Lekawada, Gandhinagar - IITM",2026-08-23 11:00:00,23.243639,72.68994,NO2,4.0,24.0,10.0,2026-08,2026,8
India,Gujarat,Gandhinagar,"IIPHG Lekawada, Gandhinagar - IITM",2026-08-23 11:00:00,23.243639,72.68994,NH3,0.0,1.0,1.0,2026-08,2026,8
India,Gujarat,Gandhinagar,"GIFT City, Gandhinagar - IITM",2026-08-23 11:00:00,23.163798,72.677768,NO2,19.0,39.0,23.0,2026-08,2026,8
India,Gujarat,Mehsana,"Sadanand Nagar, Mehsana - Nexteng Enviro",2026-08-23 11:00:00,23.59315,72.372792,PM10,46.0,115.0,75.0,2026-08,2026,8
India,Gujarat,Rajkot,"Mavdi, Rajkot - Nexteng Enviro ",2026-08-23 11:00:00,22.248853,70.776774,PM2.5,17.0,44.0,33.0,2026-08,2026,8
India,Gujarat,Rajkot,"Mavdi, Rajkot - Nexteng Enviro ",2026-08-23 11:00:00,22.248853,70.776774,CO,40.0,42.0,41.0,2026-08,2026,8
India,Gujarat,Rajkot,"Mavdi, Rajkot - Nexteng Enviro ",2026-08-23 11:00:00,22.248853,70.776774,OZONE,7.0,11.0,8.0,2026-08,2026,8
India,Gujarat,Surat,"Science Center, Surat - SMC",2026-08-23 11:00:00,21.170046,72.795405,OZONE,12.0,26.0,20.0,2026-08,2026,8
India,Gujarat,Surat,"Katargam, Surat - Nexteng Enviro",2026-08-23 11:00:00,21.217779,72.834787,NO2,4.0,44.0,20.0,2026-08,2026,8
India,Delhi,Delhi,"IHBAS, Dilshad Garden, Delhi - CPCB",2026-08-23 11:00:00,28.6811736,77.3025234,CO,17.0,26.0,22.0,2026-08,2026,8
India,Delhi,Delhi,"Sri Aurobindo Marg, Delhi - DPCC",2026-08-23 11:00:00,28.531346,77.190156,SO2,53.0,75.0,66.0,2026-08,2026,8
India,Delhi,Delhi,"Nehru Nagar, Delhi - DPCC",2026-08-23 11:00:00,28.56789,77.250515,PM2.5,3.0,203.0,72.0,2026-08,2026,8
India,Delhi,Delhi,"Nehru Nagar, Delhi - DPCC",2026-08-23 11:00:00,28.56789,77.250515,OZONE,4.0,12.0,9.0,2026-08,2026,8
India,Delhi,Delhi,"Patparganj, Delhi - DPCC",2026-08-23 11:00:00,28.623763,77.287209,NH3,7.0,9.0,8.0,2026-08,2026,8
India,Delhi,Delhi,"Patparganj, Delhi - DPCC",2026-08-23 11:00:00,28.623763,77.287209,CO,34.0,46.0,41.0,2026-08,2026,8
India,Delhi,Delhi,"Wazirpur, Delhi - DPCC",2026-08-23 11:00:00,28.699793,77.165453,NO2,27.0,59.0,36.0,2026-08,2026,8
India,Delhi,Delhi,"Wazirpur, Delhi - DPCC",2026-08-23 11:00:00,28.699793,77.165453,CO,46.0,56.0,51.0,2026-08,2026,8
India,Delhi,Delhi,"Wazirpur, Delhi - DPCC",2026-08-23 11:00:00,28.699793,77.165453,OZONE,4.0,8.0,6.0,2026-08,2026,8
India,Delhi,Delhi,"NSUT Jaffarpur, Delhi - DPCC",2026-08-23 11:00:00,28.594004,76.909423,NO2,3.0,54.0,18.0,2026-08,2026,8
India,Delhi,Delhi,"Punjabi Bagh, Delhi - DPCC",2026-08-23 11:00:00,28.674045,77.131023,OZONE,1.0,19.0,6.0,2026-08,2026,8
India,Delhi,Delhi,"Ashok Vihar, Delhi - DPCC",2026-08-23 11:00:00,28.695381,77.181665,NO2,8.0,51.0,21.0,2026-08,2026,8
India,Delhi,Delhi,"Ashok Vihar, Delhi - DPCC",2026-08-23 11:00:00,28.695381,77.181665,NH3,4.0,12.0,8.0,2026-08,2026,8
India,Delhi,Delhi,"Ashok Vihar, Delhi - DPCC",2026-08-23 11:00:00,28.695381,77.181665,CO,68.0,83.0,75.0,2026-08,2026,8
India,Delhi,Delhi,"Anand Vihar, Delhi - DPCC",2026-08-23 11:00:00,28.647622,77.315809,PM2.5,73.0,214.0,124.0,2026-08,2026,8
India,Delhi,Delhi,"Shadipur, Delhi - CPCB",2026-08-23 11:00:00,28.6514781,77.1473105,PM10,33.0,135.0,75.0,2026-08,2026,8
India,Delhi,Delhi,"Pusa, Delhi - DPCC",2026-08-23 11:00:00,28.639652,77.146275,PM10,34.0,137.0,109.0,2026-08,2026,8
India,Delhi,Delhi,"Pusa, Delhi - DPCC",2026-08-23 11:00:00,28.639652,77.146275,NO2,21.0,50.0,36.0,2026-08,2026,8
India,Delhi,Delhi,"Pusa, Delhi - DPCC",2026-08-23 11:00:00,28.639652,77.146275,CO,54.0,101.0,64.0,2026-08,2026,8
India,Delhi,Delhi,"Pusa, Delhi - DPCC",2026-08-23 11:00:00,28.639652,77.146275,OZONE,1.0,2.0,1.0,2026-08,2026,8
India,Gujarat,Ahmedabad,"Chandkheda, Ahmedabad - IITM",2026-08-23 11:00:00,23.107969,72.574648,PM2.5,16.0,85.0,50.0,2026-08,2026,8
India,Gujarat,Ahmedabad,"SAC ISRO Bopal, Ahmedabad - IITM",2026-08-23 11:00:00,23.041137,72.456691,OZONE,12.0,26.0,20.0,2026-08,2026,8
India,Gujarat,Ahmedabad,"SAC ISRO Satellite, Ahmedabad - IITM",2026-08-23 11:00:00,23.023389,72.515201,PM2.5,44.0,99.0,70.0,2026-08,2026,8
India,Gujarat,Ahmedabad,"Raikhad, Ahmedabad - IITM",2026-08-23 11:00:00,23.020509,72.579261,NO2,4.0,21.0,11.0,2026-08,2026,8
India,Gujarat,Bhavnagar,"Vidhyanagar, Bhavnagar - Nexteng Enviro",2026-08-23 11:00:00,21.755417,72.139056,PM2.5,21.0,37.0,28.0,2026-08,2026,8
India,Delhi,Delhi,"IGNOU_Maidan Garhi, Delhi - DPCC",2026-08-23 11:00:00,28.493624,77.201159,PM10,44.0,114.0,80.0,2026-08,2026,8
India,Delhi,Delhi,"IGNOU_Maidan Garhi, Delhi - DPCC",2026-08-23 11:00:00,28.493624,77.201159,NO2,4.0,17.0,8.0,2026-08,2026,8
India,Delhi,Delhi,"IGNOU_Maidan Garhi, Delhi - DPCC",2026-08-23 11:00:00,28.493624,77.201159,NH3,2.0,6.0,3.0,2026-08,2026,8
India,Delhi,Delhi,"CRRI Mathura Road, Delhi - IITM",2026-08-23 11:00:00,28.5512005,77.2735737,NH3,12.0,26.0,20.0,2026-08,2026,8
India,Delhi,Delhi,"CRRI Mathura Road, Delhi - IITM",2026-08-23 11:00:00,28.5512005,77.2735737,OZONE,14.0,16.0,15.0,2026-08,2026,8
India,Haryana,Ballabgarh,"Nathu Colony, Ballabgarh - HSPCB",2026-08-23 11:00:00,28.3419248,77.319699,PM2.5,17.0,244.0,77.0,2026-08,2026,8
India,Haryana,Bhiwani,"H.B. Colony, Bhiwani - HSPCB",2026-08-23 11:00:00,28.806223,76.141105,PM10,122.0,151.0,130.0,2026-08,2026,8
India,Haryana,Bhiwani,"H.B. Colony, Bhiwani - HSPCB",2026-08-23 11:00:00,28.806223,76.141105,NO2,11.0,19.0,15.0,2026-08,2026,8
India,Haryana,Charkhi Dadri,"Mini Secretariat, Charkhi Dadri - HSPCB",2026-08-23 11:00:00,28.593883,76.270653,PM2.5,2.0,209.0,86.0,2026-08,2026,8
India,Haryana,Charkhi Dadri,"Mini Secretariat, Charkhi Dadri - HSPCB",2026-08-23 11:00:00,28.593883,76.270653,PM10,2.0,116.0,64.0,2026-08,2026,8
India,Haryana,Dharuhera,"Municipal Corporation Office, Dharuhera -  HSPCB",2026-08-23 11:00:00,28.2068,76.7997,NO2,8.0,28.0,21.0,2026-08,2026,8
India,Haryana,Dharuhera,"Municipal Corporation Office, Dharuhera -  HSPCB",2026-08-23 11:00:00,28.2068,76.7997,NH3,5.0,17.0,7.0,2026-08,2026,8
India,Haryana,Dharuhera,"Municipal Corporation Office, Dharuhera -  HSPCB",2026-08-23 11:00:00,28.2068,76.7997,OZONE,7.0,52.0,16.0,2026-08,2026,8
India,Haryana,Faridabad,"Sector 11, Faridabad - HSPCB",2026-08-23 11:00:00,28.376058,77.315741,NO2,30.0,33.0,31.0,2026-08,2026,8
India,Haryana,Faridabad,"Sector 30, Faridabad - HSPCB",2026-08-23 11:00:00,28.4417,77.3217,OZONE,18.0,29.0,24.0,2026-08,2026,8
India,Haryana,Fatehabad,"Huda Sector, Fatehabad - HSPCB",2026-08-23 11:00:00,29.503664,75.467934,NH3,13.0,15.0,14.0,2026-08,2026,8
India,Haryana,Gurugram,"Teri Gram, Gurugram - HSPCB",2026-08-23 11:00:00,28.4275,77.1465,PM2.5,13.0,498.0,136.0,2026-08,2026,8
India,Haryana,Gurugram,"NISE Gwal Pahari, Gurugram - IITM",2026-08-23 11:00:00,28.422681,77.148944,NO2,1.0,12.0,5.0,2026-08,2026,8
India,Karnataka,Mysuru,"Hebbal 1st Stage, Mysuru - KSPCB",2026-08-23 11:00:00,12.21041,76.37376,PM2.5,8.0,27.0,18.0,2026-08,2026,8
India,Karnataka,Mysuru,"Hebbal 1st Stage, Mysuru - KSPCB",2026-08-23 11:00:00,12.21041,76.37376,OZONE,12.0,26.0,20.0,2026-08,2026,8
India,Karnataka,Ramanagara,"Vijay Nagar, Ramanagara - KSPCB",2026-08-23 11:00:00,12.733409,77.298051,NO2,12.0,26.0,20.0,2026-08,2026,8
India,Karnataka,Ramanagara,"Vijay Nagar, Ramanagara - KSPCB",2026-08-23 11:00:00,12.733409,77.298051,CO,26.0,38.0,29.0,2026-08,2026,8
India,Karnataka,Shivamogga,"Vinoba Nagara, Shivamogga - KSPCB",2026-08-23 11:00:00,13.94,75.555917,NH3,3.0,4.0,3.0,2026-08,2026,8
India,Karnataka,Shivamogga,"Vinoba Nagara, Shivamogga - KSPCB",2026-08-23 11:00:00,13.94,75.555917,SO2,3.0,7.0,3.0,2026-08,2026,8
India,Karnataka,Shivamogga,"Vinoba Nagara, Shivamogga - KSPCB",2026-08-23 11:00:00,13.94,75.555917,OZONE,22.0,22.0,22.0,2026-08,2026,8
India,Karnataka,Yadgir,"Collector Office, Yadgir - KSPCB",2026-08-23 11:00:00,16.7602,77.1428,PM10,7.0,49.0,27.0,2026-08,2026,8
India,Karnataka,Yadgir,"Collector Office, Yadgir - KSPCB",2026-08-23 11:00:00,16.7602,77.1428,CO,16.0,16.0,16.0,2026-08,2026,8
India,Kerala,Eloor,"Udyogamandal, Eloor - Kerala PCB",2026-08-23 11:00:00,10.073232,76.302765,PM10,61.0,68.0,65.0,2026-08,2026,8
India,Kerala,Eloor,"Udyogamandal, Eloor - Kerala PCB",2026-08-23 11:00:00,10.073232,76.302765,NH3,0.0,0.0,0.0,2026-08,2026,8
India,Kerala,Eloor,"Udyogamandal, Eloor - Kerala PCB",2026-08-23 11:00:00,10.073232,76.302765,SO2,0.0,1.0,0.0,2026-08,2026,8
India,Kerala,Kannur,"Thavakkara, Kannur - Kerala PCB",2026-08-23 11:00:00,11.875,75.3732,NO2,11.0,12.0,12.0,2026-08,2026,8
India,Kerala,Kannur,"Thavakkara, Kannur - Kerala PCB",2026-08-23 11:00:00,11.875,75.3732,CO,13.0,14.0,14.0,2026-08,2026,8
India,Himachal Pradesh,Baddi,"HIMUDA Complex Phase-1, Baddi - HPPCB",2026-08-23 11:00:00,30.943887,76.801991,OZONE,9.0,38.0,24.0,2026-08,2026,8
India,Jammu and Kashmir,Srinagar,"Khunmoh, Srinagar - JKPCC",2026-08-23 11:00:00,34.06313,74.96017,PM2.5,20.0,43.0,32.0,2026-08,2026,8
India,Jammu and Kashmir,Srinagar,"Khunmoh, Srinagar - JKPCC",2026-08-23 11:00:00,34.06313,74.96017,CO,12.0,26.0,20.0,2026-08,2026,8
India,Jharkhand,Dhanbad,"Sardar Patel Nagar, Dhanbad - JSPCB",2026-08-23 11:00:00,23.80569,86.44268,NO2,97.0,125.0,102.0,2026-08,2026,8
India,Jharkhand,Jorapokhar,"Tata Stadium, Jorapokhar - JSPCB",2026-08-23 11:00:00,23.707909,86.41467,OZONE,5.0,8.0,6.0,2026-08,2026,8
India,Karnataka,Belgaum,"Ramteerth Nagar, Belgaum - KSPCB",2026-08-23 11:00:00,15.888653,74.541751,PM10,12.0,26.0,20.0,2026-08,2026,8
India,Karnataka,Belgaum,"Ramteerth Nagar, Belgaum - KSPCB",2026-08-23 11:00:00,15.888653,74.541751,OZONE,19.0,19.0,19.0,2026-08,2026,8
India,Karnataka,Bengaluru,"Jigani, Bengaluru - KSPCB",2026-08-23 11:00:00,12.7816279,77.6299145,PM2.5,33.0,103.0,40.0,2026-08,2026,8
India,Karnataka,Bengaluru,"Jigani, Bengaluru - KSPCB",2026-08-23 11:00:00,12.7816279,77.6299145,CO,35.0,36.0,36.0,2026-08,2026,8
India,Karnataka,Bengaluru,"City Railway Station, Bengaluru - KSPCB",2026-08-23 11:00:00,12.9756843,77.5660749,NO2,28.0,34.0,30.0,2026-08,2026,8
India,Karnataka,Bengaluru,"City Railway Station, Bengaluru - KSPCB",2026-08-23 11:00:00,12.9756843,77.5660749,NH3,12.0,26.0,20.0,2026-08,2026,8
India,Karnataka,Bengaluru,"Hombegowda Nagar, Bengaluru - KSPCB",2026-08-23 11:00:00,12.938539,77.5901,NH3,1.0,1.0,1.0,2026-08,2026,8
India,Karnataka,Bengaluru,"Hombegowda Nagar, Bengaluru - KSPCB",2026-08-23 11:00:00,12.938539,77.5901,SO2,3.0,10.0,7.0,2026-08,2026,8
India,Karnataka,Bengaluru,"Hombegowda Nagar, Bengaluru - KSPCB",2026-08-23 11:00:00,12.938539,77.5901,CO,7.0,10.0,9.0,2026-08,2026,8
India,Karnataka,Bengaluru,"Peenya, Bengaluru - CPCB",2026-08-23 11:00:00,13.0270199,77.494094,PM2.5,10.0,10.0,10.0,2026-08,2026,8
India,Karnataka,Bengaluru,"Peenya, Bengaluru - CPCB",2026-08-23 11:00:00,13.0270199,77.494094,PM10,12.0,26.0,20.0,2026-08,2026,8
India,Karnataka,Bengaluru,"Peenya, Bengaluru - CPCB",2026-08-23 11:00:00,13.0270199,77.494094,NH3,2.0,5.0,4.0,2026-08,2026,8
India,Karnataka,Bengaluru,"Peenya, Bengaluru - CPCB",2026-08-23 11:00:00,13.0270199,77.494094,OZONE,12.0,26.0,20.0,2026-08,2026,8
India,Karnataka,Bengaluru,"Shivapura_Peenya, Bengaluru - KSPCB",2026-08-23 11:00:00,13.0246342,77.5080115,NH3,4.0,4.0,4.0,2026-08,2026,8
India,Karnataka,Bengaluru,"Hebbal, Bengaluru - KSPCB",2026-08-23 11:00:00,13.029152,77.585901,SO2,12.0,26.0,20.0,2026-08,2026,8
India,Karnataka,Bengaluru,"Silk Board, Bengaluru - KSPCB",2026-08-23 11:00:00,12.917348,77.622813,CO,28.0,35.0,32.0,2026-08,2026,8
India,Karnataka,Bengaluru,"Bapuji Nagar, Bengaluru - KSPCB",2026-08-23 11:00:00,12.951913,77.539784,PM2.5,13.0,43.0,22.0,2026-08,2026,8
India,Karnataka,Bengaluru,"Bapuji Nagar, Bengaluru - KSPCB",2026-08-23 11:00:00,12.951913,77.539784,NO2,20.0,26.0,22.0,2026-08,2026,8
India,Karnataka,Bengaluru,"Bapuji Nagar, Bengaluru - KSPCB",2026-08-23 11:00:00,12.951913,77.539784,SO2,12.0,39.0,27.0,2026-08,2026,8
India,Karnataka,Bengaluru,"Bapuji Nagar, Bengaluru - KSPCB",2026-08-23 11:00:00,12.951913,77.539784,CO,27.0,45.0,35.0,2026-08,2026,8
India,Haryana,Panchkula,"Sector-6, Panchkula - HSPCB ",2026-08-23 11:00:00,30.7057778,76.8531805555555,SO2,10.0,14.0,11.0,2026-08,2026,8
India,Haryana,Panchkula,"Sector-6, Panchkula - HSPCB ",2026-08-23 11:00:00,30.7057778,76.8531805555555,CO,19.0,20.0,20.0,2026-08,2026,8
India,Haryana,Panipat,"Sector-18, Panipat - HSPCB",2026-08-23 11:00:00,29.432304,76.972765,NO2,5.0,9.0,7.0,2026-08,2026,8
India,Haryana,Panipat,"Sector-18, Panipat - HSPCB",2026-08-23 11:00:00,29.432304,76.972765,OZONE,48.0,49.0,49.0,2026-08,2026,8
India,Haryana,Rohtak,"MD University, Rohtak - HSPCB",2026-08-23 11:00:00,28.52123,76.37138,PM2.5,36.0,179.0,57.0,2026-08,2026,8
India,Haryana,Rohtak,"MD University, Rohtak - HSPCB",2026-08-23 11:00:00,28.52123,76.37138,CO,32.0,41.0,36.0,2026-08,2026,8
India,Haryana,Sonipat,"Murthal, Sonipat - HSPCB",2026-08-23 11:00:00,29.0272,77.0621,PM10,29.0,83.0,50.0,2026-08,2026,8
India,Haryana,Sonipat,"Murthal, Sonipat - HSPCB",2026-08-23 11:00:00,29.0272,77.0621,NH3,8.0,9.0,9.0,2026-08,2026,8
India,Haryana,Yamuna Nagar,"Gobind Pura, Yamuna Nagar - HSPCB",2026-08-23 11:00:00,30.1480566,77.2893471,PM10,45.0,115.0,70.0,2026-08,2026,8
India,Haryana,Yamuna Nagar,"Gobind Pura, Yamuna Nagar - HSPCB",2026-08-23 11:00:00,30.1480566,77.2893471,NH3,1.0,6.0,4.0,2026-08,2026,8
India,Karnataka,Chamarajanagar,"Urban, Chamarajanagar - KSPCB",2026-08-23 11:00:00,11.55358,76.55521,OZONE,25.0,27.0,26.0,2026-08,2026,8
India,Karnataka,Hubballi,"Lingaraj Nagar, Hubballi - KSPCB",2026-08-23 11:00:00,15.3714823,75.1160168,PM10,51.0,56.0,55.0,2026-08,2026,8
India,Karnataka,Hubballi,"Lingaraj Nagar, Hubballi - KSPCB",2026-08-23 11:00:00,15.3714823,75.1160168,NH3,1.0,2.0,2.0,2026-08,2026,8
India,Karnataka,Hubballi,"Lingaraj Nagar, Hubballi - KSPCB",2026-08-23 11:00:00,15.3714823,75.1160168,CO,10.0,13.0,11.0,2026-08,2026,8
India,Karnataka,Kalaburagi,"Mahatma Basaveswar Colony, Kalaburgi - KSPCB",2026-08-23 11:00:00,17.336318,76.847397,NH3,2.0,3.0,2.0,2026-08,2026,8
India,Karnataka,Karwar,"KHB Colony, Karwar - KSPCB",2026-08-23 11:00:00,14.816666,74.141003,PM2.5,0.0,26.0,14.0,2026-08,2026,8
India,Karnataka,Karwar,"KHB Colony, Karwar - KSPCB",2026-08-23 11:00:00,14.816666,74.141003,SO2,12.0,26.0,20.0,2026-08,2026,8
India,Karnataka,Karwar,"KHB Colony, Karwar - KSPCB",2026-08-23 11:00:00,14.816666,74.141003,OZONE,12.0,26.0,20.0,2026-08,2026,8
India,Karnataka,Madikeri,"Stuart Hill, Madikeri - KSPCB",2026-08-23 11:00:00,12.415911,75.73505,SO2,6.0,8.0,7.0,2026-08,2026,8
India,Karnataka,Madikeri,"Stuart Hill, Madikeri - KSPCB",2026-08-23 11:00:00,12.415911,75.73505,OZONE,2.0,5.0,2.0,2026-08,2026,8
India,Haryana,Gurugram,"Sector-51, Gurugram - HSPCB",2026-08-23 11:00:00,28.4227,77.0667,NH3,9.0,22.0,13.0,2026-08,2026,8
India,Haryana,Gurugram,"Sector-51, Gurugram - HSPCB",2026-08-23 11:00:00,28.4227,77.0667,SO2,6.0,10.0,8.0,2026-08,2026,8
India,Haryana,Hisar,"Urban Estate-II, Hisar - HSPCB",2026-08-23 11:00:00,29.14056,75.744941,OZONE,69.0,70.0,70.0,2026-08,2026,8
India,Haryana,Jind,"Police Lines, Jind - HSPCB",2026-08-23 11:00:00,29.307814,76.337619,PM2.5,86.0,108.0,96.0,2026-08,2026,8
India,Haryana,Jind,"Police Lines, Jind - HSPCB",2026-08-23 11:00:00,29.307814,76.337619,NO2,12.0,14.0,13.0,2026-08,2026,8
India,Haryana,Kaithal,"Rishi Nagar, Kaithal - HSPCB",2026-08-23 11:00:00,29.8006,76.4155,PM10,19.0,132.0,83.0,2026-08,2026,8
India,Haryana,Kaithal,"Rishi Nagar, Kaithal - HSPCB",2026-08-23 11:00:00,29.8006,76.4155,OZONE,11.0,36.0,20.0,2026-08,2026,8
India,Haryana,Karnal,"Sector-12, Karnal - HSPCB",2026-08-23 11:00:00,29.6953,77.0027,PM10,15.0,65.0,32.0,2026-08,2026,8
India,Haryana,Karnal,"Sector-12, Karnal - HSPCB",2026-08-23 11:00:00,29.6953,77.0027,NH3,6.0,12.0,8.0,2026-08,2026,8
India,Haryana,Mandikhera,"General Hospital, Mandikhera(Nuh) - HSPCB",2026-08-23 11:00:00,27.9002,76.9938,PM10,38.0,41.0,39.0,2026-08,2026,8
India,Haryana,Manesar,"Sector-2 IMT, Manesar - HSPCB",2026-08-23 11:00:00,28.360699,76.93609,PM10,68.0,163.0,101.0,2026-08,2026,8
India,Haryana,Manesar,"Sector-2 IMT, Manesar - HSPCB",2026-08-23 11:00:00,28.360699,76.93609,NH3,10.0,23.0,18.0,2026-08,2026,8
India,Haryana,Palwal,"Shyam Nagar, Palwal - HSPCB",2026-08-23 11:00:00,28.1485564,77.3320667,PM10,69.0,124.0,102.0,2026-08,2026,8
India,Haryana,Palwal,"Shyam Nagar, Palwal - HSPCB",2026-08-23 11:00:00,28.1485564,77.3320667,NO2,23.0,24.0,24.0,2026-08,2026,8
India,Haryana,Panchgaon,"Amity University, Panchgaon - IITM",2026-08-23 11:00:00,28.3153,76.9143,NH3,2.0,4.0,3.0,2026-08,2026,8
India,Gujarat,Vapi,"Phase-1 GIDC, Vapi - GPCB",2026-08-23 11:00:00,20.362421,72.918013,NH3,4.0,5.0,5.0,2026-08,2026,8
India,Haryana,Ambala,"Patti Mehar, Ambala - HSPCB",2026-08-23 11:00:00,30.379589,76.778328,NO2,6.0,8.0,7.0,2026-08,2026,8
India,Haryana,Ambala,"Patti Mehar, Ambala - HSPCB",2026-08-23 11:00:00,30.379589,76.778328,CO,17.0,40.0,29.0,2026-08,2026,8
India,Haryana,Bahadurgarh,"Arya Nagar, Bahadurgarh - HSPCB",2026-08-23 11:00:00,28.6701,76.9254,SO2,7.0,9.0,8.0,2026-08,2026,8
India,Haryana,Bahadurgarh,"Arya Nagar, Bahadurgarh - HSPCB",2026-08-23 11:00:00,28.6701,76.9254,OZONE,31.0,44.0,40.0,2026-08,2026,8
India,Madhya Pradesh,Jabalpur,"Suhagi, Jabalpur - JMC",2026-08-23 11:00:00,23.218135,79.95777,SO2,7.0,106.0,32.0,2026-08,2026,8
India,Madhya Pradesh,Katni,"Gole Bazar, Katni - MPPCB",2026-08-23 11:00:00,23.50016,80.23284,SO2,9.0,40.0,25.0,2026-08,2026,8
India,Madhya Pradesh,Maihar,"Sahilara, Maihar - KJS Cements",2026-08-23 11:00:00,24.2613009,80.7231783,PM10,1.0,27.0,13.0,2026-08,2026,8
India,Madhya Pradesh,Maihar,"Sahilara, Maihar - KJS Cements",2026-08-23 11:00:00,24.2613009,80.7231783,SO2,11.0,12.0,12.0,2026-08,2026,8
India,Madhya Pradesh,Maihar,"Sahilara, Maihar - KJS Cements",2026-08-23 11:00:00,24.2613009,80.7231783,OZONE,12.0,26.0,20.0,2026-08,2026,8
India,Madhya Pradesh,Mandideep,"Sector-D Industrial Area, Mandideep - MPPCB",2026-08-23 11:00:00,23.10844,77.511428,NO2,31.0,44.0,38.0,2026-08,2026,8
India,Madhya Pradesh,Pithampur,"Sector-2 Industrial Area, Pithampur - MPPCB",2026-08-23 11:00:00,22.624758,75.675238,PM2.5,12.0,26.0,20.0,2026-08,2026,8
India,Madhya Pradesh,Ratlam,"Shasthri Nagar, Ratlam - IPCA Lab",2026-08-23 11:00:00,23.331731,75.045981,PM2.5,11.0,65.0,38.0,2026-08,2026,8
India,Madhya Pradesh,Sagar,"Civil Lines, Sagar - MPPCB",2026-08-23 11:00:00,23.838586,78.759431,PM10,11.0,78.0,38.0,2026-08,2026,8
India,Madhya Pradesh,Satna,"Bandhavgar Colony, Satna - Birla Cement",2026-08-23 11:00:00,24.58434363,80.8549414,PM2.5,49.0,52.0,50.0,2026-08,2026,8
India,Madhya Pradesh,Satna,"Bandhavgar Colony, Satna - Birla Cement",2026-08-23 11:00:00,24.58434363,80.8549414,PM10,69.0,71.0,70.0,2026-08,2026,8
India,Madhya Pradesh,Satna,"Bandhavgar Colony, Satna - Birla Cement",2026-08-23 11:00:00,24.58434363,80.8549414,SO2,12.0,26.0,20.0,2026-08,2026,8
India,Madhya Pradesh,Ujjain,"Mahashweta Nagar, Ujjain - MPPCB",2026-08-23 11:00:00,23.1633321,75.800225,NH3,4.0,14.0,10.0,2026-08,2026,8
India,Madhya Pradesh,Ujjain,"Mahashweta Nagar, Ujjain - MPPCB",2026-08-23 11:00:00,23.1633321,75.800225,OZONE,30.0,47.0,37.0,2026-08,2026,8
India,Maharashtra,Akola,"Ramdaspeth, Akola - MPCB",2026-08-23 11:00:00,20.719516,77.000253,NO2,10.0,21.0,13.0,2026-08,2026,8
India,Maharashtra,Mumbai,"Kandivali West, Mumbai - BMC",2026-08-23 11:00:00,19.215859,72.831718,SO2,3.0,6.0,5.0,2026-08,2026,8
India,Maharashtra,Mumbai,"Kandivali West, Mumbai - BMC",2026-08-23 11:00:00,19.215859,72.831718,CO,5.0,12.0,7.0,2026-08,2026,8
India,Maharashtra,Mumbai,"Sewri, Mumbai - BMC",2026-08-23 11:00:00,19.000084,72.85673,PM2.5,20.0,27.0,23.0,2026-08,2026,8
India,Maharashtra,Mumbai,"Sewri, Mumbai - BMC",2026-08-23 11:00:00,19.000084,72.85673,PM10,32.0,63.0,42.0,2026-08,2026,8
India,Maharashtra,Mumbai,"Khindipada-Bhandup West, Mumbai - IITM",2026-08-23 11:00:00,19.1653323,72.922099,PM10,28.0,56.0,45.0,2026-08,2026,8
India,Maharashtra,Mumbai,"Malad West, Mumbai - IITM",2026-08-23 11:00:00,19.19709,72.82204,CO,24.0,35.0,29.0,2026-08,2026,8
India,Maharashtra,Mumbai,"Borivali East, Mumbai - IITM",2026-08-23 11:00:00,19.23241,72.86895,PM2.5,24.0,47.0,35.0,2026-08,2026,8
India,Maharashtra,Mumbai,"Borivali East, Mumbai - IITM",2026-08-23 11:00:00,19.23241,72.86895,NO2,8.0,22.0,12.0,2026-08,2026,8
India,Maharashtra,Mumbai,"Mazgaon, Mumbai - IITM",2026-08-23 11:00:00,18.96702,72.84214,PM10,32.0,59.0,48.0,2026-08,2026,8
India,Maharashtra,Mumbai,"Mazgaon, Mumbai - IITM",2026-08-23 11:00:00,18.96702,72.84214,NH3,2.0,3.0,2.0,2026-08,2026,8
India,Maharashtra,Mumbai,"Chakala-Andheri East, Mumbai - IITM",2026-08-23 11:00:00,19.11074,72.86084,NH3,1.0,2.0,1.0,2026-08,2026,8
India,Maharashtra,Mumbai,"Chakala-Andheri East, Mumbai - IITM",2026-08-23 11:00:00,19.11074,72.86084,CO,9.0,19.0,14.0,2026-08,2026,8
India,Maharashtra,Mumbai,"Chakala-Andheri East, Mumbai - IITM",2026-08-23 11:00:00,19.11074,72.86084,OZONE,7.0,10.0,9.0,2026-08,2026,8
India,Maharashtra,Mumbai,"Bandra Kurla Complex, Mumbai - IITM",2026-08-23 11:00:00,19.053536,72.84643,SO2,12.0,26.0,20.0,2026-08,2026,8
India,Maharashtra,Mumbai,"Kurla, Mumbai - MPCB",2026-08-23 11:00:00,19.0863,72.8888,OZONE,28.0,29.0,28.0,2026-08,2026,8
India,Maharashtra,Mumbai,"Ghatkopar, Mumbai - BMC",2026-08-23 11:00:00,19.083694,72.920967,PM2.5,16.0,59.0,31.0,2026-08,2026,8
India,Maharashtra,Mumbai,"Ghatkopar, Mumbai - BMC",2026-08-23 11:00:00,19.083694,72.920967,SO2,2.0,9.0,5.0,2026-08,2026,8
India,Maharashtra,Mumbai,"Deonar, Mumbai - IITM",2026-08-23 11:00:00,19.04946,72.923,NH3,6.0,6.0,6.0,2026-08,2026,8
India,Maharashtra,Jalna,"Old MIDC, Jalna - MPCB",2026-08-23 11:00:00,19.854616,75.905894,CO,19.0,30.0,25.0,2026-08,2026,8
India,Maharashtra,Jalna,"Old MIDC, Jalna - MPCB",2026-08-23 11:00:00,19.854616,75.905894,OZONE,20.0,43.0,30.0,2026-08,2026,8
India,Maharashtra,Kalyan,"Khadakpada, Kalyan - MPCB",2026-08-23 11:00:00,19.25292,73.142019,NH3,1.0,1.0,1.0,2026-08,2026,8
India,Maharashtra,Kalyan,"Khadakpada, Kalyan - MPCB",2026-08-23 11:00:00,19.25292,73.142019,OZONE,8.0,8.0,8.0,2026-08,2026,8
India,Maharashtra,Kalyan,"Pimpleshwar Mandir, Kalyan - MPCB",2026-08-23 11:00:00,19.192056,72.9585188,PM2.5,13.0,67.0,40.0,2026-08,2026,8
India,Maharashtra,Kalyan,"Pimpleshwar Mandir, Kalyan - MPCB",2026-08-23 11:00:00,19.192056,72.9585188,SO2,11.0,21.0,14.0,2026-08,2026,8
India,Maharashtra,Kolhapur,"Sinchan Bhavan, Kolhapur - MPCB",2026-08-23 11:00:00,16.7143745,74.2426398,PM2.5,9.0,23.0,14.0,2026-08,2026,8
India,Maharashtra,Kolhapur,"Sinchan Bhavan, Kolhapur - MPCB",2026-08-23 11:00:00,16.7143745,74.2426398,SO2,0.0,2.0,1.0,2026-08,2026,8
India,Maharashtra,Latur,"Sawe Wadi, Latur - MPCB",2026-08-23 11:00:00,18.39963,76.57452,NH3,1.0,6.0,3.0,2026-08,2026,8
India,Maharashtra,Latur,"Sawe Wadi, Latur - MPCB",2026-08-23 11:00:00,18.39963,76.57452,SO2,4.0,6.0,5.0,2026-08,2026,8
India,Maharashtra,Mahad,"Kamble Tarf Birwadi, Mahad - MPCB",2026-08-23 11:00:00,18.1023399,73.4783687,NO2,4.0,21.0,11.0,2026-08,2026,8
India,Maharashtra,Malegaon,"Mahesh Nagar, Malegaon - MPCB",2026-08-23 11:00:00,20.555712,74.529236,PM2.5,38.0,62.0,47.0,2026-08,2026,8
India,Maharashtra,Malegaon,"Mahesh Nagar, Malegaon - MPCB",2026-08-23 11:00:00,20.555712,74.529236,NO2,16.0,19.0,17.0,2026-08,2026,8
India,Maharashtra,Malegaon,"Mahesh Nagar, Malegaon - MPCB",2026-08-23 11:00:00,20.555712,74.529236,OZONE,20.0,22.0,21.0,2026-08,2026,8
India,Maharashtra,Mira-Bhayandar,"Bhayandar West, Mira-Bhayandar - MPCB",2026-08-23 11:00:00,19.296481,72.840923,CO,11.0,13.0,12.0,2026-08,2026,8
India,Maharashtra,Mumbai,"Sion, Mumbai - MPCB",2026-08-23 11:00:00,19.047,72.8746,PM2.5,7.0,13.0,10.0,2026-08,2026,8
India,Maharashtra,Mumbai,"Sion, Mumbai - MPCB",2026-08-23 11:00:00,19.047,72.8746,PM10,10.0,18.0,13.0,2026-08,2026,8
India,Madhya Pradesh,Gwalior,"City Center, Gwalior - MPPCB",2026-08-23 11:00:00,26.203442,78.193251,PM10,28.0,52.0,40.0,2026-08,2026,8
India,Madhya Pradesh,Gwalior,"Deen Dayal Nagar, Gwalior - MPPCB",2026-08-23 11:00:00,26.259242,78.216432,SO2,10.0,15.0,11.0,2026-08,2026,8
India,Madhya Pradesh,Gwalior,"Deen Dayal Nagar, Gwalior - MPPCB",2026-08-23 11:00:00,26.259242,78.216432,OZONE,6.0,46.0,34.0,2026-08,2026,8
India,Madhya Pradesh,Indore,"Chhoti Gwaltoli, Indore - MPPCB",2026-08-23 11:00:00,22.431,75.5213,NH3,0.0,7.0,6.0,2026-08,2026,8
India,Madhya Pradesh,Indore,"Airport Area, Indore - IMC",2026-08-23 11:00:00,22.7289,75.8076,PM10,12.0,26.0,20.0,2026-08,2026,8
India,Madhya Pradesh,Indore,"Airport Area, Indore - IMC",2026-08-23 11:00:00,22.7289,75.8076,NO2,12.0,26.0,20.0,2026-08,2026,8
India,Madhya Pradesh,Indore,"Airport Area, Indore - IMC",2026-08-23 11:00:00,22.7289,75.8076,OZONE,4.0,4.0,4.0,2026-08,2026,8
India,Madhya Pradesh,Indore,"Maguda Nagar, Indore - IMC",2026-08-23 11:00:00,22.7524,75.8872,SO2,11.0,15.0,14.0,2026-08,2026,8
India,Madhya Pradesh,Indore,"Maguda Nagar, Indore - IMC",2026-08-23 11:00:00,22.7524,75.8872,CO,32.0,35.0,33.0,2026-08,2026,8
India,Madhya Pradesh,Indore,"Maguda Nagar, Indore - IMC",2026-08-23 11:00:00,22.7524,75.8872,OZONE,10.0,11.0,10.0,2026-08,2026,8
India,Madhya Pradesh,Indore,"Residency Area, Indore - IMC",2026-08-23 11:00:00,22.7084,75.8815,PM10,28.0,75.0,47.0,2026-08,2026,8
India,Madhya Pradesh,Indore,"Residency Area, Indore - IMC",2026-08-23 11:00:00,22.7084,75.8815,OZONE,5.0,6.0,6.0,2026-08,2026,8
India,Madhya Pradesh,Jabalpur,"Marhatal, Jabalpur - MPPCB",2026-08-23 11:00:00,23.168606,79.932247,PM2.5,10.0,152.0,53.0,2026-08,2026,8
India,Madhya Pradesh,Jabalpur,"Marhatal, Jabalpur - MPPCB",2026-08-23 11:00:00,23.168606,79.932247,PM10,54.0,79.0,66.0,2026-08,2026,8
India,Madhya Pradesh,Jabalpur,"Marhatal, Jabalpur - MPPCB",2026-08-23 11:00:00,23.168606,79.932247,NO2,40.0,46.0,43.0,2026-08,2026,8
India,Madhya Pradesh,Jabalpur,"Gupteshwar, Jabalpur - JMC",2026-08-23 11:00:00,23.142888,79.916147,OZONE,12.0,14.0,13.0,2026-08,2026,8
India,Maharashtra,Mumbai,"Sion, Mumbai - MPCB",2026-08-23 11:00:00,19.047,72.8746,NH3,1.0,1.0,1.0,2026-08,2026,8
India,Maharashtra,Mumbai,"Siddharth Nagar-Worli, Mumbai - IITM",2026-08-23 11:00:00,19.000083,72.813993,SO2,12.0,26.0,20.0,2026-08,2026,8
India,Maharashtra,Mumbai,"Siddharth Nagar-Worli, Mumbai - IITM",2026-08-23 11:00:00,19.000083,72.813993,CO,2.0,2.0,2.0,2026-08,2026,8
India,Maharashtra,Mumbai,"Bandra Kurla Complex, Mumbai - MPCB",2026-08-23 11:00:00,19.065931,72.862131,CO,20.0,23.0,21.0,2026-08,2026,8
India,Maharashtra,Mumbai,"Bandra Kurla Complex, Mumbai - MPCB",2026-08-23 11:00:00,19.065931,72.862131,OZONE,6.0,10.0,8.0,2026-08,2026,8
India,Maharashtra,Mumbai,"Kherwadi_Bandra East, Mumbai - MPCB",2026-08-23 11:00:00,19.0632143,72.8456324,PM2.5,14.0,25.0,18.0,2026-08,2026,8
India,Maharashtra,Mumbai,"Kherwadi_Bandra East, Mumbai - MPCB",2026-08-23 11:00:00,19.0632143,72.8456324,PM10,53.0,70.0,60.0,2026-08,2026,8
India,Maharashtra,Mumbai,"Byculla, Mumbai - BMC",2026-08-23 11:00:00,18.9767,72.838,SO2,4.0,8.0,7.0,2026-08,2026,8
India,Maharashtra,Mumbai,"Worli, Mumbai - MPCB",2026-08-23 11:00:00,18.9936162,72.8128113,PM2.5,3.0,66.0,24.0,2026-08,2026,8
India,Maharashtra,Mumbai,"Worli, Mumbai - MPCB",2026-08-23 11:00:00,18.9936162,72.8128113,NH3,1.0,1.0,1.0,2026-08,2026,8
India,Maharashtra,Mumbai,"Navy Nagar-Colaba, Mumbai - IITM",2026-08-23 11:00:00,18.897756,72.81332,SO2,3.0,14.0,10.0,2026-08,2026,8
India,Maharashtra,Mumbai,"Mulund West, Mumbai - MPCB",2026-08-23 11:00:00,19.175,72.9419,CO,12.0,26.0,20.0,2026-08,2026,8
India,Maharashtra,Mumbai,"Mulund West, Mumbai - MPCB",2026-08-23 11:00:00,19.175,72.9419,OZONE,12.0,26.0,20.0,2026-08,2026,8
India,Maharashtra,Mumbai,"Chembur, Mumbai - MPCB",2026-08-23 11:00:00,19.0364585,72.8954371,SO2,1.0,4.0,2.0,2026-08,2026,8
India,Maharashtra,Mumbai,"Chhatrapati Shivaji Intl. Airport (T2), Mumbai - MPCB",2026-08-23 11:00:00,19.10078,72.87462,SO2,7.0,8.0,7.0,2026-08,2026,8
India,Maharashtra,Mumbai,"Chhatrapati Shivaji Intl. Airport (T2), Mumbai - MPCB",2026-08-23 11:00:00,19.10078,72.87462,OZONE,12.0,26.0,20.0,2026-08,2026,8
India,Maharashtra,Nagpur,"Mahal, Nagpur - MPCB",2026-08-23 11:00:00,21.14472,79.107595,PM10,41.0,69.0,55.0,2026-08,2026,8
India,Maharashtra,Nagpur,"Mahal, Nagpur - MPCB",2026-08-23 11:00:00,21.14472,79.107595,NO2,4.0,20.0,9.0,2026-08,2026,8
India,Maharashtra,Nagpur,"Ram Nagar, Nagpur - MPCB",2026-08-23 11:00:00,21.143383,79.048912,PM10,31.0,54.0,42.0,2026-08,2026,8
India,Maharashtra,Nagpur,"Ram Nagar, Nagpur - MPCB",2026-08-23 11:00:00,21.143383,79.048912,NH3,1.0,1.0,1.0,2026-08,2026,8
India,Maharashtra,Nagpur,"Opp GPO Civil Lines, Nagpur - MPCB",2026-08-23 11:00:00,21.152875,79.0517531,PM10,15.0,46.0,31.0,2026-08,2026,8
India,Maharashtra,Nagpur,"Ambazari, Nagpur - MPCB",2026-08-23 11:00:00,21.121801,79.04952,SO2,10.0,10.0,10.0,2026-08,2026,8
India,Maharashtra,Nanded,"Sneh Nagar, Nanded - MPCB",2026-08-23 11:00:00,19.173852,77.296291,PM2.5,17.0,45.0,30.0,2026-08,2026,8
India,Maharashtra,Nashik,"Gangapur Road, Nashik - MPCB",2026-08-23 11:00:00,20.0073285,73.7762427,CO,26.0,27.0,27.0,2026-08,2026,8
India,Maharashtra,Nashik,"Pandav Nagari, Nashik - MPCB",2026-08-23 11:00:00,19.9591346,73.7788008,PM10,7.0,26.0,15.0,2026-08,2026,8
India,Maharashtra,Nashik,"Hirawadi, Nashik - MPCB",2026-08-23 11:00:00,20.021503,73.813844,NO2,7.0,8.0,7.0,2026-08,2026,8
India,Maharashtra,Bhiwandi,"Gokul Nagar, Bhiwandi - MPCB",2026-08-23 11:00:00,19.309073,73.057223,NH3,3.0,14.0,8.0,2026-08,2026,8
India,Maharashtra,Bhiwandi,"Gokul Nagar, Bhiwandi - MPCB",2026-08-23 11:00:00,19.309073,73.057223,CO,19.0,32.0,24.0,2026-08,2026,8
India,Maharashtra,Bhiwandi,"Gokul Nagar, Bhiwandi - MPCB",2026-08-23 11:00:00,19.309073,73.057223,OZONE,25.0,30.0,27.0,2026-08,2026,8
India,Maharashtra,Boisar,"Khaira, Boisar - MPCB",2026-08-23 11:00:00,19.786089,72.757971,PM2.5,27.0,42.0,33.0,2026-08,2026,8
India,Maharashtra,Boisar,"Khaira, Boisar - MPCB",2026-08-23 11:00:00,19.786089,72.757971,NH3,5.0,5.0,5.0,2026-08,2026,8
India,Maharashtra,Boisar,"Khaira, Boisar - MPCB",2026-08-23 11:00:00,19.786089,72.757971,CO,11.0,32.0,22.0,2026-08,2026,8
India,Maharashtra,Boisar,"Khaira, Boisar - MPCB",2026-08-23 11:00:00,19.786089,72.757971,OZONE,30.0,31.0,31.0,2026-08,2026,8
India,Maharashtra,Dombivli,"Kalu Nagar, Dombivli - MPCB",2026-08-23 11:00:00,19.2268427,73.0788456,PM10,5.0,20.0,13.0,2026-08,2026,8
India,Maharashtra,Dombivli,"Kalu Nagar, Dombivli - MPCB",2026-08-23 11:00:00,19.2268427,73.0788456,SO2,26.0,56.0,28.0,2026-08,2026,8
India,Maharashtra,Dombivli,"Kalu Nagar, Dombivli - MPCB",2026-08-23 11:00:00,19.2268427,73.0788456,CO,12.0,37.0,16.0,2026-08,2026,8
India,Maharashtra,Hingoli,"Ashta Vinayak Nagar, Hingoli - MPCB",2026-08-23 11:00:00,19.710842,77.151824,CO,8.0,14.0,11.0,2026-08,2026,8
India,Maharashtra,Jalgaon,"Prabhat Colony, Jalgaon - MPCB",2026-08-23 11:00:00,21.001264,75.565602,NO2,2.0,8.0,4.0,2026-08,2026,8
India,Maharashtra,Jalgaon,"Prabhat Colony, Jalgaon - MPCB",2026-08-23 11:00:00,21.001264,75.565602,SO2,0.0,4.0,2.0,2026-08,2026,8
India,Maharashtra,Jalgaon,"Prabhat Colony, Jalgaon - MPCB",2026-08-23 11:00:00,21.001264,75.565602,CO,6.0,18.0,13.0,2026-08,2026,8
India,Maharashtra,Ambernath,"Chinchpada, Ambernath - MPCB",2026-08-23 11:00:00,19.215784,73.199781,PM10,30.0,141.0,67.0,2026-08,2026,8
India,Maharashtra,Ambernath,"Chinchpada, Ambernath - MPCB",2026-08-23 11:00:00,19.215784,73.199781,NH3,2.0,6.0,3.0,2026-08,2026,8
India,Maharashtra,Amravati,"Shri Shivaji Science College, Amravati - MPCB",2026-08-23 11:00:00,20.939198,77.765701,NO2,3.0,13.0,5.0,2026-08,2026,8
India,Maharashtra,Amravati,"Shri Shivaji Science College, Amravati - MPCB",2026-08-23 11:00:00,20.939198,77.765701,NH3,2.0,3.0,2.0,2026-08,2026,8
India,Maharashtra,Aurangabad,"Rachnakar Colony, Aurangabad - MPCB",2026-08-23 11:00:00,19.863756,75.321188,PM10,24.0,57.0,38.0,2026-08,2026,8
India,Maharashtra,Aurangabad,"Rachnakar Colony, Aurangabad - MPCB",2026-08-23 11:00:00,19.863756,75.321188,NO2,8.0,28.0,14.0,2026-08,2026,8
India,Maharashtra,Aurangabad,"Rachnakar Colony, Aurangabad - MPCB",2026-08-23 11:00:00,19.863756,75.321188,SO2,4.0,5.0,5.0,2026-08,2026,8
India,Maharashtra,Aurangabad,"More Chowk Waluj, Aurangabad - MPCB",2026-08-23 11:00:00,19.8389439,75.244448,CO,6.0,43.0,30.0,2026-08,2026,8
India,Maharashtra,Badlapur,"Katrap, Badlapur - MPCB",2026-08-23 11:00:00,19.16485,73.23409,OZONE,1.0,4.0,2.0,2026-08,2026,8
India,Maharashtra,Beed,"Bir, Beed - MPCB",2026-08-23 11:00:00,18.988474,75.753873,NH3,2.0,3.0,2.0,2026-08,2026,8
India,Kerala,Thiruvananthapuram,"Plammoodu, Thiruvananthapuram - Kerala PCB",2026-08-23 11:00:00,8.5149093,76.9435879,CO,6.0,12.0,10.0,2026-08,2026,8
India,Kerala,Thiruvananthapuram,"Kariavattom, Thiruvananthapuram - Kerala PCB",2026-08-23 11:00:00,8.5637,76.8865,NO2,6.0,7.0,6.0,2026-08,2026,8
India,Kerala,Thiruvananthapuram,"Kariavattom, Thiruvananthapuram - Kerala PCB",2026-08-23 11:00:00,8.5637,76.8865,NH3,0.0,0.0,0.0,2026-08,2026,8
India,Kerala,Thrissur,"Corporation Ground, Thrissur - Kerala PCB",2026-08-23 11:00:00,10.5324,76.2159,PM2.5,46.0,59.0,53.0,2026-08,2026,8
India,Kerala,Thrissur,"Corporation Ground, Thrissur - Kerala PCB",2026-08-23 11:00:00,10.5324,76.2159,SO2,0.0,0.0,0.0,2026-08,2026,8
India,Madhya Pradesh,Bhopal,"Paryavaran Parisar, Bhopal - MPPCB",2026-08-23 11:00:00,23.210494,77.425409,SO2,5.0,8.0,7.0,2026-08,2026,8
India,Madhya Pradesh,Damoh,"Shrivastav Colony, Damoh - MPPCB",2026-08-23 11:00:00,23.81748678,79.446246,SO2,43.0,54.0,49.0,2026-08,2026,8
India,Madhya Pradesh,Gwalior,"Maharaj Bada, Gwalior - MPPCB",2026-08-23 11:00:00,26.200388,78.147714,PM2.5,2.0,25.0,11.0,2026-08,2026,8
India,Mizoram,Aizawl,"Sikulpuikawn, Aizawl - Mizoram PCB",2026-08-23 11:00:00,23.7176342,92.7192841,CO,3.0,3.0,3.0,2026-08,2026,8
India,Nagaland,Kohima,"PWD Junction, Kohima - NPCB",2026-08-23 11:00:00,25.6635413,94.0989878,NO2,3.0,4.0,3.0,2026-08,2026,8
India,Nagaland,Kohima,"PWD Junction, Kohima - NPCB",2026-08-23 11:00:00,25.6635413,94.0989878,CO,2.0,4.0,3.0,2026-08,2026,8
India,Odisha,Angul,"Hakimapada, Angul - OSPCB",2026-08-23 11:00:00,20.832874,85.104082,PM10,9.0,61.0,31.0,2026-08,2026,8
India,Odisha,Balasore,"Kalidaspur, Balasore - OSPCB",2026-08-23 11:00:00,21.51161,86.89088,NO2,2.0,18.0,6.0,2026-08,2026,8
India,Odisha,Balasore,"Kalidaspur, Balasore - OSPCB",2026-08-23 11:00:00,21.51161,86.89088,OZONE,13.0,35.0,21.0,2026-08,2026,8
India,Odisha,Barbil,"Forest Office, Barbil - OSPCB",2026-08-23 11:00:00,22.1166054,85.3945546,PM2.5,55.0,247.0,101.0,2026-08,2026,8
India,Odisha,Barbil,"Forest Office, Barbil - OSPCB",2026-08-23 11:00:00,22.1166054,85.3945546,NH3,2.0,2.0,2.0,2026-08,2026,8
India,Odisha,Baripada,"Meher Colony, Baripada - OSPCB",2026-08-23 11:00:00,21.941841,86.728318,SO2,6.0,7.0,7.0,2026-08,2026,8
India,Odisha,Bhubaneswar,"Patia, Bhubaneswar - OSPCB",2026-08-23 11:00:00,20.34652,85.8163,PM2.5,3.0,133.0,31.0,2026-08,2026,8
India,Maharashtra,Navi Mumbai,"Sanpada, Navi Mumbai - MPCB",2026-08-23 11:00:00,19.0575752,73.0151367,PM2.5,10.0,30.0,19.0,2026-08,2026,8
India,Maharashtra,Navi Mumbai,"Sector-2E Kalamboli, Navi Mumbai - MPCB",2026-08-23 11:00:00,19.02579,73.10297,SO2,3.0,4.0,4.0,2026-08,2026,8
India,Maharashtra,Navi Mumbai,"Mahape, Navi Mumbai - MPCB",2026-08-23 11:00:00,19.1135051,73.008978,NH3,1.0,1.0,1.0,2026-08,2026,8
India,Maharashtra,Navi Mumbai,"Mahape, Navi Mumbai - MPCB",2026-08-23 11:00:00,19.1135051,73.008978,CO,70.0,70.0,70.0,2026-08,2026,8
India,Maharashtra,Navi Mumbai,"Nerul, Navi Mumbai - MPCB",2026-08-23 11:00:00,19.008751,73.01662,NO2,5.0,5.0,5.0,2026-08,2026,8
India,Maharashtra,Parbhani,"Masoom Colony, Parbhani - MPCB",2026-08-23 11:00:00,19.265594,76.761463,PM2.5,11.0,32.0,19.0,2026-08,2026,8
India,Maharashtra,Pimpri-Chinchwad,"Gavalinagar, Pimpri Chinchwad - MPCB",2026-08-23 11:00:00,18.63673,73.82487,CO,9.0,19.0,13.0,2026-08,2026,8
India,Maharashtra,Pimpri-Chinchwad,"Gavalinagar, Pimpri Chinchwad - MPCB",2026-08-23 11:00:00,18.63673,73.82487,OZONE,1.0,9.0,4.0,2026-08,2026,8
India,Maharashtra,Pimpri-Chinchwad,"Bhosari, Pune - IITM",2026-08-23 11:00:00,18.640051,73.848956,CO,28.0,35.0,32.0,2026-08,2026,8
India,Maharashtra,Pimpri-Chinchwad,"Thergaon, Pimpri Chinchwad - MPCB",2026-08-23 11:00:00,18.616318,73.765797,PM2.5,5.0,15.0,9.0,2026-08,2026,8
India,Maharashtra,Pimpri-Chinchwad,"Thergaon, Pimpri Chinchwad - MPCB",2026-08-23 11:00:00,18.616318,73.765797,SO2,0.0,2.0,1.0,2026-08,2026,8
India,Maharashtra,Pimpri-Chinchwad,"Thergaon, Pimpri Chinchwad - MPCB",2026-08-23 11:00:00,18.616318,73.765797,OZONE,6.0,6.0,6.0,2026-08,2026,8
India,Maharashtra,Pimpri-Chinchwad,"Transport Nagar-Nigdi, Pune - IITM",2026-08-23 11:00:00,18.664282,73.763966,NO2,30.0,62.0,45.0,2026-08,2026,8
India,Maharashtra,Pimpri-Chinchwad,"Transport Nagar-Nigdi, Pune - IITM",2026-08-23 11:00:00,18.664282,73.763966,SO2,12.0,26.0,20.0,2026-08,2026,8
India,Maharashtra,Pimpri-Chinchwad,"Park Street Wakad, Pimpri Chinchwad - MPCB",2026-08-23 11:00:00,18.59051,73.77946,NH3,1.0,3.0,2.0,2026-08,2026,8
India,Maharashtra,Pimpri-Chinchwad,"Savta Mali Nagar, Pimpri-Chinchwad - IITM",2026-08-23 11:00:00,18.614767,73.799516,OZONE,5.0,12.0,7.0,2026-08,2026,8
India,Maharashtra,Pune,"Katraj Dairy, Pune - MPCB",2026-08-23 11:00:00,18.45445,73.854155,SO2,2.0,3.0,3.0,2026-08,2026,8
India,Maharashtra,Pune,"Hadapsar, Pune - IITM",2026-08-23 11:00:00,18.501793,73.927532,PM10,24.0,95.0,53.0,2026-08,2026,8
India,Maharashtra,Pune,"Hadapsar, Pune - IITM",2026-08-23 11:00:00,18.501793,73.927532,NH3,12.0,26.0,20.0,2026-08,2026,8
India,Maharashtra,Ulhasnagar,"Vithalwadi, Ulhasnagar - MPCB",2026-08-23 11:00:00,19.2307571,73.155192,PM10,21.0,75.0,34.0,2026-08,2026,8
India,Maharashtra,Ulhasnagar,"Vithalwadi, Ulhasnagar - MPCB",2026-08-23 11:00:00,19.2307571,73.155192,NH3,9.0,12.0,10.0,2026-08,2026,8
India,Meghalaya,Byrnihat,"15th Mile-Nongthymmai, Byrnihat -Meghalaya PCB",2026-08-23 11:00:00,26.079047,91.875185,SO2,12.0,26.0,20.0,2026-08,2026,8
India,Meghalaya,Shillong,"JN Stadium, Shillong - Meghalaya PCB",2026-08-23 11:00:00,25.5803419,91.8942571,NH3,12.0,26.0,20.0,2026-08,2026,8
India,Meghalaya,Shillong,"Lumpyngngad, Shillong - Meghalaya PCB",2026-08-23 11:00:00,25.5586,91.8985,PM10,12.0,26.0,20.0,2026-08,2026,8
India,Meghalaya,Shillong,"Lumpyngngad, Shillong - Meghalaya PCB",2026-08-23 11:00:00,25.5586,91.8985,OZONE,15.0,21.0,17.0,2026-08,2026,8
India,Maharashtra,Pune,"Mhada Colony, Pune - IITM",2026-08-23 11:00:00,18.57304,73.927715,PM2.5,22.0,39.0,32.0,2026-08,2026,8
India,Maharashtra,Pune,"Mhada Colony, Pune - IITM",2026-08-23 11:00:00,18.57304,73.927715,SO2,12.0,26.0,20.0,2026-08,2026,8
India,Maharashtra,Pune,"Mhada Colony, Pune - IITM",2026-08-23 11:00:00,18.57304,73.927715,OZONE,12.0,20.0,15.0,2026-08,2026,8
India,Maharashtra,Pune,"Dhankawadi, Pune - IITM",2026-08-23 11:00:00,18.459883,73.852193,SO2,12.0,26.0,20.0,2026-08,2026,8
India,Maharashtra,Pune,"Panchawati_Pashan, Pune - IITM",2026-08-23 11:00:00,18.536457,73.805454,NO2,7.0,13.0,9.0,2026-08,2026,8
India,Maharashtra,Pune,"Panchawati_Pashan, Pune - IITM",2026-08-23 11:00:00,18.536457,73.805454,NH3,12.0,26.0,20.0,2026-08,2026,8
India,Maharashtra,Satara,"Koyana Nagar, Satara - MPCB",2026-08-23 11:00:00,17.696651,74.003387,NH3,1.0,3.0,2.0,2026-08,2026,8
India,Odisha,Brajrajnagar,"GM Office, Brajrajnagar - OSPCB",2026-08-23 11:00:00,21.8004996,83.8396977,SO2,16.0,18.0,17.0,2026-08,2026,8
India,Odisha,Byasanagar,"Ferro Chrome Colony, Byasanagar - OSPCB",2026-08-23 11:00:00,20.94185,86.1151,PM10,18.0,99.0,41.0,2026-08,2026,8
India,Odisha,Cuttack,"CDA Area, Cuttack - OSPCB",2026-08-23 11:00:00,20.48891,85.84768,NH3,8.0,15.0,10.0,2026-08,2026,8
India,Odisha,Cuttack,"CDA Area, Cuttack - OSPCB",2026-08-23 11:00:00,20.48891,85.84768,SO2,12.0,26.0,20.0,2026-08,2026,8
India,Odisha,Keonjhar,"Jagamohanpur, Keonjhar - OSPCB",2026-08-23 11:00:00,21.6439,85.599355,SO2,15.0,24.0,18.0,2026-08,2026,8
India,Odisha,Keonjhar,"Jagamohanpur, Keonjhar - OSPCB",2026-08-23 11:00:00,21.6439,85.599355,OZONE,8.0,11.0,9.0,2026-08,2026,8
India,Maharashtra,Solapur,"Dnyaneshwar Nagar, Solapur - MPCB",2026-08-23 11:00:00,17.6336264,75.9132495,OZONE,5.0,10.0,7.0,2026-08,2026,8
India,Maharashtra,Solapur,"Ratandeep Housing Society, Solapur - MPCB",2026-08-23 11:00:00,17.65439,75.90649,NH3,3.0,8.0,5.0,2026-08,2026,8
India,Maharashtra,Thane,"Upvan Fort, Thane - MPCB",2026-08-23 11:00:00,19.222279,72.957979,PM10,17.0,31.0,24.0,2026-08,2026,8
India,Maharashtra,Thane,"Upvan Fort, Thane - MPCB",2026-08-23 11:00:00,19.222279,72.957979,NO2,3.0,15.0,6.0,2026-08,2026,8
India,Maharashtra,Thane,"Upvan Fort, Thane - MPCB",2026-08-23 11:00:00,19.222279,72.957979,OZONE,6.0,16.0,11.0,2026-08,2026,8
India,Maharashtra,Thane,"Kasarvadavali, Thane - MPCB",2026-08-23 11:00:00,19.26777,72.97182,PM10,30.0,56.0,43.0,2026-08,2026,8
India,Maharashtra,Thane,"Kasarvadavali, Thane - MPCB",2026-08-23 11:00:00,19.26777,72.97182,NO2,9.0,17.0,12.0,2026-08,2026,8
India,Maharashtra,Ulhasnagar,"Sidhi Vinayak Nagar, Ulhasnagar - MPCB",2026-08-23 11:00:00,19.235581,73.159121,PM10,12.0,48.0,37.0,2026-08,2026,8
India,Maharashtra,Navi Mumbai,"Kopripada-Vashi, Navi Mumbai - MPCB",2026-08-23 11:00:00,19.090337,73.014232,NH3,5.0,10.0,7.0,2026-08,2026,8
India,Maharashtra,Navi Mumbai,"Kopripada-Vashi, Navi Mumbai - MPCB",2026-08-23 11:00:00,19.090337,73.014232,OZONE,1.0,4.0,2.0,2026-08,2026,8
India,Maharashtra,Navi Mumbai,"Tondare-Taloja, Navi Mumbai - MPCB",2026-08-23 11:00:00,19.063,73.1209,NO2,8.0,16.0,12.0,2026-08,2026,8
India,Punjab,Rupnagar,"Ratanpura, Rupnagar - Ambuja Cements",2026-08-23 11:00:00,31.0325454,76.5623046,OZONE,12.0,26.0,20.0,2026-08,2026,8
India,Rajasthan,Ajmer,"Civil Lines,  Ajmer - RSPCB",2026-08-23 11:00:00,26.470859,74.646594,PM2.5,40.0,100.0,63.0,2026-08,2026,8
India,Rajasthan,Ajmer,"Civil Lines,  Ajmer - RSPCB",2026-08-23 11:00:00,26.470859,74.646594,PM10,74.0,101.0,89.0,2026-08,2026,8
India,Rajasthan,Ajmer,"Civil Lines,  Ajmer - RSPCB",2026-08-23 11:00:00,26.470859,74.646594,NO2,16.0,19.0,18.0,2026-08,2026,8
India,Rajasthan,Ajmer,"Civil Lines,  Ajmer - RSPCB",2026-08-23 11:00:00,26.470859,74.646594,CO,10.0,37.0,25.0,2026-08,2026,8
India,Rajasthan,Alwar,"Moti Doongri, Alwar - RSPCB",2026-08-23 11:00:00,27.554793,76.611536,OZONE,41.0,58.0,48.0,2026-08,2026,8
India,Rajasthan,Alwar,"Vigyan Nagar, Alwar - RSPCB",2026-08-23 11:00:00,27.598796,76.63861,PM10,66.0,137.0,94.0,2026-08,2026,8
India,Rajasthan,Alwar,"Vigyan Nagar, Alwar - RSPCB",2026-08-23 11:00:00,27.598796,76.63861,CO,43.0,47.0,45.0,2026-08,2026,8
India,Rajasthan,Banswara,"Rati Talai, Banswara - RSPCB",2026-08-23 11:00:00,23.55519,74.44001,NO2,23.0,60.0,32.0,2026-08,2026,8
India,Rajasthan,Banswara,"Rati Talai, Banswara - RSPCB",2026-08-23 11:00:00,23.55519,74.44001,NH3,2.0,5.0,3.0,2026-08,2026,8
India,Rajasthan,Banswara,"Rati Talai, Banswara - RSPCB",2026-08-23 11:00:00,23.55519,74.44001,CO,15.0,26.0,19.0,2026-08,2026,8
India,Rajasthan,Baran,"Bamboliya, Baran - RSPCB",2026-08-23 11:00:00,25.106006,76.469948,PM10,42.0,78.0,58.0,2026-08,2026,8
India,Rajasthan,Baran,"Bamboliya, Baran - RSPCB",2026-08-23 11:00:00,25.106006,76.469948,NO2,16.0,28.0,23.0,2026-08,2026,8
India,Rajasthan,Baran,"Bamboliya, Baran - RSPCB",2026-08-23 11:00:00,25.106006,76.469948,NH3,5.0,6.0,6.0,2026-08,2026,8
India,Rajasthan,Barmer,"Railway Colony, Barmer - RSPCB",2026-08-23 11:00:00,25.747299,71.393989,NO2,2.0,10.0,6.0,2026-08,2026,8
India,Rajasthan,Barmer,"Railway Colony, Barmer - RSPCB",2026-08-23 11:00:00,25.747299,71.393989,NH3,2.0,3.0,2.0,2026-08,2026,8
India,Rajasthan,Tonk,"Shastri Nagar, Tonk - RSPCB",2026-08-23 11:00:00,26.159933,75.780517,NH3,4.0,42.0,12.0,2026-08,2026,8
India,Rajasthan,Udaipur,"Ashok Nagar, Udaipur - RSPCB",2026-08-23 11:00:00,24.5886166,73.6321397,CO,9.0,37.0,19.0,2026-08,2026,8
India,Sikkim,Gangtok,"Zero Point GICI, Gangtok - SSPCB",2026-08-23 11:00:00,27.33853,88.614099,SO2,1.0,1.0,1.0,2026-08,2026,8
India,Tamil Nadu,Chennai,"Kodungaiyur, Chennai - TNPCB",2026-08-23 11:00:00,13.1278,80.2642,CO,27.0,34.0,30.0,2026-08,2026,8
India,Tamil Nadu,Chennai,"Arumbakkam, Chennai - TNPCB",2026-08-23 11:00:00,13.0664,80.2112,NH3,2.0,3.0,2.0,2026-08,2026,8
India,Tamil Nadu,Chennai,"Velachery Res. Area, Chennai - CPCB",2026-08-23 11:00:00,13.0052189,80.2398125,PM10,87.0,104.0,98.0,2026-08,2026,8
India,Tamil Nadu,Chennai,"Perungudi, Chennai - TNPCB",2026-08-23 11:00:00,12.9533,80.2357,PM2.5,3.0,24.0,11.0,2026-08,2026,8
India,Tamil Nadu,Chennai,"Perungudi, Chennai - TNPCB",2026-08-23 11:00:00,12.9533,80.2357,PM10,41.0,359.0,115.0,2026-08,2026,8
India,Tamil Nadu,Chennai,"Manali Village, Chennai - TNPCB",2026-08-23 11:00:00,13.1662,80.2584,PM2.5,18.0,41.0,30.0,2026-08,2026,8
India,Tamil Nadu,Chennai,"Manali Village, Chennai - TNPCB",2026-08-23 11:00:00,13.1662,80.2584,SO2,16.0,19.0,17.0,2026-08,2026,8
India,Tamil Nadu,Chennai,"Manali Village, Chennai - TNPCB",2026-08-23 11:00:00,13.1662,80.2584,CO,38.0,39.0,39.0,2026-08,2026,8
India,Rajasthan,Bhilwara,"Pratap Nagar, Bhilwara - RSPCB",2026-08-23 11:00:00,25.339605,74.618883,NH3,2.0,5.0,4.0,2026-08,2026,8
India,Rajasthan,Bhilwara,"Pratap Nagar, Bhilwara - RSPCB",2026-08-23 11:00:00,25.339605,74.618883,OZONE,12.0,26.0,20.0,2026-08,2026,8
India,Rajasthan,Bhiwadi,"RIICO Ind. Area III, Bhiwadi - RSPCB",2026-08-23 11:00:00,28.194909,76.862296,PM2.5,46.0,219.0,93.0,2026-08,2026,8
India,Rajasthan,Bikaner,"MM Ground, Bikaner - RSPCB",2026-08-23 11:00:00,28.018792,73.292658,PM2.5,15.0,47.0,27.0,2026-08,2026,8
India,Rajasthan,Bikaner,"MM Ground, Bikaner - RSPCB",2026-08-23 11:00:00,28.018792,73.292658,CO,4.0,38.0,14.0,2026-08,2026,8
India,Rajasthan,Bundi,"New Colony, Bundi - RSPCB",2026-08-23 11:00:00,25.435774,75.644272,PM2.5,3.0,70.0,32.0,2026-08,2026,8
India,Rajasthan,Bundi,"New Colony, Bundi - RSPCB",2026-08-23 11:00:00,25.435774,75.644272,CO,11.0,16.0,13.0,2026-08,2026,8
India,Rajasthan,Chittorgarh,"Shastri Nagar, Chittorgarh - RSPCB",2026-08-23 11:00:00,24.892047,74.623527,PM2.5,47.0,150.0,80.0,2026-08,2026,8
India,Rajasthan,Churu,"Subash Chowk, Churu - RSPCB",2026-08-23 11:00:00,28.296139,74.961696,PM10,60.0,112.0,85.0,2026-08,2026,8
India,Rajasthan,Churu,"Subash Chowk, Churu - RSPCB",2026-08-23 11:00:00,28.296139,74.961696,CO,20.0,25.0,23.0,2026-08,2026,8
India,Rajasthan,Dausa,"Khatikan Mohalla, Dausa - RSPCB",2026-08-23 11:00:00,26.895552,76.334753,SO2,1.0,9.0,3.0,2026-08,2026,8
India,Rajasthan,Dausa,"Khatikan Mohalla, Dausa - RSPCB",2026-08-23 11:00:00,26.895552,76.334753,OZONE,19.0,24.0,21.0,2026-08,2026,8
India,Rajasthan,Dholpur,"Raja Ganj, Dholpur - RSPCB",2026-08-23 11:00:00,26.699557,77.898881,SO2,1.0,6.0,4.0,2026-08,2026,8
India,Rajasthan,Dungarpur,"Bhoiwada, Dungarpur - RSPCB",2026-08-23 11:00:00,23.837789,73.714926,PM2.5,18.0,58.0,37.0,2026-08,2026,8
India,Rajasthan,Dungarpur,"Bhoiwada, Dungarpur - RSPCB",2026-08-23 11:00:00,23.837789,73.714926,OZONE,15.0,23.0,18.0,2026-08,2026,8
India,Rajasthan,Jaipur,"Mansarovar Sector-12, Jaipur - RSPCB",2026-08-23 11:00:00,26.843698,75.766894,NH3,1.0,5.0,2.0,2026-08,2026,8
India,Rajasthan,Jaipur,"Sector-2 Murlipura, Jaipur - RSPCB",2026-08-23 11:00:00,26.960669,75.771817,PM10,62.0,105.0,81.0,2026-08,2026,8
India,Rajasthan,Jaipur,"Sector-2 Murlipura, Jaipur - RSPCB",2026-08-23 11:00:00,26.960669,75.771817,NO2,11.0,32.0,19.0,2026-08,2026,8
India,Rajasthan,Jaipur,"Police Commissionerate, Jaipur - RSPCB",2026-08-23 11:00:00,26.9164092,75.7994901,PM2.5,64.0,101.0,78.0,2026-08,2026,8
India,Rajasthan,Jaipur,"Police Commissionerate, Jaipur - RSPCB",2026-08-23 11:00:00,26.9164092,75.7994901,CO,21.0,61.0,38.0,2026-08,2026,8
India,Rajasthan,Jaipur,"RIICO Sitapura, Jaipur - RSPCB",2026-08-23 11:00:00,26.786682,75.827928,NO2,14.0,73.0,36.0,2026-08,2026,8
India,Rajasthan,Jaipur,"RIICO Sitapura, Jaipur - RSPCB",2026-08-23 11:00:00,26.786682,75.827928,OZONE,33.0,63.0,41.0,2026-08,2026,8
India,Puducherry,Puducherry,"Jawahar Nagar, Puducherry - PPCC",2026-08-23 11:00:00,11.9309,79.8027,SO2,4.0,9.0,7.0,2026-08,2026,8
India,Punjab,Bathinda,"Hardev Nagar, Bathinda - PPCB",2026-08-23 11:00:00,30.233011,74.907758,PM2.5,10.0,70.0,37.0,2026-08,2026,8
India,Punjab,Bathinda,"Hardev Nagar, Bathinda - PPCB",2026-08-23 11:00:00,30.233011,74.907758,OZONE,12.0,26.0,20.0,2026-08,2026,8
India,Punjab,Jalandhar,"Civil Line, Jalandhar - PPCB",2026-08-23 11:00:00,31.321907,75.578914,PM2.5,69.0,169.0,86.0,2026-08,2026,8
India,Punjab,Khanna,"Kalal Majra, Khanna - PPCB",2026-08-23 11:00:00,30.736056,76.209694,SO2,6.0,19.0,12.0,2026-08,2026,8
India,Punjab,Khanna,"Kalal Majra, Khanna - PPCB",2026-08-23 11:00:00,30.736056,76.209694,CO,50.0,68.0,59.0,2026-08,2026,8
India,Punjab,Khanna,"Kalal Majra, Khanna - PPCB",2026-08-23 11:00:00,30.736056,76.209694,OZONE,13.0,27.0,21.0,2026-08,2026,8
India,Punjab,Ludhiana,"Punjab Agricultural University, Ludhiana - PPCB",2026-08-23 11:00:00,30.9028,75.8086,NH3,2.0,6.0,4.0,2026-08,2026,8
India,Punjab,Ludhiana,"Punjab Agricultural University, Ludhiana - PPCB",2026-08-23 11:00:00,30.9028,75.8086,OZONE,49.0,58.0,54.0,2026-08,2026,8
India,Punjab,Mandi Gobindgarh,"RIMT University, Mandi Gobindgarh - PPCB",2026-08-23 11:00:00,30.649961,76.331442,NH3,5.0,5.0,5.0,2026-08,2026,8
India,Punjab,Mandi Gobindgarh,"RIMT University, Mandi Gobindgarh - PPCB",2026-08-23 11:00:00,30.649961,76.331442,CO,58.0,59.0,58.0,2026-08,2026,8
India,Rajasthan,Jaipur,"Shastri Nagar, Jaipur - RSPCB",2026-08-23 11:00:00,26.9502929,75.730943,CO,12.0,17.0,14.0,2026-08,2026,8
India,Rajasthan,Jaisalmer,"Sadar Bazar, Jaisalmer - RSPCB",2026-08-23 11:00:00,26.912329,70.909168,NH3,9.0,12.0,10.0,2026-08,2026,8
India,Rajasthan,Jaisalmer,"Sadar Bazar, Jaisalmer - RSPCB",2026-08-23 11:00:00,26.912329,70.909168,OZONE,21.0,26.0,23.0,2026-08,2026,8
India,Rajasthan,Jalore,"Mudtra Sili, Jalore - RSPCB",2026-08-23 11:00:00,25.344694,72.626208,CO,11.0,14.0,12.0,2026-08,2026,8
India,Rajasthan,Jhalawar,"Rajlaxmi Nagar, Jhalawar - RSPCB",2026-08-23 11:00:00,24.588397,76.172782,PM10,48.0,76.0,61.0,2026-08,2026,8
India,Rajasthan,Jhalawar,"Rajlaxmi Nagar, Jhalawar - RSPCB",2026-08-23 11:00:00,24.588397,76.172782,NO2,18.0,38.0,28.0,2026-08,2026,8
India,Rajasthan,Jhalawar,"Rajlaxmi Nagar, Jhalawar - RSPCB",2026-08-23 11:00:00,24.588397,76.172782,NH3,3.0,4.0,4.0,2026-08,2026,8
India,Rajasthan,Jhunjhunu,"Indra Nagar, Jhunjhunu - RSPCB",2026-08-23 11:00:00,28.108988,75.386577,PM2.5,17.0,60.0,36.0,2026-08,2026,8
India,Rajasthan,Jhunjhunu,"Indra Nagar, Jhunjhunu - RSPCB",2026-08-23 11:00:00,28.108988,75.386577,NH3,3.0,7.0,5.0,2026-08,2026,8
India,Rajasthan,Jodhpur,"Digari Kalan, Jodhpur - RSPCB",2026-08-23 11:00:00,26.29581,73.082283,NO2,11.0,24.0,16.0,2026-08,2026,8
India,Rajasthan,Jodhpur,"Jhalamand, Jodhpur - RSPCB",2026-08-23 11:00:00,26.215415,73.070156,PM2.5,7.0,45.0,19.0,2026-08,2026,8
India,Rajasthan,Nagaur,"Karni Colony, Nagaur - RSPCB",2026-08-23 11:00:00,27.213494,73.734444,CO,13.0,20.0,15.0,2026-08,2026,8
India,Rajasthan,Rajsamand,"Dhoinda, Rajsamand - RSPCB",2026-08-23 11:00:00,25.03636,73.883502,PM2.5,3.0,92.0,45.0,2026-08,2026,8
India,Rajasthan,Rajsamand,"Dhoinda, Rajsamand - RSPCB",2026-08-23 11:00:00,25.03636,73.883502,NO2,7.0,14.0,10.0,2026-08,2026,8
India,Rajasthan,Rajsamand,"Dhoinda, Rajsamand - RSPCB",2026-08-23 11:00:00,25.03636,73.883502,CO,6.0,10.0,7.0,2026-08,2026,8
India,Rajasthan,Sawai Madhopur,"Sahu Nagar, Sawai Madhopur - RSPCB",2026-08-23 11:00:00,26.031443,76.359327,PM2.5,6.0,77.0,40.0,2026-08,2026,8
India,Rajasthan,Sikar,"Radhakishan Pura, Sikar - RSPCB",2026-08-23 11:00:00,27.608912,75.153302,PM10,98.0,161.0,131.0,2026-08,2026,8
India,Rajasthan,Sikar,"Radhakishan Pura, Sikar - RSPCB",2026-08-23 11:00:00,27.608912,75.153302,NH3,9.0,11.0,10.0,2026-08,2026,8
India,Rajasthan,Sirohi,"Vedhaynath Colony, Sirohi - RSPCB",2026-08-23 11:00:00,24.885261,72.857549,SO2,4.0,8.0,5.0,2026-08,2026,8
India,Rajasthan,Sri Ganganagar,"Old City, Sri Ganganagar - RSPCB",2026-08-23 11:00:00,29.931624,73.864511,OZONE,12.0,15.0,13.0,2026-08,2026,8
India,Rajasthan,Tonk,"Shastri Nagar, Tonk - RSPCB",2026-08-23 11:00:00,26.159933,75.780517,PM10,95.0,169.0,129.0,2026-08,2026,8
India,Odisha,Rairangpur,"Divisional Forest Office, Rairangpur - OSPCB",2026-08-23 11:00:00,22.265816,86.174829,NH3,3.0,4.0,3.0,2026-08,2026,8
India,Odisha,Rourkela,"Sector-2, Rourkela - OSPCB",2026-08-23 11:00:00,22.245,84.88111111,CO,13.0,13.0,13.0,2026-08,2026,8
India,Odisha,Rourkela,"Fertilizer Township, Rourkela - OSPCB",2026-08-23 11:00:00,22.18972222,84.86277778,NH3,12.0,26.0,20.0,2026-08,2026,8
India,Odisha,Talcher,"Talcher Coalfields,Talcher - OSPCB",2026-08-23 11:00:00,20.9360711,85.1707021,CO,18.0,24.0,22.0,2026-08,2026,8
India,Odisha,Tensa,"Barsua Iron Ore Mines, Tensa - OSPCB",2026-08-23 11:00:00,21.869985,85.167016,PM10,12.0,26.0,20.0,2026-08,2026,8
India,Odisha,Tensa,"Barsua Iron Ore Mines, Tensa - OSPCB",2026-08-23 11:00:00,21.869985,85.167016,NH3,12.0,26.0,20.0,2026-08,2026,8
India,Puducherry,Puducherry,"Jawahar Nagar, Puducherry - PPCC",2026-08-23 11:00:00,11.9309,79.8027,PM2.5,13.0,62.0,25.0,2026-08,2026,8
India,Rajasthan,Jodhpur,"Mandor, Jodhpur - RSPCB",2026-08-23 11:00:00,26.358805,73.047444,CO,10.0,16.0,13.0,2026-08,2026,8
India,Rajasthan,Karauli,"Satyawati Vihar, Karauli - RSPCB",2026-08-23 11:00:00,26.506177,77.025989,PM10,23.0,66.0,43.0,2026-08,2026,8
India,Rajasthan,Khairthal,"New Anaj Mandi, Khairthal - RSPCB",2026-08-23 11:00:00,27.8015617,76.6365217,PM2.5,44.0,136.0,75.0,2026-08,2026,8
India,Rajasthan,Khairthal,"New Anaj Mandi, Khairthal - RSPCB",2026-08-23 11:00:00,27.8015617,76.6365217,NH3,1.0,4.0,3.0,2026-08,2026,8
India,Rajasthan,Kota,"Nayapura, Kota - RSPCB",2026-08-23 11:00:00,25.196024,75.855668,PM10,55.0,101.0,75.0,2026-08,2026,8
India,Rajasthan,Kota,"Shrinath Puram, Kota - RSPCB",2026-08-23 11:00:00,25.14389,75.821256,PM2.5,34.0,67.0,53.0,2026-08,2026,8
India,Rajasthan,Kota,"Shrinath Puram, Kota - RSPCB",2026-08-23 11:00:00,25.14389,75.821256,NO2,2.0,18.0,10.0,2026-08,2026,8
India,Uttar Pradesh,Lucknow,"Talkatora District Industries Center, Lucknow - CPCB",2026-08-23 11:00:00,26.83399722,80.8917361,NH3,10.0,17.0,12.0,2026-08,2026,8
India,Uttar Pradesh,Lucknow,"Kendriya Vidyalaya, Lucknow - CPCB",2026-08-23 11:00:00,26.906111,80.948222,PM10,29.0,64.0,43.0,2026-08,2026,8
India,Uttar Pradesh,Lucknow,"Kendriya Vidyalaya, Lucknow - CPCB",2026-08-23 11:00:00,26.906111,80.948222,NH3,8.0,16.0,12.0,2026-08,2026,8
India,Uttar Pradesh,Lucknow,"Kendriya Vidyalaya, Lucknow - CPCB",2026-08-23 11:00:00,26.906111,80.948222,OZONE,24.0,43.0,29.0,2026-08,2026,8
India,Uttar Pradesh,Lucknow,"Gomti Nagar, Lucknow - UPPCB",2026-08-23 11:00:00,26.86812,81.005119,PM2.5,2.0,60.0,28.0,2026-08,2026,8
India,Uttar Pradesh,Lucknow,"Gomti Nagar, Lucknow - UPPCB",2026-08-23 11:00:00,26.86812,81.005119,PM10,5.0,53.0,27.0,2026-08,2026,8
India,Uttar Pradesh,Lucknow,"Gomti Nagar, Lucknow - UPPCB",2026-08-23 11:00:00,26.86812,81.005119,NH3,12.0,26.0,20.0,2026-08,2026,8
India,Uttar Pradesh,Lucknow,"Gomti Nagar, Lucknow - UPPCB",2026-08-23 11:00:00,26.86812,81.005119,OZONE,40.0,42.0,41.0,2026-08,2026,8
India,Uttar Pradesh,Lucknow,"B R Ambedkar University, Lucknow - UPPCB",2026-08-23 11:00:00,26.766433,80.927299,PM2.5,2.0,383.0,60.0,2026-08,2026,8
India,Uttar Pradesh,Lucknow,"Lalbagh, Lucknow - CPCB",2026-08-23 11:00:00,26.8458805,80.9365541,NH3,10.0,17.0,12.0,2026-08,2026,8
India,Uttar Pradesh,Lucknow,"Kukrail Picnic Spot-1, Lucknow - UPPCB",2026-08-23 11:00:00,26.90723,80.98579,PM2.5,5.0,42.0,31.0,2026-08,2026,8
India,Uttar Pradesh,Lucknow,"Kukrail Picnic Spot-1, Lucknow - UPPCB",2026-08-23 11:00:00,26.90723,80.98579,SO2,27.0,44.0,32.0,2026-08,2026,8
India,Uttar Pradesh,Lucknow,"Kukrail Picnic Spot-1, Lucknow - UPPCB",2026-08-23 11:00:00,26.90723,80.98579,CO,14.0,16.0,15.0,2026-08,2026,8
India,Uttar Pradesh,Lucknow,"Kukrail Picnic Spot-1, Lucknow - UPPCB",2026-08-23 11:00:00,26.90723,80.98579,OZONE,10.0,11.0,10.0,2026-08,2026,8
India,Uttar Pradesh,Mathura,"Pali Dungra, Mathura - UPPCB",2026-08-23 11:00:00,27.410954,77.550619,NH3,1.0,2.0,1.0,2026-08,2026,8
India,Uttar Pradesh,Mathura,"Pali Dungra, Mathura - UPPCB",2026-08-23 11:00:00,27.410954,77.550619,CO,15.0,28.0,24.0,2026-08,2026,8
India,Telangana,Hyderabad,"Kokapet, Hyderabad - TSPCB",2026-08-23 11:00:00,17.393559,78.339194,PM10,40.0,68.0,51.0,2026-08,2026,8
India,Telangana,Hyderabad,"ECIL Kapra, Hyderabad - TSPCB",2026-08-23 11:00:00,17.470431,78.566959,PM10,44.0,61.0,49.0,2026-08,2026,8
India,Telangana,Hyderabad,"ECIL Kapra, Hyderabad - TSPCB",2026-08-23 11:00:00,17.470431,78.566959,NO2,2.0,13.0,8.0,2026-08,2026,8
India,Telangana,Hyderabad,"Ramachandrapuram, Hyderabad - TSPCB",2026-08-23 11:00:00,17.528544,78.286195,PM2.5,30.0,45.0,36.0,2026-08,2026,8
India,Telangana,Hyderabad,"Ramachandrapuram, Hyderabad - TSPCB",2026-08-23 11:00:00,17.528544,78.286195,CO,17.0,39.0,23.0,2026-08,2026,8
India,Telangana,Hyderabad,"Kompally Municipal Office, Hyderabad - TSPCB",2026-08-23 11:00:00,17.544899,78.486949,PM2.5,27.0,39.0,32.0,2026-08,2026,8
India,Telangana,Hyderabad,"Kompally Municipal Office, Hyderabad - TSPCB",2026-08-23 11:00:00,17.544899,78.486949,NO2,13.0,16.0,15.0,2026-08,2026,8
India,Telangana,Hyderabad,"Kompally Municipal Office, Hyderabad - TSPCB",2026-08-23 11:00:00,17.544899,78.486949,OZONE,8.0,8.0,8.0,2026-08,2026,8
India,Telangana,Hyderabad,"Somajiguda, Hyderabad - TSPCB",2026-08-23 11:00:00,17.417094,78.457437,PM10,50.0,63.0,54.0,2026-08,2026,8
India,Telangana,Hyderabad,"IDA Pashamylaram, Hyderabad - TSPCB",2026-08-23 11:00:00,17.5316895,78.218939,PM2.5,3.0,81.0,31.0,2026-08,2026,8
India,Telangana,Hyderabad,"IDA Pashamylaram, Hyderabad - TSPCB",2026-08-23 11:00:00,17.5316895,78.218939,PM10,19.0,108.0,52.0,2026-08,2026,8
India,Telangana,Hyderabad,"IDA Pashamylaram, Hyderabad - TSPCB",2026-08-23 11:00:00,17.5316895,78.218939,NO2,20.0,26.0,21.0,2026-08,2026,8
India,Telangana,Hyderabad,"IDA Pashamylaram, Hyderabad - TSPCB",2026-08-23 11:00:00,17.5316895,78.218939,CO,16.0,28.0,22.0,2026-08,2026,8
India,Telangana,Hyderabad,"IDA Pashamylaram, Hyderabad - TSPCB",2026-08-23 11:00:00,17.5316895,78.218939,OZONE,38.0,44.0,42.0,2026-08,2026,8
India,Telangana,Hyderabad,"Sanathnagar, Hyderabad - TSPCB",2026-08-23 11:00:00,17.4559458,78.4332152,NH3,12.0,26.0,20.0,2026-08,2026,8
India,Telangana,Hyderabad,"Sanathnagar, Hyderabad - TSPCB",2026-08-23 11:00:00,17.4559458,78.4332152,SO2,3.0,13.0,7.0,2026-08,2026,8
India,Tamil Nadu,Coimbatore,"SIDCO Kurichi, Coimbatore - TNPCB",2026-08-23 11:00:00,10.942451,76.978996,NO2,22.0,23.0,22.0,2026-08,2026,8
India,Tamil Nadu,Coimbatore,"SIDCO Kurichi, Coimbatore - TNPCB",2026-08-23 11:00:00,10.942451,76.978996,CO,30.0,31.0,31.0,2026-08,2026,8
India,Tamil Nadu,Cuddalore,"Kudikadu, Cuddalore - TNPCB",2026-08-23 11:00:00,11.6829898,79.7532099,SO2,23.0,24.0,23.0,2026-08,2026,8
India,Tamil Nadu,Cuddalore,"Kudikadu, Cuddalore - TNPCB",2026-08-23 11:00:00,11.6829898,79.7532099,CO,12.0,26.0,20.0,2026-08,2026,8
India,Tamil Nadu,Cuddalore,"Kudikadu, Cuddalore - TNPCB",2026-08-23 11:00:00,11.6829898,79.7532099,OZONE,10.0,11.0,11.0,2026-08,2026,8
India,Tamil Nadu,Cuddalore,"Semmandalam, Cuddalore - TNPCB",2026-08-23 11:00:00,11.7637683,79.7499835,SO2,12.0,26.0,20.0,2026-08,2026,8
India,Tamil Nadu,Gummidipoondi,"Anthoni Pillai Nagar, Gummidipoondi - TNPCB",2026-08-23 11:00:00,13.4127,80.1081,PM10,46.0,323.0,101.0,2026-08,2026,8
India,Telangana,Hyderabad,"Zoo Park, Hyderabad - TSPCB",2026-08-23 11:00:00,17.349694,78.451437,NH3,2.0,2.0,2.0,2026-08,2026,8
India,Telangana,Hyderabad,"Zoo Park, Hyderabad - TSPCB",2026-08-23 11:00:00,17.349694,78.451437,SO2,1.0,3.0,2.0,2026-08,2026,8
India,Telangana,Hyderabad,"Central University, Hyderabad - TSPCB",2026-08-23 11:00:00,17.460103,78.334361,PM10,7.0,25.0,14.0,2026-08,2026,8
India,Telangana,Hyderabad,"Central University, Hyderabad - TSPCB",2026-08-23 11:00:00,17.460103,78.334361,OZONE,10.0,12.0,11.0,2026-08,2026,8
India,Telangana,Hyderabad,"IITH Kandi, Hyderabad - TSPCB",2026-08-23 11:00:00,17.585705,78.126199,NH3,2.0,4.0,3.0,2026-08,2026,8
India,Telangana,Hyderabad,"IITH Kandi, Hyderabad - TSPCB",2026-08-23 11:00:00,17.585705,78.126199,OZONE,13.0,19.0,15.0,2026-08,2026,8
India,Telangana,Hyderabad,"Nacharam_TSIIC IALA, Hyderabad - TSPCB",2026-08-23 11:00:00,17.429398,78.569354,NO2,12.0,26.0,20.0,2026-08,2026,8
India,Uttar Pradesh,Meerut,"Jai Bhim Nagar, Meerut - UPPCB",2026-08-23 11:00:00,28.9535882,77.7622941,NH3,11.0,12.0,11.0,2026-08,2026,8
India,Uttar Pradesh,Meerut,"MIET College, Meerut - UPPCB",2026-08-23 11:00:00,28.972677,77.641018,NO2,21.0,96.0,43.0,2026-08,2026,8
India,Uttar Pradesh,Meerut,"MIET College, Meerut - UPPCB",2026-08-23 11:00:00,28.972677,77.641018,SO2,1.0,3.0,2.0,2026-08,2026,8
India,Uttar Pradesh,Meerut,"MIET College, Meerut - UPPCB",2026-08-23 11:00:00,28.972677,77.641018,CO,33.0,69.0,55.0,2026-08,2026,8
India,Uttar Pradesh,Meerut,"Pallavpuram Phase 2, Meerut - UPPCB",2026-08-23 11:00:00,29.06351,77.709723,OZONE,13.0,32.0,22.0,2026-08,2026,8
India,Uttar Pradesh,Meerut,"Ganga Nagar, Meerut - UPPCB",2026-08-23 11:00:00,28.999264,77.7590354,NO2,26.0,39.0,31.0,2026-08,2026,8
India,Uttar Pradesh,Modinagar,"SRM University, Modinagar - UPPCB",2026-08-23 11:00:00,28.798171,77.540243,PM2.5,32.0,67.0,52.0,2026-08,2026,8
India,Uttar Pradesh,Modinagar,"SRM University, Modinagar - UPPCB",2026-08-23 11:00:00,28.798171,77.540243,NH3,3.0,3.0,3.0,2026-08,2026,8
India,Uttar Pradesh,Modinagar,"SRM University, Modinagar - UPPCB",2026-08-23 11:00:00,28.798171,77.540243,SO2,12.0,13.0,13.0,2026-08,2026,8
India,Uttar Pradesh,Modinagar,"SRM University, Modinagar - UPPCB",2026-08-23 11:00:00,28.798171,77.540243,CO,14.0,20.0,16.0,2026-08,2026,8
India,Uttar Pradesh,Moradabad,"Jigar Colony, Moradabad - UPPCB",2026-08-23 11:00:00,28.856664,78.772638,PM2.5,13.0,71.0,32.0,2026-08,2026,8
India,Uttar Pradesh,Moradabad,"Jigar Colony, Moradabad - UPPCB",2026-08-23 11:00:00,28.856664,78.772638,OZONE,21.0,24.0,22.0,2026-08,2026,8
India,Uttar Pradesh,Moradabad,"Transport Nagar, Moradabad - UPPCB",2026-08-23 11:00:00,28.802625,78.753728,PM2.5,12.0,26.0,20.0,2026-08,2026,8
India,Uttar Pradesh,Moradabad,"Kashiram Nagar, Moradabad - UPPCB",2026-08-23 11:00:00,28.849399,78.742362,NH3,4.0,4.0,4.0,2026-08,2026,8
India,Uttar Pradesh,Moradabad,"Kashiram Nagar, Moradabad - UPPCB",2026-08-23 11:00:00,28.849399,78.742362,OZONE,14.0,17.0,16.0,2026-08,2026,8
India,Uttar Pradesh,Muzaffarnagar,"New Mandi, Muzaffarnagar - UPPCB",2026-08-23 11:00:00,29.4723508,77.7194031,PM2.5,8.0,133.0,61.0,2026-08,2026,8
India,Uttar Pradesh,Muzaffarnagar,"New Mandi, Muzaffarnagar - UPPCB",2026-08-23 11:00:00,29.4723508,77.7194031,CO,18.0,59.0,42.0,2026-08,2026,8
India,Uttar Pradesh,Muzaffarnagar,"New Mandi, Muzaffarnagar - UPPCB",2026-08-23 11:00:00,29.4723508,77.7194031,OZONE,18.0,72.0,42.0,2026-08,2026,8
India,Uttar Pradesh,Noida,"Sector - 125, Noida - UPPCB",2026-08-23 11:00:00,28.5447608,77.3231257,NO2,10.0,72.0,30.0,2026-08,2026,8
India,Uttar Pradesh,Noida,"Sector - 62, Noida - IITM",2026-08-23 11:00:00,28.6245479,77.3577104,OZONE,25.0,33.0,30.0,2026-08,2026,8
India,Uttar Pradesh,Noida,"Sector-1, Noida - UPPCB",2026-08-23 11:00:00,28.5898,77.3101,NH3,9.0,14.0,12.0,2026-08,2026,8
India,Uttar Pradesh,Noida,"Sector-1, Noida - UPPCB",2026-08-23 11:00:00,28.5898,77.3101,SO2,8.0,11.0,9.0,2026-08,2026,8
India,Uttar Pradesh,Noida,"Sector-1, Noida - UPPCB",2026-08-23 11:00:00,28.5898,77.3101,OZONE,9.0,34.0,23.0,2026-08,2026,8
India,Uttar Pradesh,Noida,"Sector-116, Noida - UPPCB",2026-08-23 11:00:00,28.56923,77.393848,PM2.5,59.0,183.0,107.0,2026-08,2026,8
India,Uttar Pradesh,Prayagraj,"Motilal Nehru NIT, Prayagraj - UPPCB",2026-08-23 11:00:00,25.494,81.863,PM2.5,10.0,23.0,17.0,2026-08,2026,8
India,Uttar Pradesh,Prayagraj,"Motilal Nehru NIT, Prayagraj - UPPCB",2026-08-23 11:00:00,25.494,81.863,NO2,12.0,12.0,12.0,2026-08,2026,8
India,Uttar Pradesh,Prayagraj,"Nagar Nigam, Prayagraj - UPPCB",2026-08-23 11:00:00,25.44919916,81.82735986,NH3,6.0,9.0,7.0,2026-08,2026,8
India,Uttar Pradesh,Agra,"Rohta, Agra - UPPCB",2026-08-23 11:00:00,27.106972,78.000111,NO2,16.0,16.0,16.0,2026-08,2026,8
India,Uttar Pradesh,Agra,"Sector-3B Avas Vikas Colony, Agra - UPPCB",2026-08-23 11:00:00,27.19412,77.96237,NO2,34.0,35.0,35.0,2026-08,2026,8
India,Uttar Pradesh,Agra,"Shahjahan Garden, Agra - UPPCB",2026-08-23 11:00:00,27.169338,78.03582,SO2,72.0,80.0,76.0,2026-08,2026,8
India,Uttar Pradesh,Agra,"Manoharpur, Agra - UPPCB",2026-08-23 11:00:00,27.23711,78.01936,PM10,8.0,108.0,71.0,2026-08,2026,8
India,Uttar Pradesh,Agra,"Sanjay Palace, Agra - UPPCB",2026-08-23 11:00:00,27.19865833,78.00598056,PM10,26.0,109.0,63.0,2026-08,2026,8
India,Uttar Pradesh,Agra,"Sanjay Palace, Agra - UPPCB",2026-08-23 11:00:00,27.19865833,78.00598056,NH3,12.0,26.0,20.0,2026-08,2026,8
India,Uttar Pradesh,Agra,"Sanjay Palace, Agra - UPPCB",2026-08-23 11:00:00,27.19865833,78.00598056,CO,37.0,39.0,38.0,2026-08,2026,8
India,Uttar Pradesh,Agra,"Shastripuram, Agra - UPPCB",2026-08-23 11:00:00,27.19862,77.92066,PM10,12.0,26.0,20.0,2026-08,2026,8
India,Uttar Pradesh,Agra,"Shastripuram, Agra - UPPCB",2026-08-23 11:00:00,27.19862,77.92066,CO,15.0,18.0,16.0,2026-08,2026,8
India,Uttar Pradesh,Baghpat,"Sardar Patel Inter College, Baghpat - UPPCB",2026-08-23 11:00:00,28.964949,77.278761,PM2.5,6.0,59.0,32.0,2026-08,2026,8
India,Uttar Pradesh,Baghpat,"Sardar Patel Inter College, Baghpat - UPPCB",2026-08-23 11:00:00,28.964949,77.278761,NH3,1.0,3.0,2.0,2026-08,2026,8
India,Uttar Pradesh,Baraut,"Nagar Palika Parishad, Baraut - UPPCB",2026-08-23 11:00:00,29.09956,77.26235,NO2,12.0,22.0,16.0,2026-08,2026,8
India,Uttar Pradesh,Bareilly,"Civil Lines, Bareilly - UPPCB",2026-08-23 11:00:00,28.359581,79.414455,NO2,7.0,9.0,8.0,2026-08,2026,8
India,Uttar Pradesh,Bareilly,"Civil Lines, Bareilly - UPPCB",2026-08-23 11:00:00,28.359581,79.414455,SO2,26.0,48.0,37.0,2026-08,2026,8
India,Uttar Pradesh,Bulandshahr,"Yamunapuram, Bulandshahr - UPPCB",2026-08-23 11:00:00,28.406963,77.849831,NO2,4.0,19.0,11.0,2026-08,2026,8
India,Uttar Pradesh,Fatehpur Sikri,"Dadupura, Fatehpur Sikri - UPPCB",2026-08-23 11:00:00,27.097694,77.671335,OZONE,6.0,21.0,11.0,2026-08,2026,8
India,Uttar Pradesh,Firozabad,"Nagla Bhau, Firozabad - UPPCB",2026-08-23 11:00:00,27.168897,78.37696,PM2.5,12.0,26.0,20.0,2026-08,2026,8
India,Uttar Pradesh,Firozabad,"Nagla Bhau, Firozabad - UPPCB",2026-08-23 11:00:00,27.168897,78.37696,OZONE,11.0,32.0,15.0,2026-08,2026,8
India,Uttar Pradesh,Firozabad,"Vibhab Nagar, Firozabad - UPPCB",2026-08-23 11:00:00,27.1594,78.3953,NO2,14.0,15.0,15.0,2026-08,2026,8
India,Uttar Pradesh,Firozabad,"Vibhab Nagar, Firozabad - UPPCB",2026-08-23 11:00:00,27.1594,78.3953,SO2,3.0,6.0,5.0,2026-08,2026,8
India,Uttar Pradesh,Gajraula,"Rajanpur, Gajraula - UPPCB",2026-08-23 11:00:00,28.829109,78.248796,NO2,4.0,15.0,7.0,2026-08,2026,8
India,Uttar Pradesh,Gajraula,"Rajanpur, Gajraula - UPPCB",2026-08-23 11:00:00,28.829109,78.248796,OZONE,3.0,12.0,5.0,2026-08,2026,8
India,Uttar Pradesh,Ghaziabad,"Indirapuram, Ghaziabad - UPPCB",2026-08-23 11:00:00,28.646233,77.358075,SO2,9.0,13.0,11.0,2026-08,2026,8
India,Uttar Pradesh,Ghaziabad,"Wave City, Ghaziabad - UPPCB",2026-08-23 11:00:00,28.646675,77.489049,PM10,12.0,26.0,20.0,2026-08,2026,8
India,Uttar Pradesh,Ghaziabad,"Govindpuram, Ghaziabad - UPPCB",2026-08-23 11:00:00,28.694528,77.494705,NH3,1.0,2.0,2.0,2026-08,2026,8
India,Uttar Pradesh,Ghaziabad,"Govindpuram, Ghaziabad - UPPCB",2026-08-23 11:00:00,28.694528,77.494705,SO2,0.0,2.0,1.0,2026-08,2026,8
India,Uttar Pradesh,Gorakhpur,"Madan Mohan Malaviya University of Technology, Gorakhpur - UPPCB",2026-08-23 11:00:00,26.730136,83.433859,NH3,1.0,1.0,1.0,2026-08,2026,8
India,Uttar Pradesh,Greater Noida,"Knowledge Park - V, Greater Noida - UPPCB",2026-08-23 11:00:00,28.557054,77.453663,PM2.5,11.0,82.0,47.0,2026-08,2026,8
India,Uttar Pradesh,Greater Noida,"Knowledge Park - V, Greater Noida - UPPCB",2026-08-23 11:00:00,28.557054,77.453663,NO2,17.0,37.0,24.0,2026-08,2026,8
India,Uttar Pradesh,Greater Noida,"Knowledge Park - V, Greater Noida - UPPCB",2026-08-23 11:00:00,28.557054,77.453663,OZONE,10.0,30.0,20.0,2026-08,2026,8
India,Uttar Pradesh,Greater Noida,"Knowledge Park - III, Greater Noida - UPPCB",2026-08-23 11:00:00,28.47272,77.482,OZONE,28.0,45.0,33.0,2026-08,2026,8
India,Uttar Pradesh,Jhansi,"Shivaji Nagar, Jhansi - UPPCB",2026-08-23 11:00:00,25.4547,78.6039,SO2,22.0,30.0,24.0,2026-08,2026,8
India,Uttar Pradesh,Kanpur,"FTI Kidwai Nagar, Kanpur - UPPCB",2026-08-23 11:00:00,26.428282,80.327067,CO,32.0,34.0,33.0,2026-08,2026,8
India,Uttar Pradesh,Kanpur,"NSI Kalyanpur, Kanpur - UPPCB",2026-08-23 11:00:00,26.509954,80.249612,NO2,31.0,32.0,31.0,2026-08,2026,8
India,Uttar Pradesh,Kanpur,"NSI Kalyanpur, Kanpur - UPPCB",2026-08-23 11:00:00,26.509954,80.249612,SO2,23.0,25.0,24.0,2026-08,2026,8
India,Uttar Pradesh,Kanpur,"Nehru Nagar, Kanpur - UPPCB",2026-08-23 11:00:00,26.4703136,80.3229863,PM10,14.0,36.0,24.0,2026-08,2026,8
India,Uttar Pradesh,Khora,"Prashant Garden, Khora - UPPCB",2026-08-23 11:00:00,28.61119,77.34206,PM10,68.0,111.0,83.0,2026-08,2026,8
India,Uttar Pradesh,Khurja,"Kalindi Kunj, Khurja - UPPCB",2026-08-23 11:00:00,28.2348927,77.8683002,CO,12.0,69.0,49.0,2026-08,2026,8
India,Uttar Pradesh,Lucknow,"Talkatora District Industries Center, Lucknow - CPCB",2026-08-23 11:00:00,26.83399722,80.8917361,PM2.5,11.0,66.0,30.0,2026-08,2026,8
India,Uttar Pradesh,Prayagraj,"Jhunsi, Prayagraj - UPPCB",2026-08-23 11:00:00,25.425602,81.917152,CO,17.0,41.0,25.0,2026-08,2026,8
India,Uttar Pradesh,Prayagraj,"Jhunsi, Prayagraj - UPPCB",2026-08-23 11:00:00,25.425602,81.917152,OZONE,24.0,33.0,28.0,2026-08,2026,8
India,Uttar Pradesh,Shamli,"New Tehsil, Shamli - UPPCB",2026-08-23 11:00:00,29.4603683,77.3410291,PM2.5,19.0,50.0,31.0,2026-08,2026,8
India,Uttar Pradesh,Varanasi,"Bhelupur, Varanasi - UPPCB",2026-08-23 11:00:00,25.301778,82.996789,PM2.5,41.0,106.0,65.0,2026-08,2026,8
India,Uttar Pradesh,Varanasi,"Maldahiya, Varanasi - UPPCB",2026-08-23 11:00:00,25.32393,82.99687,PM2.5,12.0,26.0,20.0,2026-08,2026,8
India,Uttar Pradesh,Varanasi,"Ardhali Bazar, Varanasi - UPPCB",2026-08-23 11:00:00,25.3505986,82.9083074,CO,14.0,14.0,14.0,2026-08,2026,8
India,Uttar Pradesh,Varanasi,"IESD Banaras Hindu University, Varanasi - UPPCB",2026-08-23 11:00:00,25.262326,82.995408,PM10,28.0,72.0,45.0,2026-08,2026,8
India,Uttarakhand,Dehradun,"Doon University, Dehradun - UKPCB",2026-08-23 11:00:00,30.269444,78.044167,NH3,12.0,26.0,20.0,2026-08,2026,8
India,Uttarakhand,Kashipur,"Govt. Girls Inter College, Kashipur - UKPCB",2026-08-23 11:00:00,29.2124114,78.9611753,PM10,12.0,26.0,20.0,2026-08,2026,8
India,Uttarakhand,Kashipur,"Govt. Girls Inter College, Kashipur - UKPCB",2026-08-23 11:00:00,29.2124114,78.9611753,OZONE,12.0,26.0,20.0,2026-08,2026,8
India,West Bengal,Asansol,"Asansol Court Area, Asansol - WBPCB",2026-08-23 11:00:00,23.685297,86.945968,NO2,33.0,42.0,36.0,2026-08,2026,8
India,West Bengal,Asansol,"Asansol Court Area, Asansol - WBPCB",2026-08-23 11:00:00,23.685297,86.945968,SO2,10.0,16.0,13.0,2026-08,2026,8
India,West Bengal,Asansol,"Evelyn Lodge, Asansol - WBPCB",2026-08-23 11:00:00,23.697936,86.944395,CO,34.0,48.0,42.0,2026-08,2026,8
India,West Bengal,Asansol,"Evelyn Lodge, Asansol - WBPCB",2026-08-23 11:00:00,23.697936,86.944395,OZONE,4.0,10.0,6.0,2026-08,2026,8
India,West Bengal,Asansol,"Trivenidevi Bhalotia College, Asansol - WBPCB",2026-08-23 11:00:00,23.616515,87.119133,PM10,0.0,59.0,34.0,2026-08,2026,8
India,West Bengal,Barrackpore,"SVSPA Campus, Barrackpore - WBPCB",2026-08-23 11:00:00,22.7605581,88.3617589,PM2.5,16.0,50.0,33.0,2026-08,2026,8
India,West Bengal,Durgapur,"PCBL Residential Complex, Durgapur - WBPCB",2026-08-23 11:00:00,23.508764,87.35444,OZONE,12.0,26.0,20.0,2026-08,2026,8
India,West Bengal,Durgapur,"Mahishkapur Road_B-Zone, Durgapur - WBPCB",2026-08-23 11:00:00,23.567923,87.306843,PM10,41.0,87.0,61.0,2026-08,2026,8
India,West Bengal,Durgapur,"Mahishkapur Road_B-Zone, Durgapur - WBPCB",2026-08-23 11:00:00,23.567923,87.306843,CO,27.0,46.0,34.0,2026-08,2026,8
India,West Bengal,Durgapur,"Womens College_City Center, Durgapur - WBPCB",2026-08-23 11:00:00,23.549395,87.300496,NH3,3.0,4.0,3.0,2026-08,2026,8
India,West Bengal,Durgapur,"Womens College_City Center, Durgapur - WBPCB",2026-08-23 11:00:00,23.549395,87.300496,SO2,12.0,12.0,12.0,2026-08,2026,8
India,West Bengal,Haldia,"Priyambada Housing Estate, Haldia - WBPCB",2026-08-23 11:00:00,22.06047,88.109737,NO2,8.0,17.0,11.0,2026-08,2026,8
India,West Bengal,Haldia,"Priyambada Housing Estate, Haldia - WBPCB",2026-08-23 11:00:00,22.06047,88.109737,NH3,11.0,14.0,12.0,2026-08,2026,8
India,West Bengal,Haldia,"Priyambada Housing Estate, Haldia - WBPCB",2026-08-23 11:00:00,22.06047,88.109737,CO,22.0,30.0,25.0,2026-08,2026,8
India,West Bengal,Howrah,"Belur Math, Howrah - WBPCB",2026-08-23 11:00:00,22.629801,88.352017,PM10,23.0,78.0,47.0,2026-08,2026,8
India,West Bengal,Howrah,"Belur Math, Howrah - WBPCB",2026-08-23 11:00:00,22.629801,88.352017,NO2,13.0,23.0,17.0,2026-08,2026,8
India,West Bengal,Howrah,"Belur Math, Howrah - WBPCB",2026-08-23 11:00:00,22.629801,88.352017,SO2,8.0,9.0,9.0,2026-08,2026,8
India,West Bengal,Howrah,"Belur Math, Howrah - WBPCB",2026-08-23 11:00:00,22.629801,88.352017,CO,9.0,13.0,11.0,2026-08,2026,8
India,West Bengal,Howrah,"Dasnagar, Howrah - WBPCB",2026-08-23 11:00:00,22.6025571,88.3105664,PM10,17.0,115.0,50.0,2026-08,2026,8
India,West Bengal,Howrah,"Dasnagar, Howrah - WBPCB",2026-08-23 11:00:00,22.6025571,88.3105664,NH3,1.0,3.0,1.0,2026-08,2026,8
India,West Bengal,Howrah,"Dasnagar, Howrah - WBPCB",2026-08-23 11:00:00,22.6025571,88.3105664,CO,30.0,39.0,34.0,2026-08,2026,8
India,West Bengal,Howrah,"Botanical Garden, Howrah - WBPCB",2026-08-23 11:00:00,22.554954,88.292568,PM10,20.0,88.0,50.0,2026-08,2026,8
India,West Bengal,Howrah,"Botanical Garden, Howrah - WBPCB",2026-08-23 11:00:00,22.554954,88.292568,CO,4.0,7.0,5.0,2026-08,2026,8
India,West Bengal,Howrah,"Padmapukur, Howrah - WBPCB",2026-08-23 11:00:00,22.5687319,88.2797276,OZONE,10.0,22.0,15.0,2026-08,2026,8
India,West Bengal,Kolkata,"Bidhannagar, Kolkata - WBPCB",2026-08-23 11:00:00,22.58157048,88.41002457,SO2,6.0,10.0,8.0,2026-08,2026,8
India,West Bengal,Kolkata,"Jadavpur, Kolkata - WBPCB",2026-08-23 11:00:00,22.49929,88.36917,CO,18.0,23.0,21.0,2026-08,2026,8
India,West Bengal,Kolkata,"Rabindra Sarobar, Kolkata - WBPCB",2026-08-23 11:00:00,22.51106,88.35142,NO2,9.0,11.0,10.0,2026-08,2026,8
India,West Bengal,Kolkata,"Ballygunge, Kolkata - WBPCB",2026-08-23 11:00:00,22.5367507,88.3638022,NO2,17.0,28.0,21.0,2026-08,2026,8
India,West Bengal,Kolkata,"Ballygunge, Kolkata - WBPCB",2026-08-23 11:00:00,22.5367507,88.3638022,CO,11.0,14.0,13.0,2026-08,2026,8
India,West Bengal,Kolkata,"Victoria, Kolkata - WBPCB",2026-08-23 11:00:00,22.5448082,88.3403691,PM2.5,16.0,60.0,40.0,2026-08,2026,8
India,West Bengal,Kolkata,"Victoria, Kolkata - WBPCB",2026-08-23 11:00:00,22.5448082,88.3403691,PM10,80.0,107.0,91.0,2026-08,2026,8
India,West Bengal,Kolkata,"Victoria, Kolkata - WBPCB",2026-08-23 11:00:00,22.5448082,88.3403691,SO2,2.0,7.0,5.0,2026-08,2026,8
India,West Bengal,Kolkata,"Victoria, Kolkata - WBPCB",2026-08-23 11:00:00,22.5448082,88.3403691,CO,26.0,35.0,31.0,2026-08,2026,8
India,West Bengal,Siliguri,"Ward-32 Bapupara, Siliguri - WBPCB",2026-08-23 11:00:00,26.6879226,88.4152495,CO,16.0,33.0,24.0,2026-08,2026,8
India,West Bengal,Siliguri,"Ward-32 Bapupara, Siliguri - WBPCB",2026-08-23 11:00:00,26.6879226,88.4152495,OZONE,16.0,18.0,17.0,2026-08,2026,8
India,Bihar,Patna,"DRM Office Danapur, Patna - BSPCB",2026-08-23 11:00:00,25.586562,85.043586,OZONE,15.0,50.0,29.0,2026-08,2026,8
India,Bihar,Patna,"Muradpur, Patna - BSPCB",2026-08-23 11:00:00,25.619651,85.147382,PM10,72.0,81.0,76.0,2026-08,2026,8
India,Bihar,Patna,"Muradpur, Patna - BSPCB",2026-08-23 11:00:00,25.619651,85.147382,CO,44.0,53.0,49.0,2026-08,2026,8
India,Bihar,Patna,"Samanpura, Patna - BSPCB",2026-08-23 11:00:00,25.596727,85.085624,CO,21.0,23.0,22.0,2026-08,2026,8
India,Bihar,Purnia,"Mariam Nagar, Purnia - BSPCB",2026-08-23 11:00:00,25.366336,87.117468,PM2.5,18.0,47.0,29.0,2026-08,2026,8
India,Bihar,Purnia,"Mariam Nagar, Purnia - BSPCB",2026-08-23 11:00:00,25.366336,87.117468,PM10,15.0,35.0,23.0,2026-08,2026,8
India,Bihar,Purnia,"Mariam Nagar, Purnia - BSPCB",2026-08-23 11:00:00,25.366336,87.117468,NO2,17.0,19.0,18.0,2026-08,2026,8
India,Bihar,Purnia,"Mariam Nagar, Purnia - BSPCB",2026-08-23 11:00:00,25.366336,87.117468,SO2,16.0,16.0,16.0,2026-08,2026,8
India,Bihar,Saharsa,"Police Line, Saharsa - BSPCB",2026-08-23 11:00:00,25.892357,86.590325,PM2.5,12.0,26.0,20.0,2026-08,2026,8
India,Bihar,Samastipur,"DM Office_Kasipur, Samastipur - BSPCB",2026-08-23 11:00:00,25.859655,85.77944,SO2,11.0,13.0,12.0,2026-08,2026,8
India,Bihar,Siwan,"Chitragupta Nagar, Siwan - BSPCB",2026-08-23 11:00:00,26.2271665,84.3570427,PM2.5,43.0,98.0,74.0,2026-08,2026,8
India,Bihar,Siwan,"Chitragupta Nagar, Siwan - BSPCB",2026-08-23 11:00:00,26.2271665,84.3570427,NO2,2.0,2.0,2.0,2026-08,2026,8
India,Bihar,Siwan,"Chitragupta Nagar, Siwan - BSPCB",2026-08-23 11:00:00,26.2271665,84.3570427,NH3,1.0,1.0,1.0,2026-08,2026,8
India,Chandigarh,Chandigarh,"Sector 22, Chandigarh - CPCC",2026-08-23 11:00:00,30.735567,76.775714,PM2.5,8.0,43.0,21.0,2026-08,2026,8
India,Chandigarh,Chandigarh,"Sector-25, Chandigarh - CPCC",2026-08-23 11:00:00,30.751462,76.762879,PM10,12.0,71.0,34.0,2026-08,2026,8
India,Assam,Byrnihat,"Central Academy for SFS, Byrnihat - PCBA",2026-08-23 11:00:00,26.071318,91.87488,OZONE,17.0,25.0,20.0,2026-08,2026,8
India,Assam,Guwahati,"IITG, Guwahati - PCBA",2026-08-23 11:00:00,26.2028636,91.70046436,PM2.5,12.0,26.0,20.0,2026-08,2026,8
India,Assam,Guwahati,"IITG, Guwahati - PCBA",2026-08-23 11:00:00,26.2028636,91.70046436,NO2,1.0,4.0,2.0,2026-08,2026,8
India,Assam,Guwahati,"IITG, Guwahati - PCBA",2026-08-23 11:00:00,26.2028636,91.70046436,SO2,32.0,33.0,32.0,2026-08,2026,8
India,Assam,Guwahati,"IITG, Guwahati - PCBA",2026-08-23 11:00:00,26.2028636,91.70046436,OZONE,1.0,9.0,3.0,2026-08,2026,8
India,Assam,Guwahati,"Pan Bazaar, Guwahati - PCBA",2026-08-23 11:00:00,26.1875,91.744194,PM2.5,0.0,35.0,10.0,2026-08,2026,8
India,Assam,Guwahati,"Pan Bazaar, Guwahati - PCBA",2026-08-23 11:00:00,26.1875,91.744194,NO2,1.0,2.0,2.0,2026-08,2026,8
India,Assam,Guwahati,"Pan Bazaar, Guwahati - PCBA",2026-08-23 11:00:00,26.1875,91.744194,CO,12.0,16.0,15.0,2026-08,2026,8
India,Assam,Guwahati,"LGBI Airport, Guwahati - PCBA",2026-08-23 11:00:00,26.10887,91.589544,NH3,3.0,7.0,4.0,2026-08,2026,8
India,Assam,Guwahati,"LGBI Airport, Guwahati - PCBA",2026-08-23 11:00:00,26.10887,91.589544,OZONE,13.0,14.0,14.0,2026-08,2026,8
India,Assam,Guwahati,"Railway Colony, Guwahati - PCBA",2026-08-23 11:00:00,26.181742,91.78063,OZONE,9.0,13.0,10.0,2026-08,2026,8
India,Assam,Nagaon,"Christianpatty, Nagaon - PCBA",2026-08-23 11:00:00,26.349082,92.68449,CO,18.0,26.0,22.0,2026-08,2026,8
India,Assam,Nalbari,"Bata Chowk, Nalbari - PCBA",2026-08-23 11:00:00,26.446912,91.439057,PM10,37.0,84.0,64.0,2026-08,2026,8
India,Assam,Nalbari,"Bata Chowk, Nalbari - PCBA",2026-08-23 11:00:00,26.446912,91.439057,NO2,13.0,15.0,14.0,2026-08,2026,8
India,Assam,Nalbari,"Bata Chowk, Nalbari - PCBA",2026-08-23 11:00:00,26.446912,91.439057,CO,20.0,23.0,22.0,2026-08,2026,8
India,Assam,Silchar,"Tarapur, Silchar - PCBA",2026-08-23 11:00:00,24.82827,92.79525,NO2,19.0,20.0,20.0,2026-08,2026,8
India,Andhra Pradesh,Chittoor,"Gangineni Cheruvu, Chittoor - APPCB",2026-08-23 11:00:00,13.20488,79.097889,NO2,26.0,30.0,28.0,2026-08,2026,8
India,Andhra Pradesh,Eluru,"District Court, Eluru - APPCB",2026-08-23 11:00:00,16.711754,81.092095,PM10,45.0,61.0,53.0,2026-08,2026,8
India,Andhra Pradesh,Eluru,"District Court, Eluru - APPCB",2026-08-23 11:00:00,16.711754,81.092095,NH3,2.0,7.0,4.0,2026-08,2026,8
India,Andhra Pradesh,Eluru,"District Court, Eluru - APPCB",2026-08-23 11:00:00,16.711754,81.092095,SO2,7.0,18.0,9.0,2026-08,2026,8
India,Andhra Pradesh,Guntur,"Rajendra Nagar North, Guntur - APPCB",2026-08-23 11:00:00,16.316553,80.413302,PM10,60.0,74.0,67.0,2026-08,2026,8
India,Andhra Pradesh,Guntur,"Rajendra Nagar North, Guntur - APPCB",2026-08-23 11:00:00,16.316553,80.413302,NO2,20.0,47.0,33.0,2026-08,2026,8
India,Andhra Pradesh,Guntur,"Rajendra Nagar North, Guntur - APPCB",2026-08-23 11:00:00,16.316553,80.413302,NH3,4.0,9.0,7.0,2026-08,2026,8
India,Andhra Pradesh,Kadapa,"Yerramukkapalli, Kadapa - APPCB",2026-08-23 11:00:00,14.465052,78.824187,PM10,42.0,46.0,44.0,2026-08,2026,8
India,Andhra Pradesh,Nellore,"Ambedkar Nagar, Nellore - APPCB ",2026-08-23 11:00:00,14.438164,79.966814,SO2,7.0,8.0,7.0,2026-08,2026,8
India,Andhra Pradesh,Rajamahendravaram,"Anand Kala Kshetram, Rajamahendravaram - APPCB",2026-08-23 11:00:00,16.9872867,81.7363176,CO,14.0,25.0,18.0,2026-08,2026,8
India,Andhra Pradesh,Srikakulam,"Chinna Bharatham Colony, Srikakulam - APPCB",2026-08-23 11:00:00,18.292191,83.897173,SO2,13.0,14.0,14.0,2026-08,2026,8
India,Bihar,Manguraha,"Forest Rest House, Manguraha - BSPCB",2026-08-23 11:00:00,27.308328,84.531742,NH3,0.0,1.0,1.0,2026-08,2026,8
India,Bihar,Munger,"Town Hall, Munger - BSPCB",2026-08-23 11:00:00,25.376776,86.471523,PM2.5,2.0,77.0,27.0,2026-08,2026,8
India,Bihar,Munger,"Town Hall, Munger - BSPCB",2026-08-23 11:00:00,25.376776,86.471523,NO2,10.0,13.0,12.0,2026-08,2026,8
India,Bihar,Munger,"Town Hall, Munger - BSPCB",2026-08-23 11:00:00,25.376776,86.471523,NH3,2.0,3.0,3.0,2026-08,2026,8
India,Bihar,Munger,"Town Hall, Munger - BSPCB",2026-08-23 11:00:00,25.376776,86.471523,SO2,65.0,81.0,74.0,2026-08,2026,8
India,Bihar,Muzaffarpur,"Buddha Colony, Muzaffarpur - BSPCB",2026-08-23 11:00:00,26.11442,85.39813,PM2.5,31.0,89.0,69.0,2026-08,2026,8
India,Bihar,Muzaffarpur,"Buddha Colony, Muzaffarpur - BSPCB",2026-08-23 11:00:00,26.11442,85.39813,SO2,5.0,9.0,7.0,2026-08,2026,8
India,Bihar,Patna,"Rajbansi Nagar, Patna - BSPCB",2026-08-23 11:00:00,25.599486,85.113666,NO2,12.0,26.0,20.0,2026-08,2026,8
India,Bihar,Patna,"Govt. High School Shikarpur, Patna - BSPCB",2026-08-23 11:00:00,25.592539,85.227158,PM2.5,38.0,47.0,42.0,2026-08,2026,8
India,Bihar,Patna,"Govt. High School Shikarpur, Patna - BSPCB",2026-08-23 11:00:00,25.592539,85.227158,NH3,6.0,6.0,6.0,2026-08,2026,8
India,Bihar,Patna,"Govt. High School Shikarpur, Patna - BSPCB",2026-08-23 11:00:00,25.592539,85.227158,OZONE,20.0,69.0,37.0,2026-08,2026,8
India,Bihar,Patna,"DRM Office Danapur, Patna - BSPCB",2026-08-23 11:00:00,25.586562,85.043586,NO2,20.0,25.0,23.0,2026-08,2026,8
India,Bihar,Patna,"DRM Office Danapur, Patna - BSPCB",2026-08-23 11:00:00,25.586562,85.043586,SO2,6.0,7.0,6.0,2026-08,2026,8
India,Assam,Silchar,"Tarapur, Silchar - PCBA",2026-08-23 11:00:00,24.82827,92.79525,CO,24.0,33.0,28.0,2026-08,2026,8
India,Assam,Silchar,"Tarapur, Silchar - PCBA",2026-08-23 11:00:00,24.82827,92.79525,OZONE,5.0,5.0,5.0,2026-08,2026,8
India,Assam,Sivasagar,"Girls College, Sivasagar - PCBA",2026-08-23 11:00:00,26.987634,94.636574,PM2.5,20.0,22.0,21.0,2026-08,2026,8
India,Assam,Sivasagar,"Girls College, Sivasagar - PCBA",2026-08-23 11:00:00,26.987634,94.636574,CO,14.0,17.0,16.0,2026-08,2026,8
India,Bihar,Araria,"Kharahiya Basti, Araria - BSPCB",2026-08-23 11:00:00,26.146529,87.454184,NH3,3.0,6.0,4.0,2026-08,2026,8
India,Bihar,Arrah,"New DM Office, Arrah - BSPCB",2026-08-23 11:00:00,25.5626095,84.663264,NH3,2.0,2.0,2.0,2026-08,2026,8
India,Bihar,Arrah,"New DM Office, Arrah - BSPCB",2026-08-23 11:00:00,25.5626095,84.663264,SO2,5.0,6.0,5.0,2026-08,2026,8
India,Bihar,Aurangabad,"Gurdeo Nagar, Aurangabad - BSPCB",2026-08-23 11:00:00,24.75746,84.366208,NH3,0.0,0.0,0.0,2026-08,2026,8
India,Bihar,Aurangabad,"Gurdeo Nagar, Aurangabad - BSPCB",2026-08-23 11:00:00,24.75746,84.366208,SO2,20.0,23.0,22.0,2026-08,2026,8
India,Bihar,Begusarai,"Lohiyanagar, Begusarai - BSPCB",2026-08-23 11:00:00,25.42742023,86.13886079,OZONE,33.0,45.0,38.0,2026-08,2026,8
India,Bihar,Bettiah,"Kamalnath Nagar, Bettiah - BSPCB",2026-08-23 11:00:00,26.80365,84.51954,NH3,2.0,4.0,3.0,2026-08,2026,8
India,Bihar,Bettiah,"Kamalnath Nagar, Bettiah - BSPCB",2026-08-23 11:00:00,26.80365,84.51954,CO,23.0,39.0,32.0,2026-08,2026,8
India,Chhattisgarh,Korba,"Rampur, Korba - CECB",2026-08-23 11:00:00,22.368195,82.746431,OZONE,13.0,40.0,21.0,2026-08,2026,8
India,Chhattisgarh,Kunjemura,"OP Jindal School, Kunjemura - CECB",2026-08-23 11:00:00,22.12665,83.483212,NH3,2.0,2.0,2.0,2026-08,2026,8
India,Chhattisgarh,Kunjemura,"OP Jindal School, Kunjemura - CECB",2026-08-23 11:00:00,22.12665,83.483212,CO,31.0,52.0,36.0,2026-08,2026,8
India,Chhattisgarh,Milupara,"Govt. Higher Secondary School, Milupara - CECB",2026-08-23 11:00:00,22.1910172,83.5197009,PM10,22.0,82.0,48.0,2026-08,2026,8
India,Chhattisgarh,Raipur,"Bhatagaon New ISBT, Raipur - CECB",2026-08-23 11:00:00,21.219665,81.630094,PM10,15.0,40.0,27.0,2026-08,2026,8
India,Chhattisgarh,Raipur,"Bhatagaon New ISBT, Raipur - CECB",2026-08-23 11:00:00,21.219665,81.630094,SO2,2.0,4.0,2.0,2026-08,2026,8
India,Chhattisgarh,Raipur,"Bhatagaon New ISBT, Raipur - CECB",2026-08-23 11:00:00,21.219665,81.630094,CO,19.0,23.0,21.0,2026-08,2026,8
India,Chhattisgarh,Raipur,"AIIMS, Raipur - CECB",2026-08-23 11:00:00,21.258815,81.578979,NH3,2.0,2.0,2.0,2026-08,2026,8
India,Chhattisgarh,Tumidih,"OP Jindal Industrial Park, Tumidih - CECB",2026-08-23 11:00:00,22.06631475,83.33820077,CO,25.0,37.0,30.0,2026-08,2026,8
India,Chhattisgarh,Tumidih,"OP Jindal Industrial Park, Tumidih - CECB",2026-08-23 11:00:00,22.06631475,83.33820077,OZONE,12.0,26.0,20.0,2026-08,2026,8
India,Andhra Pradesh,Tirumala,"Toll Gate, Tirumala - APPCB",2026-08-23 11:00:00,13.67,79.35,SO2,1.0,22.0,5.0,2026-08,2026,8
India,Andhra Pradesh,Tirumala,"Toll Gate, Tirumala - APPCB",2026-08-23 11:00:00,13.67,79.35,OZONE,7.0,15.0,9.0,2026-08,2026,8
India,Andhra Pradesh,Vijayawada,"Rajiv Nagar, Vijayawada - APPCB",2026-08-23 11:00:00,16.554731,80.64911,NO2,15.0,28.0,18.0,2026-08,2026,8
India,Andhra Pradesh,Visakhapatnam,"GVM Corporation, Visakhapatnam - APPCB",2026-08-23 11:00:00,17.72,83.3,NH3,3.0,4.0,4.0,2026-08,2026,8
India,Andhra Pradesh,Visakhapatnam,"GVM Corporation, Visakhapatnam - APPCB",2026-08-23 11:00:00,17.72,83.3,CO,4.0,21.0,14.0,2026-08,2026,8
India,Arunachal Pradesh,Naharlagun,"Naharlagun, Naharlagun - APSPCB",2026-08-23 11:00:00,27.103358,93.679645,PM2.5,14.0,47.0,33.0,2026-08,2026,8
India,Arunachal Pradesh,Naharlagun,"Naharlagun, Naharlagun - APSPCB",2026-08-23 11:00:00,27.103358,93.679645,NO2,8.0,9.0,8.0,2026-08,2026,8
India,Arunachal Pradesh,Naharlagun,"Naharlagun, Naharlagun - APSPCB",2026-08-23 11:00:00,27.103358,93.679645,OZONE,7.0,7.0,7.0,2026-08,2026,8
India,Assam,Byrnihat,"Central Academy for SFS, Byrnihat - PCBA",2026-08-23 11:00:00,26.071318,91.87488,PM10,75.0,137.0,94.0,2026-08,2026,8
India,Bihar,Bhagalpur,"Mayaganj, Bhagalpur - BSPCB",2026-08-23 11:00:00,25.265194,87.012947,SO2,3.0,102.0,34.0,2026-08,2026,8
India,Bihar,Gaya,"Collectorate, Gaya - BSPCB",2026-08-23 11:00:00,24.7955,84.9994,SO2,7.0,7.0,7.0,2026-08,2026,8
India,Bihar,Gaya,"Collectorate, Gaya - BSPCB",2026-08-23 11:00:00,24.7955,84.9994,OZONE,29.0,29.0,29.0,2026-08,2026,8
India,Bihar,Gaya,"SFTI Kusdihra, Gaya - BSPCB",2026-08-23 11:00:00,24.762518,84.982348,OZONE,2.0,22.0,9.0,2026-08,2026,8
India,Bihar,Gaya,"Kareemganj, Gaya - BSPCB",2026-08-23 11:00:00,24.792403,84.992416,NH3,0.0,2.0,1.0,2026-08,2026,8
India,Bihar,Gaya,"Kareemganj, Gaya - BSPCB",2026-08-23 11:00:00,24.792403,84.992416,CO,53.0,53.0,53.0,2026-08,2026,8
India,Bihar,Hajipur,"Industrial Area, Hajipur - BSPCB",2026-08-23 11:00:00,25.697189,85.2459,PM2.5,24.0,90.0,59.0,2026-08,2026,8
India,Bihar,Hajipur,"Industrial Area, Hajipur - BSPCB",2026-08-23 11:00:00,25.697189,85.2459,NO2,9.0,25.0,14.0,2026-08,2026,8
India,Bihar,Hajipur,"Industrial Area, Hajipur - BSPCB",2026-08-23 11:00:00,25.697189,85.2459,NH3,8.0,11.0,9.0,2026-08,2026,8
India,Chhattisgarh,Bhilai,"32Bungalows, Bhilai - CECB",2026-08-23 11:00:00,21.194815,81.31477,NO2,5.0,14.0,9.0,2026-08,2026,8
India,Chhattisgarh,Bhilai,"32Bungalows, Bhilai - CECB",2026-08-23 11:00:00,21.194815,81.31477,NH3,4.0,6.0,5.0,2026-08,2026,8
India,Chhattisgarh,Bhilai,"32Bungalows, Bhilai - CECB",2026-08-23 11:00:00,21.194815,81.31477,SO2,10.0,14.0,11.0,2026-08,2026,8
India,Chhattisgarh,Bilaspur,"Mangala, Bilaspur - NTPC",2026-08-23 11:00:00,22.08815,82.13737,PM2.5,14.0,43.0,28.0,2026-08,2026,8
India,Chhattisgarh,Korba,"Urja Nagar, Korba - CECB",2026-08-23 11:00:00,22.348441,82.549611,CO,12.0,14.0,13.0,2026-08,2026,8
India,Andhra Pradesh,Anantapur,"Gulzarpet, Anantapur - APPCB",2026-08-23 11:00:00,14.675886,77.593027,NH3,3.0,5.0,5.0,2026-08,2026,8
India,Andhra Pradesh,Anantapur,"Gulzarpet, Anantapur - APPCB",2026-08-23 11:00:00,14.675886,77.593027,SO2,11.0,18.0,13.0,2026-08,2026,8
India,Andhra Pradesh,Chittoor,"Gangineni Cheruvu, Chittoor - APPCB",2026-08-23 11:00:00,13.20488,79.097889,PM10,69.0,81.0,73.0,2026-08,2026,8
India,Delhi,Delhi,"ITO, Delhi - CPCB",2026-08-23 11:00:00,28.628624,77.24106,OZONE,24.0,87.0,49.0,2026-08,2026,8
India,Delhi,Delhi,"Narela, Delhi - DPCC",2026-08-23 11:00:00,28.822836,77.101981,PM2.5,12.0,183.0,71.0,2026-08,2026,8
India,Delhi,Delhi,"Cantonment Area, Delhi - DPCC",2026-08-23 11:00:00,28.594169,77.1251,PM2.5,7.0,69.0,33.0,2026-08,2026,8
India,Delhi,Delhi,"Cantonment Area, Delhi - DPCC",2026-08-23 11:00:00,28.594169,77.1251,SO2,2.0,5.0,4.0,2026-08,2026,8
India,Delhi,Delhi,"Major Dhyan Chand National Stadium, Delhi - DPCC",2026-08-23 11:00:00,28.611281,77.237738,NH3,7.0,11.0,9.0,2026-08,2026,8
India,Delhi,Delhi,"Major Dhyan Chand National Stadium, Delhi - DPCC",2026-08-23 11:00:00,28.611281,77.237738,OZONE,10.0,19.0,16.0,2026-08,2026,8
India,Delhi,Delhi,"Sonia Vihar, Delhi - DPCC",2026-08-23 11:00:00,28.710508,77.249485,NH3,11.0,19.0,13.0,2026-08,2026,8
India,Delhi,Delhi,"Sonia Vihar, Delhi - DPCC",2026-08-23 11:00:00,28.710508,77.249485,CO,27.0,49.0,38.0,2026-08,2026,8
India,Delhi,Delhi,"Bawana, Delhi - DPCC",2026-08-23 11:00:00,28.7762,77.051074,PM2.5,12.0,26.0,20.0,2026-08,2026,8
India,Delhi,Delhi,"Bawana, Delhi - DPCC",2026-08-23 11:00:00,28.7762,77.051074,SO2,12.0,26.0,20.0,2026-08,2026,8
India,Delhi,Delhi,"Okhla Phase-2, Delhi - DPCC",2026-08-23 11:00:00,28.530785,77.271255,PM2.5,22.0,98.0,60.0,2026-08,2026,8
India,Delhi,Delhi,"Okhla Phase-2, Delhi - DPCC",2026-08-23 11:00:00,28.530785,77.271255,PM10,30.0,183.0,111.0,2026-08,2026,8
India,Delhi,Delhi,"Okhla Phase-2, Delhi - DPCC",2026-08-23 11:00:00,28.530785,77.271255,NO2,13.0,56.0,28.0,2026-08,2026,8
India,Delhi,Delhi,"Rohini, Delhi - DPCC",2026-08-23 11:00:00,28.732528,77.11992,NO2,0.0,13.0,4.0,2026-08,2026,8
India,Delhi,Delhi,"Rohini, Delhi - DPCC",2026-08-23 11:00:00,28.732528,77.11992,SO2,9.0,10.0,9.0,2026-08,2026,8
India,Delhi,Delhi,"Rohini, Delhi - DPCC",2026-08-23 11:00:00,28.732528,77.11992,OZONE,11.0,12.0,12.0,2026-08,2026,8
India,Delhi,Delhi,"Vivek Vihar, Delhi - DPCC",2026-08-23 11:00:00,28.672342,77.31526,SO2,6.0,11.0,7.0,2026-08,2026,8
India,Gujarat,Ahmedabad,"Chandkheda, Ahmedabad - IITM",2026-08-23 11:00:00,23.107969,72.574648,PM10,62.0,111.0,88.0,2026-08,2026,8
India,Gujarat,Ahmedabad,"Chandkheda, Ahmedabad - IITM",2026-08-23 11:00:00,23.107969,72.574648,NH3,6.0,8.0,7.0,2026-08,2026,8
India,Gujarat,Ahmedabad,"SAC ISRO Bopal, Ahmedabad - IITM",2026-08-23 11:00:00,23.041137,72.456691,NH3,12.0,26.0,20.0,2026-08,2026,8
India,Gujarat,Ahmedabad,"SAC ISRO Bopal, Ahmedabad - IITM",2026-08-23 11:00:00,23.041137,72.456691,SO2,2.0,4.0,3.0,2026-08,2026,8
India,Gujarat,Ahmedabad,"SAC ISRO Satellite, Ahmedabad - IITM",2026-08-23 11:00:00,23.023389,72.515201,PM10,56.0,113.0,85.0,2026-08,2026,8
India,Gujarat,Ahmedabad,"SAC ISRO Satellite, Ahmedabad - IITM",2026-08-23 11:00:00,23.023389,72.515201,NH3,1.0,2.0,1.0,2026-08,2026,8
India,Gujarat,Ahmedabad,"Gyaspur, Ahmedabad - IITM",2026-08-23 11:00:00,22.977134,72.553024,NO2,33.0,56.0,44.0,2026-08,2026,8
India,Gujarat,Ahmedabad,"Raikhad, Ahmedabad - IITM",2026-08-23 11:00:00,23.020509,72.579261,PM2.5,20.0,83.0,42.0,2026-08,2026,8
India,Gujarat,Ahmedabad,"Raikhad, Ahmedabad - IITM",2026-08-23 11:00:00,23.020509,72.579261,SO2,5.0,8.0,7.0,2026-08,2026,8
India,Gujarat,Ahmedabad,"Raikhad, Ahmedabad - IITM",2026-08-23 11:00:00,23.020509,72.579261,CO,38.0,53.0,45.0,2026-08,2026,8
India,Gujarat,Ankleshwar,"GIDC, Ankleshwar - GPCB",2026-08-23 11:00:00,21.613267,73.010555,PM2.5,22.0,87.0,38.0,2026-08,2026,8
India,Gujarat,Ankleshwar,"GIDC, Ankleshwar - GPCB",2026-08-23 11:00:00,21.613267,73.010555,CO,39.0,52.0,46.0,2026-08,2026,8
India,Gujarat,Bhavnagar,"Vidhyanagar, Bhavnagar - Nexteng Enviro",2026-08-23 11:00:00,21.755417,72.139056,CO,59.0,60.0,60.0,2026-08,2026,8
India,Gujarat,Gandhinagar,"Sector-10, Gandhinagar - GPCB",2026-08-23 11:00:00,23.221714,72.654328,NH3,0.0,0.0,0.0,2026-08,2026,8
India,Gujarat,Vadodara,"Bapunagar, Vadodara - Nexteng Enviro",2026-08-23 11:00:00,22.320153,73.216285,SO2,7.0,8.0,8.0,2026-08,2026,8
India,Gujarat,Vadodara,"Bapunagar, Vadodara - Nexteng Enviro",2026-08-23 11:00:00,22.320153,73.216285,CO,75.0,76.0,76.0,2026-08,2026,8
India,Gujarat,Vapi,"Phase-1 GIDC, Vapi - GPCB",2026-08-23 11:00:00,20.362421,72.918013,CO,12.0,26.0,20.0,2026-08,2026,8
India,Gujarat,Vatva,"Phase-4 GIDC, Vatva - GPCB",2026-08-23 11:00:00,22.969611,72.6435,PM2.5,43.0,184.0,96.0,2026-08,2026,8
India,Gujarat,Vatva,"Phase-4 GIDC, Vatva - GPCB",2026-08-23 11:00:00,22.969611,72.6435,PM10,83.0,152.0,110.0,2026-08,2026,8
India,Gujarat,Vatva,"Phase-4 GIDC, Vatva - GPCB",2026-08-23 11:00:00,22.969611,72.6435,CO,30.0,43.0,36.0,2026-08,2026,8
India,Haryana,Ambala,"Patti Mehar, Ambala - HSPCB",2026-08-23 11:00:00,30.379589,76.778328,PM10,40.0,418.0,134.0,2026-08,2026,8
India,Haryana,Ambala,"Patti Mehar, Ambala - HSPCB",2026-08-23 11:00:00,30.379589,76.778328,NH3,6.0,7.0,6.0,2026-08,2026,8
India,Haryana,Bahadurgarh,"Arya Nagar, Bahadurgarh - HSPCB",2026-08-23 11:00:00,28.6701,76.9254,NH3,6.0,9.0,8.0,2026-08,2026,8
India,Haryana,Ballabgarh,"Nathu Colony, Ballabgarh - HSPCB",2026-08-23 11:00:00,28.3419248,77.319699,NO2,19.0,21.0,20.0,2026-08,2026,8
India,Haryana,Ballabgarh,"Nathu Colony, Ballabgarh - HSPCB",2026-08-23 11:00:00,28.3419248,77.319699,NH3,4.0,5.0,4.0,2026-08,2026,8
India,Haryana,Ballabgarh,"Nathu Colony, Ballabgarh - HSPCB",2026-08-23 11:00:00,28.3419248,77.319699,SO2,2.0,20.0,4.0,2026-08,2026,8
India,Delhi,Delhi,"Burari Crossing, Delhi - IITM",2026-08-23 11:00:00,28.7256504,77.2011573,SO2,12.0,26.0,20.0,2026-08,2026,8
India,Delhi,Delhi,"IMD Lodhi Road, Delhi - IITM",2026-08-23 11:00:00,28.5918245,77.2273074,CO,21.0,27.0,24.0,2026-08,2026,8
India,Delhi,Delhi,"Alipur, Delhi - DPCC",2026-08-23 11:00:00,28.815329,77.15301,PM2.5,5.0,180.0,75.0,2026-08,2026,8
India,Delhi,Delhi,"Alipur, Delhi - DPCC",2026-08-23 11:00:00,28.815329,77.15301,NO2,6.0,64.0,45.0,2026-08,2026,8
India,Delhi,Delhi,"Alipur, Delhi - DPCC",2026-08-23 11:00:00,28.815329,77.15301,CO,27.0,39.0,31.0,2026-08,2026,8
India,Delhi,Delhi,"North Campus, DU, Delhi - IITM",2026-08-23 11:00:00,28.6573814,77.1585447,NH3,12.0,26.0,20.0,2026-08,2026,8
India,Delhi,Delhi,"North Campus, DU, Delhi - IITM",2026-08-23 11:00:00,28.6573814,77.1585447,OZONE,29.0,57.0,41.0,2026-08,2026,8
India,Delhi,Delhi,"R K Puram, Delhi - DPCC",2026-08-23 11:00:00,28.563262,77.186937,PM10,54.0,159.0,108.0,2026-08,2026,8
India,Gujarat,Ahmedabad,"Rakhial, Ahmedabad - IITM",2026-08-23 11:00:00,23.016834,72.625775,PM2.5,42.0,88.0,62.0,2026-08,2026,8
India,Gujarat,Ahmedabad,"Maninagar, Ahmedabad - GPCB",2026-08-23 11:00:00,23.002657,72.591912,PM10,70.0,114.0,87.0,2026-08,2026,8
India,Gujarat,Ahmedabad,"Maninagar, Ahmedabad - GPCB",2026-08-23 11:00:00,23.002657,72.591912,SO2,20.0,34.0,25.0,2026-08,2026,8
India,Delhi,Delhi,"Sirifort, Delhi - CPCB",2026-08-23 11:00:00,28.5504249,77.2159377,SO2,36.0,41.0,39.0,2026-08,2026,8
India,Delhi,Delhi,"Chandni Chowk, Delhi - IITM",2026-08-23 11:00:00,28.656756,77.227234,NO2,12.0,74.0,38.0,2026-08,2026,8
India,Delhi,Delhi,"Chandni Chowk, Delhi - IITM",2026-08-23 11:00:00,28.656756,77.227234,NH3,4.0,5.0,4.0,2026-08,2026,8
India,Delhi,Delhi,"Chandni Chowk, Delhi - IITM",2026-08-23 11:00:00,28.656756,77.227234,OZONE,11.0,28.0,22.0,2026-08,2026,8
India,Delhi,Delhi,"Pusa, Delhi - IITM",2026-08-23 11:00:00,28.63611,77.173332,NO2,10.0,111.0,46.0,2026-08,2026,8
India,Delhi,Delhi,"Pusa, Delhi - IITM",2026-08-23 11:00:00,28.63611,77.173332,SO2,12.0,26.0,20.0,2026-08,2026,8
India,Delhi,Delhi,"DTU, Delhi - CPCB",2026-08-23 11:00:00,28.7500499,77.1112615,NO2,16.0,41.0,22.0,2026-08,2026,8
India,Delhi,Delhi,"Dwarka-Sector 8, Delhi - DPCC ",2026-08-23 11:00:00,28.5710274,77.0719006,NH3,5.0,14.0,8.0,2026-08,2026,8
India,Delhi,Delhi,"Dwarka-Sector 8, Delhi - DPCC ",2026-08-23 11:00:00,28.5710274,77.0719006,SO2,8.0,15.0,12.0,2026-08,2026,8
India,Delhi,Delhi,"Dwarka-Sector 8, Delhi - DPCC ",2026-08-23 11:00:00,28.5710274,77.0719006,OZONE,10.0,13.0,12.0,2026-08,2026,8
India,Delhi,Delhi,"Dr. Karni Singh Shooting Range, Delhi - DPCC",2026-08-23 11:00:00,28.498571,77.26484,PM10,35.0,123.0,89.0,2026-08,2026,8
India,Delhi,Delhi,"Dr. Karni Singh Shooting Range, Delhi - DPCC",2026-08-23 11:00:00,28.498571,77.26484,NH3,4.0,6.0,5.0,2026-08,2026,8
India,Gujarat,Gandhinagar,"GIFT City, Gandhinagar - IITM",2026-08-23 11:00:00,23.163798,72.677768,CO,13.0,19.0,15.0,2026-08,2026,8
India,Gujarat,Mehsana,"Sadanand Nagar, Mehsana - Nexteng Enviro",2026-08-23 11:00:00,23.59315,72.372792,PM2.5,18.0,52.0,37.0,2026-08,2026,8
India,Gujarat,Mehsana,"Sadanand Nagar, Mehsana - Nexteng Enviro",2026-08-23 11:00:00,23.59315,72.372792,NH3,0.0,0.0,0.0,2026-08,2026,8
India,Gujarat,Nandesari,"GIDC, Nandesari - Nandesari Ind. Association",2026-08-23 11:00:00,22.410802,73.097923,PM10,30.0,71.0,45.0,2026-08,2026,8
India,Gujarat,Nandesari,"GIDC, Nandesari - Nandesari Ind. Association",2026-08-23 11:00:00,22.410802,73.097923,NH3,12.0,26.0,20.0,2026-08,2026,8
India,Gujarat,Nandesari,"GIDC, Nandesari - Nandesari Ind. Association",2026-08-23 11:00:00,22.410802,73.097923,SO2,3.0,4.0,3.0,2026-08,2026,8
India,Gujarat,Nandesari,"GIDC, Nandesari - Nandesari Ind. Association",2026-08-23 11:00:00,22.410802,73.097923,CO,19.0,58.0,33.0,2026-08,2026,8
India,Gujarat,Surat,"Science Center, Surat - SMC",2026-08-23 11:00:00,21.170046,72.795405,NH3,12.0,26.0,20.0,2026-08,2026,8
India,Gujarat,Surat,"Katargam, Surat - Nexteng Enviro",2026-08-23 11:00:00,21.217779,72.834787,PM2.5,11.0,65.0,35.0,2026-08,2026,8
India,Gujarat,Surat,"Katargam, Surat - Nexteng Enviro",2026-08-23 11:00:00,21.217779,72.834787,NH3,1.0,1.0,1.0,2026-08,2026,8
India,Gujarat,Surat,"Katargam, Surat - Nexteng Enviro",2026-08-23 11:00:00,21.217779,72.834787,SO2,8.0,10.0,9.0,2026-08,2026,8
India,Delhi,Delhi,"NSUT Jaffarpur, Delhi - DPCC",2026-08-23 11:00:00,28.594004,76.909423,PM10,36.0,128.0,75.0,2026-08,2026,8
India,Delhi,Delhi,"NSUT Jaffarpur, Delhi - DPCC",2026-08-23 11:00:00,28.594004,76.909423,OZONE,0.0,12.0,7.0,2026-08,2026,8
India,Delhi,Delhi,"Mundka, Delhi - DPCC",2026-08-23 11:00:00,28.684678,77.076574,NO2,43.0,90.0,70.0,2026-08,2026,8
India,Delhi,Delhi,"Mundka, Delhi - DPCC",2026-08-23 11:00:00,28.684678,77.076574,CO,36.0,44.0,40.0,2026-08,2026,8
India,Delhi,Delhi,"Ashok Vihar, Delhi - DPCC",2026-08-23 11:00:00,28.695381,77.181665,PM2.5,12.0,190.0,81.0,2026-08,2026,8
India,Delhi,Delhi,"Ashok Vihar, Delhi - DPCC",2026-08-23 11:00:00,28.695381,77.181665,OZONE,7.0,7.0,7.0,2026-08,2026,8
India,Delhi,Delhi,"Anand Vihar, Delhi - DPCC",2026-08-23 11:00:00,28.647622,77.315809,PM10,58.0,485.0,210.0,2026-08,2026,8
India,Delhi,Delhi,"Shadipur, Delhi - CPCB",2026-08-23 11:00:00,28.6514781,77.1473105,NO2,19.0,130.0,37.0,2026-08,2026,8
India,Delhi,Delhi,"Mandir Marg, Delhi - DPCC",2026-08-23 11:00:00,28.636429,77.201067,PM10,35.0,141.0,97.0,2026-08,2026,8
India,Delhi,Delhi,"IGI Airport (T3), Delhi - IITM",2026-08-23 11:00:00,28.5627763,77.1180053,OZONE,27.0,60.0,40.0,2026-08,2026,8
India,Delhi,Delhi,"NSIT Dwarka, Delhi - CPCB",2026-08-23 11:00:00,28.60909,77.0325413,PM2.5,23.0,41.0,30.0,2026-08,2026,8
India,Delhi,Delhi,"NSIT Dwarka, Delhi - CPCB",2026-08-23 11:00:00,28.60909,77.0325413,PM10,46.0,100.0,73.0,2026-08,2026,8
India,Delhi,Delhi,"NSIT Dwarka, Delhi - CPCB",2026-08-23 11:00:00,28.60909,77.0325413,CO,85.0,92.0,88.0,2026-08,2026,8
India,Delhi,Delhi,"Aya Nagar, Delhi - IITM",2026-08-23 11:00:00,28.4706914,77.1099364,PM2.5,25.0,114.0,56.0,2026-08,2026,8
India,Delhi,Delhi,"Patparganj, Delhi - DPCC",2026-08-23 11:00:00,28.623763,77.287209,PM2.5,15.0,83.0,39.0,2026-08,2026,8
India,Delhi,Delhi,"Jawaharlal Nehru Stadium, Delhi - DPCC",2026-08-23 11:00:00,28.58028,77.233829,PM2.5,40.0,150.0,74.0,2026-08,2026,8
India,Delhi,Delhi,"Najafgarh, Delhi - DPCC",2026-08-23 11:00:00,28.570173,76.933762,PM10,42.0,135.0,84.0,2026-08,2026,8
India,Delhi,Delhi,"Wazirpur, Delhi - DPCC",2026-08-23 11:00:00,28.699793,77.165453,PM2.5,47.0,203.0,97.0,2026-08,2026,8
India,Haryana,Panipat,"Sector-18, Panipat - HSPCB",2026-08-23 11:00:00,29.432304,76.972765,NH3,7.0,12.0,9.0,2026-08,2026,8
India,Haryana,Panipat,"Sector-18, Panipat - HSPCB",2026-08-23 11:00:00,29.432304,76.972765,CO,32.0,32.0,32.0,2026-08,2026,8
India,Haryana,Rohtak,"MD University, Rohtak - HSPCB",2026-08-23 11:00:00,28.52123,76.37138,PM10,43.0,118.0,65.0,2026-08,2026,8
India,Haryana,Rohtak,"MD University, Rohtak - HSPCB",2026-08-23 11:00:00,28.52123,76.37138,NH3,12.0,26.0,20.0,2026-08,2026,8
India,Haryana,Sirsa,"F-Block, Sirsa - HSPCB",2026-08-23 11:00:00,29.5364,75.0158,NH3,12.0,14.0,13.0,2026-08,2026,8
India,Haryana,Yamuna Nagar,"Gobind Pura, Yamuna Nagar - HSPCB",2026-08-23 11:00:00,30.1480566,77.2893471,NO2,11.0,21.0,17.0,2026-08,2026,8
India,Haryana,Yamuna Nagar,"Gobind Pura, Yamuna Nagar - HSPCB",2026-08-23 11:00:00,30.1480566,77.2893471,SO2,9.0,15.0,11.0,2026-08,2026,8
India,Haryana,Yamuna Nagar,"Gobind Pura, Yamuna Nagar - HSPCB",2026-08-23 11:00:00,30.1480566,77.2893471,OZONE,61.0,62.0,62.0,2026-08,2026,8
India,Himachal Pradesh,Baddi,"HIMUDA Complex Phase-1, Baddi - HPPCB",2026-08-23 11:00:00,30.943887,76.801991,NH3,3.0,5.0,4.0,2026-08,2026,8
India,Himachal Pradesh,Baddi,"HIMUDA Complex Phase-1, Baddi - HPPCB",2026-08-23 11:00:00,30.943887,76.801991,CO,100.0,102.0,101.0,2026-08,2026,8
India,Jammu and Kashmir,Pampore,"Khrew, Pampore - JKPCC",2026-08-23 11:00:00,34.031606,75.009712,CO,12.0,26.0,20.0,2026-08,2026,8
India,Jammu and Kashmir,Srinagar,"Rajbagh, Srinagar - JKPCC",2026-08-23 11:00:00,34.066206,74.81982,PM2.5,18.0,40.0,27.0,2026-08,2026,8
India,Jammu and Kashmir,Srinagar,"Rajbagh, Srinagar - JKPCC",2026-08-23 11:00:00,34.066206,74.81982,PM10,29.0,63.0,42.0,2026-08,2026,8
India,Jammu and Kashmir,Srinagar,"Khunmoh, Srinagar - JKPCC",2026-08-23 11:00:00,34.06313,74.96017,SO2,3.0,4.0,4.0,2026-08,2026,8
India,Haryana,Bhiwani,"H.B. Colony, Bhiwani - HSPCB",2026-08-23 11:00:00,28.806223,76.141105,NH3,8.0,10.0,9.0,2026-08,2026,8
India,Haryana,Charkhi Dadri,"Mini Secretariat, Charkhi Dadri - HSPCB",2026-08-23 11:00:00,28.593883,76.270653,NH3,5.0,8.0,6.0,2026-08,2026,8
India,Haryana,Charkhi Dadri,"Mini Secretariat, Charkhi Dadri - HSPCB",2026-08-23 11:00:00,28.593883,76.270653,OZONE,11.0,39.0,22.0,2026-08,2026,8
India,Haryana,Dharuhera,"Municipal Corporation Office, Dharuhera -  HSPCB",2026-08-23 11:00:00,28.2068,76.7997,CO,24.0,48.0,33.0,2026-08,2026,8
India,Haryana,Faridabad,"Sector 11, Faridabad - HSPCB",2026-08-23 11:00:00,28.376058,77.315741,PM2.5,29.0,397.0,234.0,2026-08,2026,8
India,Haryana,Faridabad,"Sector 11, Faridabad - HSPCB",2026-08-23 11:00:00,28.376058,77.315741,PM10,34.0,288.0,159.0,2026-08,2026,8
India,Haryana,Faridabad,"Sector 11, Faridabad - HSPCB",2026-08-23 11:00:00,28.376058,77.315741,NH3,8.0,9.0,9.0,2026-08,2026,8
India,Haryana,Faridabad,"Sector 30, Faridabad - HSPCB",2026-08-23 11:00:00,28.4417,77.3217,PM2.5,12.0,26.0,20.0,2026-08,2026,8
India,Haryana,Faridabad,"Sector 30, Faridabad - HSPCB",2026-08-23 11:00:00,28.4417,77.3217,PM10,68.0,143.0,84.0,2026-08,2026,8
India,Haryana,Fatehabad,"Huda Sector, Fatehabad - HSPCB",2026-08-23 11:00:00,29.503664,75.467934,PM2.5,16.0,22.0,18.0,2026-08,2026,8
India,Haryana,Fatehabad,"Huda Sector, Fatehabad - HSPCB",2026-08-23 11:00:00,29.503664,75.467934,NO2,18.0,20.0,19.0,2026-08,2026,8
India,Haryana,Gurugram,"Teri Gram, Gurugram - HSPCB",2026-08-23 11:00:00,28.4275,77.1465,CO,12.0,16.0,14.0,2026-08,2026,8
India,Haryana,Gurugram,"Teri Gram, Gurugram - HSPCB",2026-08-23 11:00:00,28.4275,77.1465,OZONE,7.0,23.0,12.0,2026-08,2026,8
India,Haryana,Gurugram,"NISE Gwal Pahari, Gurugram - IITM",2026-08-23 11:00:00,28.422681,77.148944,PM10,31.0,142.0,90.0,2026-08,2026,8
India,Haryana,Gurugram,"Sector-51, Gurugram - HSPCB",2026-08-23 11:00:00,28.4227,77.0667,NO2,24.0,70.0,40.0,2026-08,2026,8
India,Haryana,Hisar,"Urban Estate-II, Hisar - HSPCB",2026-08-23 11:00:00,29.14056,75.744941,NH3,8.0,11.0,11.0,2026-08,2026,8
India,Haryana,Hisar,"Urban Estate-II, Hisar - HSPCB",2026-08-23 11:00:00,29.14056,75.744941,SO2,14.0,15.0,14.0,2026-08,2026,8
India,Haryana,Jind,"Police Lines, Jind - HSPCB",2026-08-23 11:00:00,29.307814,76.337619,PM10,57.0,69.0,63.0,2026-08,2026,8
India,Haryana,Jind,"Police Lines, Jind - HSPCB",2026-08-23 11:00:00,29.307814,76.337619,NH3,4.0,6.0,5.0,2026-08,2026,8
India,Haryana,Kaithal,"Rishi Nagar, Kaithal - HSPCB",2026-08-23 11:00:00,29.8006,76.4155,SO2,0.0,36.0,4.0,2026-08,2026,8
India,Haryana,Karnal,"Sector-12, Karnal - HSPCB",2026-08-23 11:00:00,29.6953,77.0027,SO2,12.0,13.0,13.0,2026-08,2026,8
India,Haryana,Karnal,"Sector-12, Karnal - HSPCB",2026-08-23 11:00:00,29.6953,77.0027,CO,46.0,61.0,54.0,2026-08,2026,8
India,Haryana,Kurukshetra,"Sector-7, Kurukshetra - HSPCB",2026-08-23 11:00:00,29.966942,76.875879,PM10,34.0,82.0,62.0,2026-08,2026,8
India,Haryana,Kurukshetra,"Sector-7, Kurukshetra - HSPCB",2026-08-23 11:00:00,29.966942,76.875879,NO2,7.0,9.0,8.0,2026-08,2026,8
India,Haryana,Kurukshetra,"Sector-7, Kurukshetra - HSPCB",2026-08-23 11:00:00,29.966942,76.875879,CO,14.0,27.0,22.0,2026-08,2026,8
India,Haryana,Manesar,"Sector-2 IMT, Manesar - HSPCB",2026-08-23 11:00:00,28.360699,76.93609,PM2.5,73.0,305.0,134.0,2026-08,2026,8
India,Madhya Pradesh,Bhopal,"T T Nagar, Bhopal - MPPCB",2026-08-23 11:00:00,23.233584,77.400574,PM2.5,22.0,69.0,42.0,2026-08,2026,8
India,Madhya Pradesh,Bhopal,"T T Nagar, Bhopal - MPPCB",2026-08-23 11:00:00,23.233584,77.400574,PM10,54.0,99.0,73.0,2026-08,2026,8
India,Madhya Pradesh,Damoh,"Shrivastav Colony, Damoh - MPPCB",2026-08-23 11:00:00,23.81748678,79.446246,NH3,12.0,26.0,20.0,2026-08,2026,8
India,Madhya Pradesh,Dewas,"Bhopal Chauraha, Dewas - MPPCB",2026-08-23 11:00:00,22.9682591,76.064118,SO2,44.0,62.0,56.0,2026-08,2026,8
India,Madhya Pradesh,Gwalior,"Maharaj Bada, Gwalior - MPPCB",2026-08-23 11:00:00,26.200388,78.147714,NH3,1.0,4.0,3.0,2026-08,2026,8
India,Madhya Pradesh,Gwalior,"City Center, Gwalior - MPPCB",2026-08-23 11:00:00,26.203442,78.193251,OZONE,39.0,45.0,41.0,2026-08,2026,8
India,Madhya Pradesh,Gwalior,"Deen Dayal Nagar, Gwalior - MPPCB",2026-08-23 11:00:00,26.259242,78.216432,CO,53.0,57.0,55.0,2026-08,2026,8
India,Madhya Pradesh,Indore,"Regional Park, Indore - IMC",2026-08-23 11:00:00,22.678,75.8559,PM2.5,2.0,42.0,22.0,2026-08,2026,8
India,Madhya Pradesh,Indore,"Chhoti Gwaltoli, Indore - MPPCB",2026-08-23 11:00:00,22.431,75.5213,NO2,44.0,84.0,61.0,2026-08,2026,8
India,Madhya Pradesh,Indore,"Chhoti Gwaltoli, Indore - MPPCB",2026-08-23 11:00:00,22.431,75.5213,CO,17.0,27.0,22.0,2026-08,2026,8
India,Karnataka,Ramanagara,"Vijay Nagar, Ramanagara - KSPCB",2026-08-23 11:00:00,12.733409,77.298051,SO2,17.0,18.0,18.0,2026-08,2026,8
India,Karnataka,Yadgir,"Collector Office, Yadgir - KSPCB",2026-08-23 11:00:00,16.7602,77.1428,NH3,0.0,1.0,0.0,2026-08,2026,8
India,Karnataka,Yadgir,"Collector Office, Yadgir - KSPCB",2026-08-23 11:00:00,16.7602,77.1428,SO2,12.0,26.0,20.0,2026-08,2026,8
India,Karnataka,Yadgir,"Collector Office, Yadgir - KSPCB",2026-08-23 11:00:00,16.7602,77.1428,OZONE,33.0,33.0,33.0,2026-08,2026,8
India,Kerala,Thiruvananthapuram,"Plammoodu, Thiruvananthapuram - Kerala PCB",2026-08-23 11:00:00,8.5149093,76.9435879,NH3,1.0,1.0,1.0,2026-08,2026,8
India,Kerala,Thiruvananthapuram,"Kariavattom, Thiruvananthapuram - Kerala PCB",2026-08-23 11:00:00,8.5637,76.8865,OZONE,30.0,31.0,30.0,2026-08,2026,8
India,Kerala,Thrissur,"Corporation Ground, Thrissur - Kerala PCB",2026-08-23 11:00:00,10.5324,76.2159,NH3,0.0,0.0,0.0,2026-08,2026,8
India,Ladakh,Leh,"Skara Yokma, Leh - LPCC",2026-08-23 11:00:00,34.147096,77.55709,PM2.5,2.0,43.0,14.0,2026-08,2026,8
India,Ladakh,Leh,"Skara Yokma, Leh - LPCC",2026-08-23 11:00:00,34.147096,77.55709,NH3,12.0,26.0,20.0,2026-08,2026,8
India,Ladakh,Leh,"Skara Yokma, Leh - LPCC",2026-08-23 11:00:00,34.147096,77.55709,SO2,9.0,11.0,10.0,2026-08,2026,8
India,Ladakh,Leh,"Skara Yokma, Leh - LPCC",2026-08-23 11:00:00,34.147096,77.55709,OZONE,76.0,301.0,172.0,2026-08,2026,8
India,Karnataka,Gadag,"Panchal Nagar, Gadag - KSPCB",2026-08-23 11:00:00,15.411456,75.638133,NH3,3.0,4.0,4.0,2026-08,2026,8
India,Karnataka,Hubballi,"Lingaraj Nagar, Hubballi - KSPCB",2026-08-23 11:00:00,15.3714823,75.1160168,NO2,7.0,11.0,10.0,2026-08,2026,8
India,Karnataka,Hubballi,"Lingaraj Nagar, Hubballi - KSPCB",2026-08-23 11:00:00,15.3714823,75.1160168,OZONE,22.0,27.0,25.0,2026-08,2026,8
India,Karnataka,Kalaburagi,"Mahatma Basaveswar Colony, Kalaburgi - KSPCB",2026-08-23 11:00:00,17.336318,76.847397,PM10,18.0,54.0,23.0,2026-08,2026,8
India,Karnataka,Karwar,"KHB Colony, Karwar - KSPCB",2026-08-23 11:00:00,14.816666,74.141003,NO2,14.0,211.0,66.0,2026-08,2026,8
India,Karnataka,Madikeri,"Stuart Hill, Madikeri - KSPCB",2026-08-23 11:00:00,12.415911,75.73505,PM10,3.0,25.0,11.0,2026-08,2026,8
India,Karnataka,Madikeri,"Stuart Hill, Madikeri - KSPCB",2026-08-23 11:00:00,12.415911,75.73505,NH3,1.0,1.0,1.0,2026-08,2026,8
India,Karnataka,Mangalore,"Kadri, Mangalore - KSPCB",2026-08-23 11:00:00,12.88925,74.853,PM10,20.0,68.0,43.0,2026-08,2026,8
India,Karnataka,Mysuru,"Hebbal 1st Stage, Mysuru - KSPCB",2026-08-23 11:00:00,12.21041,76.37376,SO2,2.0,6.0,3.0,2026-08,2026,8
India,Jharkhand,Jorapokhar,"Tata Stadium, Jorapokhar - JSPCB",2026-08-23 11:00:00,23.707909,86.41467,NH3,3.0,3.0,3.0,2026-08,2026,8
India,Jharkhand,Jorapokhar,"Tata Stadium, Jorapokhar - JSPCB",2026-08-23 11:00:00,23.707909,86.41467,SO2,21.0,21.0,21.0,2026-08,2026,8
India,Karnataka,Belgaum,"Ramteerth Nagar, Belgaum - KSPCB",2026-08-23 11:00:00,15.888653,74.541751,NO2,12.0,26.0,20.0,2026-08,2026,8
India,Karnataka,Belgaum,"Ramteerth Nagar, Belgaum - KSPCB",2026-08-23 11:00:00,15.888653,74.541751,CO,2.0,2.0,2.0,2026-08,2026,8
India,Karnataka,Bengaluru,"Jigani, Bengaluru - KSPCB",2026-08-23 11:00:00,12.7816279,77.6299145,PM10,47.0,183.0,61.0,2026-08,2026,8
India,Karnataka,Bengaluru,"City Railway Station, Bengaluru - KSPCB",2026-08-23 11:00:00,12.9756843,77.5660749,OZONE,12.0,26.0,20.0,2026-08,2026,8
India,Karnataka,Bengaluru,"Jayanagar 5th Block, Bengaluru - KSPCB",2026-08-23 11:00:00,12.920984,77.584908,PM10,21.0,61.0,41.0,2026-08,2026,8
India,Karnataka,Bengaluru,"Hombegowda Nagar, Bengaluru - KSPCB",2026-08-23 11:00:00,12.938539,77.5901,PM10,25.0,60.0,49.0,2026-08,2026,8
India,Karnataka,Bengaluru,"Peenya, Bengaluru - CPCB",2026-08-23 11:00:00,13.0270199,77.494094,SO2,6.0,15.0,10.0,2026-08,2026,8
India,Karnataka,Bengaluru,"Bapuji Nagar, Bengaluru - KSPCB",2026-08-23 11:00:00,12.951913,77.539784,PM10,29.0,74.0,42.0,2026-08,2026,8
India,Karnataka,Bengaluru,"Bapuji Nagar, Bengaluru - KSPCB",2026-08-23 11:00:00,12.951913,77.539784,OZONE,20.0,28.0,23.0,2026-08,2026,8
India,Karnataka,Chamarajanagar,"Urban, Chamarajanagar - KSPCB",2026-08-23 11:00:00,11.55358,76.55521,PM2.5,29.0,31.0,30.0,2026-08,2026,8
India,Karnataka,Chamarajanagar,"Urban, Chamarajanagar - KSPCB",2026-08-23 11:00:00,11.55358,76.55521,SO2,4.0,4.0,4.0,2026-08,2026,8
India,Karnataka,Chikkaballapur,"Chikkaballapur Rural, Chikkaballapur - KSPCB",2026-08-23 11:00:00,13.428828,77.731418,PM2.5,12.0,26.0,20.0,2026-08,2026,8
India,Karnataka,Chikkamagaluru,"Kalyana Nagara, Chikkamagaluru - KSPCB",2026-08-23 11:00:00,13.328028,75.797056,NH3,2.0,3.0,2.0,2026-08,2026,8
India,Karnataka,Chikkamagaluru,"Kalyana Nagara, Chikkamagaluru - KSPCB",2026-08-23 11:00:00,13.328028,75.797056,OZONE,23.0,30.0,25.0,2026-08,2026,8
India,Karnataka,Gadag,"Panchal Nagar, Gadag - KSPCB",2026-08-23 11:00:00,15.411456,75.638133,PM10,69.0,120.0,98.0,2026-08,2026,8
India,Haryana,Narnaul,"Shastri Nagar, Narnaul - HSPCB",2026-08-23 11:00:00,28.060249,76.113115,PM2.5,44.0,75.0,58.0,2026-08,2026,8
India,Haryana,Narnaul,"Shastri Nagar, Narnaul - HSPCB",2026-08-23 11:00:00,28.060249,76.113115,OZONE,10.0,45.0,18.0,2026-08,2026,8
India,Haryana,Palwal,"Shyam Nagar, Palwal - HSPCB",2026-08-23 11:00:00,28.1485564,77.3320667,CO,21.0,117.0,51.0,2026-08,2026,8
India,Haryana,Panchgaon,"Amity University, Panchgaon - IITM",2026-08-23 11:00:00,28.3153,76.9143,PM10,33.0,66.0,44.0,2026-08,2026,8
India,Haryana,Panchkula,"Sector-6, Panchkula - HSPCB ",2026-08-23 11:00:00,30.7057778,76.8531805555555,PM2.5,27.0,78.0,46.0,2026-08,2026,8
India,Haryana,Panipat,"Sector-18, Panipat - HSPCB",2026-08-23 11:00:00,29.432304,76.972765,PM2.5,26.0,235.0,127.0,2026-08,2026,8
India,Haryana,Panipat,"Sector-18, Panipat - HSPCB",2026-08-23 11:00:00,29.432304,76.972765,PM10,33.0,178.0,124.0,2026-08,2026,8
India,Madhya Pradesh,Indore,"Airport Area, Indore - IMC",2026-08-23 11:00:00,22.7289,75.8076,NH3,12.0,26.0,20.0,2026-08,2026,8
India,Madhya Pradesh,Indore,"Maguda Nagar, Indore - IMC",2026-08-23 11:00:00,22.7524,75.8872,PM10,11.0,48.0,30.0,2026-08,2026,8
India,Madhya Pradesh,Indore,"Maguda Nagar, Indore - IMC",2026-08-23 11:00:00,22.7524,75.8872,NO2,3.0,5.0,4.0,2026-08,2026,8
India,Madhya Pradesh,Indore,"Residency Area, Indore - IMC",2026-08-23 11:00:00,22.7084,75.8815,NH3,0.0,0.0,0.0,2026-08,2026,8
India,Madhya Pradesh,Jabalpur,"Marhatal, Jabalpur - MPPCB",2026-08-23 11:00:00,23.168606,79.932247,SO2,9.0,13.0,11.0,2026-08,2026,8
India,Madhya Pradesh,Jabalpur,"Gupteshwar, Jabalpur - JMC",2026-08-23 11:00:00,23.142888,79.916147,NO2,68.0,93.0,74.0,2026-08,2026,8
India,Madhya Pradesh,Jabalpur,"Gupteshwar, Jabalpur - JMC",2026-08-23 11:00:00,23.142888,79.916147,CO,20.0,26.0,22.0,2026-08,2026,8
India,Madhya Pradesh,Jabalpur,"Govindh Bhavan Colony, Jabalpur - JMC",2026-08-23 11:00:00,23.163174,79.973061,NH3,9.0,10.0,10.0,2026-08,2026,8
India,Madhya Pradesh,Jabalpur,"Govindh Bhavan Colony, Jabalpur - JMC",2026-08-23 11:00:00,23.163174,79.973061,OZONE,10.0,17.0,13.0,2026-08,2026,8
India,Madhya Pradesh,Jabalpur,"Suhagi, Jabalpur - JMC",2026-08-23 11:00:00,23.218135,79.95777,PM2.5,27.0,71.0,49.0,2026-08,2026,8
India,Madhya Pradesh,Jabalpur,"Suhagi, Jabalpur - JMC",2026-08-23 11:00:00,23.218135,79.95777,PM10,32.0,80.0,56.0,2026-08,2026,8
India,Madhya Pradesh,Jabalpur,"Suhagi, Jabalpur - JMC",2026-08-23 11:00:00,23.218135,79.95777,NO2,37.0,47.0,41.0,2026-08,2026,8
India,Madhya Pradesh,Mandideep,"Sector-D Industrial Area, Mandideep - MPPCB",2026-08-23 11:00:00,23.10844,77.511428,PM10,65.0,104.0,84.0,2026-08,2026,8
India,Madhya Pradesh,Mandideep,"Sector-D Industrial Area, Mandideep - MPPCB",2026-08-23 11:00:00,23.10844,77.511428,SO2,1.0,8.0,5.0,2026-08,2026,8
India,Madhya Pradesh,Pithampur,"Sector-2 Industrial Area, Pithampur - MPPCB",2026-08-23 11:00:00,22.624758,75.675238,CO,22.0,108.0,34.0,2026-08,2026,8
India,Maharashtra,Mumbai,"Worli, Mumbai - MPCB",2026-08-23 11:00:00,18.9936162,72.8128113,PM10,43.0,78.0,63.0,2026-08,2026,8
India,Maharashtra,Mumbai,"Worli, Mumbai - MPCB",2026-08-23 11:00:00,18.9936162,72.8128113,CO,35.0,41.0,38.0,2026-08,2026,8
India,Maharashtra,Mumbai,"Navy Nagar-Colaba, Mumbai - IITM",2026-08-23 11:00:00,18.897756,72.81332,PM2.5,15.0,48.0,30.0,2026-08,2026,8
India,Maharashtra,Mumbai,"Navy Nagar-Colaba, Mumbai - IITM",2026-08-23 11:00:00,18.897756,72.81332,NH3,1.0,8.0,3.0,2026-08,2026,8
India,Maharashtra,Mumbai,"Navy Nagar-Colaba, Mumbai - IITM",2026-08-23 11:00:00,18.897756,72.81332,CO,14.0,19.0,16.0,2026-08,2026,8
India,Maharashtra,Mumbai,"Navy Nagar-Colaba, Mumbai - IITM",2026-08-23 11:00:00,18.897756,72.81332,OZONE,20.0,26.0,24.0,2026-08,2026,8
India,Maharashtra,Mumbai,"Mulund West, Mumbai - MPCB",2026-08-23 11:00:00,19.175,72.9419,PM2.5,2.0,20.0,12.0,2026-08,2026,8
India,Maharashtra,Mumbai,"Mulund West, Mumbai - MPCB",2026-08-23 11:00:00,19.175,72.9419,NH3,4.0,5.0,4.0,2026-08,2026,8
India,Maharashtra,Mumbai,"Kandivali West, Mumbai - BMC",2026-08-23 11:00:00,19.215859,72.831718,NH3,3.0,3.0,3.0,2026-08,2026,8
India,Maharashtra,Mumbai,"Kandivali West, Mumbai - BMC",2026-08-23 11:00:00,19.215859,72.831718,OZONE,7.0,10.0,9.0,2026-08,2026,8
India,Maharashtra,Mumbai,"Sewri, Mumbai - BMC",2026-08-23 11:00:00,19.000084,72.85673,CO,19.0,19.0,19.0,2026-08,2026,8
India,Maharashtra,Mumbai,"Malad West, Mumbai - IITM",2026-08-23 11:00:00,19.19709,72.82204,NH3,2.0,4.0,2.0,2026-08,2026,8
India,Maharashtra,Mumbai,"Malad West, Mumbai - IITM",2026-08-23 11:00:00,19.19709,72.82204,OZONE,4.0,11.0,8.0,2026-08,2026,8
India,Maharashtra,Mumbai,"Borivali East, Mumbai - IITM",2026-08-23 11:00:00,19.23241,72.86895,NH3,2.0,3.0,2.0,2026-08,2026,8
India,Maharashtra,Mumbai,"Mazgaon, Mumbai - IITM",2026-08-23 11:00:00,18.96702,72.84214,PM2.5,10.0,49.0,23.0,2026-08,2026,8
India,Maharashtra,Mumbai,"Mazgaon, Mumbai - IITM",2026-08-23 11:00:00,18.96702,72.84214,NO2,23.0,36.0,28.0,2026-08,2026,8
India,Maharashtra,Mumbai,"Mazgaon, Mumbai - IITM",2026-08-23 11:00:00,18.96702,72.84214,SO2,7.0,11.0,9.0,2026-08,2026,8
India,Maharashtra,Mumbai,"Mazgaon, Mumbai - IITM",2026-08-23 11:00:00,18.96702,72.84214,CO,58.0,70.0,66.0,2026-08,2026,8
India,Maharashtra,Aurangabad,"Rachnakar Colony, Aurangabad - MPCB",2026-08-23 11:00:00,19.863756,75.321188,NH3,1.0,2.0,1.0,2026-08,2026,8
India,Maharashtra,Aurangabad,"More Chowk Waluj, Aurangabad - MPCB",2026-08-23 11:00:00,19.8389439,75.244448,NO2,8.0,12.0,10.0,2026-08,2026,8
India,Maharashtra,Badlapur,"Katrap, Badlapur - MPCB",2026-08-23 11:00:00,19.16485,73.23409,NO2,15.0,17.0,16.0,2026-08,2026,8
India,Maharashtra,Beed,"Bir, Beed - MPCB",2026-08-23 11:00:00,18.988474,75.753873,PM2.5,12.0,26.0,20.0,2026-08,2026,8
India,Maharashtra,Belapur,"CBD Belapur, Belapur - MPCB",2026-08-23 11:00:00,19.0243902,73.0406721,NO2,17.0,32.0,23.0,2026-08,2026,8
India,Maharashtra,Belapur,"CBD Belapur, Belapur - MPCB",2026-08-23 11:00:00,19.0243902,73.0406721,NH3,0.0,3.0,2.0,2026-08,2026,8
India,Maharashtra,Bhiwandi,"Gokul Nagar, Bhiwandi - MPCB",2026-08-23 11:00:00,19.309073,73.057223,PM2.5,25.0,41.0,31.0,2026-08,2026,8
India,Maharashtra,Bhiwandi,"Gokul Nagar, Bhiwandi - MPCB",2026-08-23 11:00:00,19.309073,73.057223,PM10,24.0,42.0,30.0,2026-08,2026,8
India,Maharashtra,Chandrapur,"MIDC Khutala, Chandrapur - MPCB",2026-08-23 11:00:00,19.9775302,79.2337086,SO2,1.0,5.0,3.0,2026-08,2026,8
India,Maharashtra,Chandrapur,"MIDC Khutala, Chandrapur - MPCB",2026-08-23 11:00:00,19.9775302,79.2337086,CO,37.0,43.0,40.0,2026-08,2026,8
India,Maharashtra,Chandrapur,"MIDC Khutala, Chandrapur - MPCB",2026-08-23 11:00:00,19.9775302,79.2337086,OZONE,4.0,7.0,5.0,2026-08,2026,8
India,Maharashtra,Chandrapur,"Chauhan Colony, Chandrapur - MPCB",2026-08-23 11:00:00,19.9629,79.298714,NH3,1.0,2.0,1.0,2026-08,2026,8
India,Maharashtra,Dombivli,"Kalu Nagar, Dombivli - MPCB",2026-08-23 11:00:00,19.2268427,73.0788456,NO2,4.0,21.0,12.0,2026-08,2026,8
India,Maharashtra,Latur,"Sawe Wadi, Latur - MPCB",2026-08-23 11:00:00,18.39963,76.57452,OZONE,8.0,24.0,12.0,2026-08,2026,8
India,Maharashtra,Mahad,"Kamble Tarf Birwadi, Mahad - MPCB",2026-08-23 11:00:00,18.1023399,73.4783687,NH3,3.0,3.0,3.0,2026-08,2026,8
India,Maharashtra,Mira-Bhayandar,"Bhayandar West, Mira-Bhayandar - MPCB",2026-08-23 11:00:00,19.296481,72.840923,PM10,22.0,35.0,26.0,2026-08,2026,8
India,Maharashtra,Mira-Bhayandar,"Bhayandar West, Mira-Bhayandar - MPCB",2026-08-23 11:00:00,19.296481,72.840923,NO2,3.0,7.0,4.0,2026-08,2026,8
India,Maharashtra,Mumbai,"Sion, Mumbai - MPCB",2026-08-23 11:00:00,19.047,72.8746,SO2,5.0,5.0,5.0,2026-08,2026,8
India,Maharashtra,Mumbai,"Siddharth Nagar-Worli, Mumbai - IITM",2026-08-23 11:00:00,19.000083,72.813993,NO2,9.0,14.0,11.0,2026-08,2026,8
India,Maharashtra,Mumbai,"Bandra Kurla Complex, Mumbai - MPCB",2026-08-23 11:00:00,19.065931,72.862131,PM2.5,15.0,69.0,35.0,2026-08,2026,8
India,Maharashtra,Mumbai,"Bandra Kurla Complex, Mumbai - MPCB",2026-08-23 11:00:00,19.065931,72.862131,SO2,3.0,4.0,3.0,2026-08,2026,8
India,Maharashtra,Mumbai,"Byculla, Mumbai - BMC",2026-08-23 11:00:00,18.9767,72.838,PM2.5,12.0,23.0,18.0,2026-08,2026,8
India,Maharashtra,Mumbai,"Byculla, Mumbai - BMC",2026-08-23 11:00:00,18.9767,72.838,NO2,5.0,17.0,11.0,2026-08,2026,8
India,Maharashtra,Mumbai,"Mindspace-Malad West, Mumbai - MPCB",2026-08-23 11:00:00,19.1878657,72.8304069,SO2,4.0,4.0,4.0,2026-08,2026,8
India,Maharashtra,Mumbai,"Bandra Kurla Complex, Mumbai - IITM",2026-08-23 11:00:00,19.053536,72.84643,PM2.5,13.0,43.0,22.0,2026-08,2026,8
India,Maharashtra,Mumbai,"Kurla, Mumbai - MPCB",2026-08-23 11:00:00,19.0863,72.8888,CO,25.0,25.0,25.0,2026-08,2026,8
India,Maharashtra,Mumbai,"Ghatkopar, Mumbai - BMC",2026-08-23 11:00:00,19.083694,72.920967,OZONE,2.0,8.0,5.0,2026-08,2026,8
India,Maharashtra,Mumbai,"Deonar, Mumbai - IITM",2026-08-23 11:00:00,19.04946,72.923,PM2.5,9.0,31.0,20.0,2026-08,2026,8
India,Maharashtra,Mumbai,"Deonar, Mumbai - IITM",2026-08-23 11:00:00,19.04946,72.923,NO2,4.0,16.0,8.0,2026-08,2026,8
India,Maharashtra,Nagpur,"Mahal, Nagpur - MPCB",2026-08-23 11:00:00,21.14472,79.107595,PM2.5,32.0,53.0,42.0,2026-08,2026,8
India,Maharashtra,Nagpur,"Ram Nagar, Nagpur - MPCB",2026-08-23 11:00:00,21.143383,79.048912,CO,7.0,9.0,8.0,2026-08,2026,8
India,Maharashtra,Nagpur,"Opp GPO Civil Lines, Nagpur - MPCB",2026-08-23 11:00:00,21.152875,79.0517531,NH3,5.0,5.0,5.0,2026-08,2026,8
India,Maharashtra,Nagpur,"Ambazari, Nagpur - MPCB",2026-08-23 11:00:00,21.121801,79.04952,PM2.5,16.0,59.0,40.0,2026-08,2026,8
India,Maharashtra,Nagpur,"Ambazari, Nagpur - MPCB",2026-08-23 11:00:00,21.121801,79.04952,NO2,5.0,17.0,11.0,2026-08,2026,8
India,Maharashtra,Nagpur,"Ambazari, Nagpur - MPCB",2026-08-23 11:00:00,21.121801,79.04952,CO,10.0,23.0,15.0,2026-08,2026,8
India,Maharashtra,Navi Mumbai,"Tondare-Taloja, Navi Mumbai - MPCB",2026-08-23 11:00:00,19.063,73.1209,NH3,6.0,11.0,9.0,2026-08,2026,8
India,Maharashtra,Navi Mumbai,"Tondare-Taloja, Navi Mumbai - MPCB",2026-08-23 11:00:00,19.063,73.1209,SO2,0.0,7.0,3.0,2026-08,2026,8
India,Maharashtra,Navi Mumbai,"Sanpada, Navi Mumbai - MPCB",2026-08-23 11:00:00,19.0575752,73.0151367,OZONE,1.0,9.0,4.0,2026-08,2026,8
India,Maharashtra,Navi Mumbai,"Sector-2E Kalamboli, Navi Mumbai - MPCB",2026-08-23 11:00:00,19.02579,73.10297,NO2,0.0,10.0,6.0,2026-08,2026,8
India,Maharashtra,Navi Mumbai,"Sector-2E Kalamboli, Navi Mumbai - MPCB",2026-08-23 11:00:00,19.02579,73.10297,OZONE,5.0,15.0,9.0,2026-08,2026,8
India,Maharashtra,Navi Mumbai,"Mahape, Navi Mumbai - MPCB",2026-08-23 11:00:00,19.1135051,73.008978,PM2.5,5.0,32.0,15.0,2026-08,2026,8
India,Maharashtra,Navi Mumbai,"Mahape, Navi Mumbai - MPCB",2026-08-23 11:00:00,19.1135051,73.008978,PM10,32.0,74.0,51.0,2026-08,2026,8
India,Maharashtra,Navi Mumbai,"Mahape, Navi Mumbai - MPCB",2026-08-23 11:00:00,19.1135051,73.008978,SO2,14.0,15.0,15.0,2026-08,2026,8
India,Maharashtra,Navi Mumbai,"Nerul, Navi Mumbai - MPCB",2026-08-23 11:00:00,19.008751,73.01662,SO2,12.0,26.0,20.0,2026-08,2026,8
India,Maharashtra,Navi Mumbai,"Nerul, Navi Mumbai - MPCB",2026-08-23 11:00:00,19.008751,73.01662,OZONE,12.0,26.0,20.0,2026-08,2026,8
India,Maharashtra,Parbhani,"Masoom Colony, Parbhani - MPCB",2026-08-23 11:00:00,19.265594,76.761463,SO2,12.0,26.0,20.0,2026-08,2026,8
India,Maharashtra,Nashik,"Gangapur Road, Nashik - MPCB",2026-08-23 11:00:00,20.0073285,73.7762427,PM10,11.0,42.0,23.0,2026-08,2026,8
India,Maharashtra,Nashik,"Gangapur Road, Nashik - MPCB",2026-08-23 11:00:00,20.0073285,73.7762427,NO2,5.0,5.0,5.0,2026-08,2026,8
India,Maharashtra,Nashik,"Pandav Nagari, Nashik - MPCB",2026-08-23 11:00:00,19.9591346,73.7788008,SO2,4.0,8.0,6.0,2026-08,2026,8
India,Maharashtra,Nashik,"Hirawadi, Nashik - MPCB",2026-08-23 11:00:00,20.021503,73.813844,NH3,3.0,3.0,3.0,2026-08,2026,8
India,Maharashtra,Nashik,"Hirawadi, Nashik - MPCB",2026-08-23 11:00:00,20.021503,73.813844,OZONE,10.0,16.0,13.0,2026-08,2026,8
India,Maharashtra,Nashik,"MIDC Ambad, Nashik - MPCB",2026-08-23 11:00:00,19.95022,73.73148,NH3,2.0,4.0,3.0,2026-08,2026,8
India,Maharashtra,Navi Mumbai,"Kopripada-Vashi, Navi Mumbai - MPCB",2026-08-23 11:00:00,19.090337,73.014232,PM10,31.0,51.0,40.0,2026-08,2026,8
India,Maharashtra,Navi Mumbai,"Kopripada-Vashi, Navi Mumbai - MPCB",2026-08-23 11:00:00,19.090337,73.014232,NO2,6.0,11.0,8.0,2026-08,2026,8
India,Maharashtra,Hingoli,"Ashta Vinayak Nagar, Hingoli - MPCB",2026-08-23 11:00:00,19.710842,77.151824,PM2.5,15.0,45.0,25.0,2026-08,2026,8
India,Maharashtra,Hingoli,"Ashta Vinayak Nagar, Hingoli - MPCB",2026-08-23 11:00:00,19.710842,77.151824,PM10,27.0,331.0,65.0,2026-08,2026,8
India,Maharashtra,Jalgaon,"Prabhat Colony, Jalgaon - MPCB",2026-08-23 11:00:00,21.001264,75.565602,NH3,1.0,2.0,1.0,2026-08,2026,8
India,Maharashtra,Kalyan,"Khadakpada, Kalyan - MPCB",2026-08-23 11:00:00,19.25292,73.142019,PM2.5,21.0,138.0,57.0,2026-08,2026,8
India,Maharashtra,Kalyan,"Khadakpada, Kalyan - MPCB",2026-08-23 11:00:00,19.25292,73.142019,SO2,12.0,26.0,20.0,2026-08,2026,8
India,Maharashtra,Kalyan,"Pimpleshwar Mandir, Kalyan - MPCB",2026-08-23 11:00:00,19.192056,72.9585188,PM10,43.0,69.0,49.0,2026-08,2026,8
India,Maharashtra,Latur,"Sawe Wadi, Latur - MPCB",2026-08-23 11:00:00,18.39963,76.57452,PM10,21.0,58.0,40.0,2026-08,2026,8
India,Madhya Pradesh,Sagar,"Civil Lines, Sagar - MPPCB",2026-08-23 11:00:00,23.838586,78.759431,PM2.5,2.0,61.0,27.0,2026-08,2026,8
India,Maharashtra,Ahmednagar,"Tarakpur, Ahmednagar - MPCB",2026-08-23 11:00:00,19.10122,74.73339,NO2,5.0,14.0,8.0,2026-08,2026,8
India,Maharashtra,Ambernath,"Chinchpada, Ambernath - MPCB",2026-08-23 11:00:00,19.215784,73.199781,PM2.5,20.0,60.0,33.0,2026-08,2026,8
India,Maharashtra,Ambernath,"Chinchpada, Ambernath - MPCB",2026-08-23 11:00:00,19.215784,73.199781,NO2,16.0,50.0,31.0,2026-08,2026,8
India,Odisha,Bhubaneswar,"Lingraj Mandir, Bhubaneswar - OSPCB",2026-08-23 11:00:00,20.24079,85.836784,NO2,9.0,23.0,15.0,2026-08,2026,8
India,Odisha,Bhubaneswar,"Lingraj Mandir, Bhubaneswar - OSPCB",2026-08-23 11:00:00,20.24079,85.836784,NH3,1.0,8.0,3.0,2026-08,2026,8
India,Odisha,Brajrajnagar,"GM Office, Brajrajnagar - OSPCB",2026-08-23 11:00:00,21.8004996,83.8396977,PM2.5,9.0,36.0,22.0,2026-08,2026,8
India,Odisha,Brajrajnagar,"GM Office, Brajrajnagar - OSPCB",2026-08-23 11:00:00,21.8004996,83.8396977,NH3,4.0,4.0,4.0,2026-08,2026,8
India,Odisha,Byasanagar,"Ferro Chrome Colony, Byasanagar - OSPCB",2026-08-23 11:00:00,20.94185,86.1151,PM2.5,17.0,130.0,48.0,2026-08,2026,8
India,Odisha,Byasanagar,"Ferro Chrome Colony, Byasanagar - OSPCB",2026-08-23 11:00:00,20.94185,86.1151,OZONE,4.0,19.0,9.0,2026-08,2026,8
India,Odisha,Cuttack,"CDA Area, Cuttack - OSPCB",2026-08-23 11:00:00,20.48891,85.84768,PM10,36.0,115.0,74.0,2026-08,2026,8
India,Odisha,Cuttack,"CDA Area, Cuttack - OSPCB",2026-08-23 11:00:00,20.48891,85.84768,CO,9.0,167.0,109.0,2026-08,2026,8
India,Odisha,Keonjhar,"Jagamohanpur, Keonjhar - OSPCB",2026-08-23 11:00:00,21.6439,85.599355,PM2.5,21.0,54.0,31.0,2026-08,2026,8
India,Odisha,Keonjhar,"Jagamohanpur, Keonjhar - OSPCB",2026-08-23 11:00:00,21.6439,85.599355,NO2,13.0,19.0,16.0,2026-08,2026,8
India,Odisha,Rairangpur,"Divisional Forest Office, Rairangpur - OSPCB",2026-08-23 11:00:00,22.265816,86.174829,PM2.5,13.0,60.0,25.0,2026-08,2026,8
India,Odisha,Rairangpur,"Divisional Forest Office, Rairangpur - OSPCB",2026-08-23 11:00:00,22.265816,86.174829,OZONE,0.0,4.0,2.0,2026-08,2026,8
India,Odisha,Rourkela,"Sector-2, Rourkela - OSPCB",2026-08-23 11:00:00,22.245,84.88111111,OZONE,12.0,26.0,20.0,2026-08,2026,8
India,Odisha,Rourkela,"Raghunathpali, Rourkela - OSPCB",2026-08-23 11:00:00,22.220833,84.809444,PM10,53.0,95.0,71.0,2026-08,2026,8
India,Odisha,Rourkela,"Raghunathpali, Rourkela - OSPCB",2026-08-23 11:00:00,22.220833,84.809444,SO2,1.0,6.0,3.0,2026-08,2026,8
India,Odisha,Rourkela,"Fertilizer Township, Rourkela - OSPCB",2026-08-23 11:00:00,22.18972222,84.86277778,PM10,12.0,26.0,20.0,2026-08,2026,8
India,Odisha,Rourkela,"Fertilizer Township, Rourkela - OSPCB",2026-08-23 11:00:00,22.18972222,84.86277778,NO2,11.0,11.0,11.0,2026-08,2026,8
India,Odisha,Rourkela,"Fertilizer Township, Rourkela - OSPCB",2026-08-23 11:00:00,22.18972222,84.86277778,SO2,10.0,12.0,11.0,2026-08,2026,8
India,Odisha,Rourkela,"Fertilizer Township, Rourkela - OSPCB",2026-08-23 11:00:00,22.18972222,84.86277778,OZONE,12.0,26.0,20.0,2026-08,2026,8
India,Odisha,Talcher,"Talcher Coalfields,Talcher - OSPCB",2026-08-23 11:00:00,20.9360711,85.1707021,NO2,59.0,109.0,84.0,2026-08,2026,8
India,Odisha,Tensa,"Barsua Iron Ore Mines, Tensa - OSPCB",2026-08-23 11:00:00,21.869985,85.167016,OZONE,12.0,26.0,20.0,2026-08,2026,8
India,Maharashtra,Ulhasnagar,"Vithalwadi, Ulhasnagar - MPCB",2026-08-23 11:00:00,19.2307571,73.155192,CO,18.0,23.0,21.0,2026-08,2026,8
India,Maharashtra,Ulhasnagar,"Vithalwadi, Ulhasnagar - MPCB",2026-08-23 11:00:00,19.2307571,73.155192,OZONE,9.0,12.0,10.0,2026-08,2026,8
India,Meghalaya,Byrnihat,"15th Mile-Nongthymmai, Byrnihat -Meghalaya PCB",2026-08-23 11:00:00,26.079047,91.875185,NO2,1.0,2.0,2.0,2026-08,2026,8
India,Meghalaya,Byrnihat,"15th Mile-Nongthymmai, Byrnihat -Meghalaya PCB",2026-08-23 11:00:00,26.079047,91.875185,NH3,0.0,8.0,1.0,2026-08,2026,8
India,Meghalaya,Byrnihat,"15th Mile-Nongthymmai, Byrnihat -Meghalaya PCB",2026-08-23 11:00:00,26.079047,91.875185,OZONE,12.0,26.0,20.0,2026-08,2026,8
India,Meghalaya,Shillong,"JN Stadium, Shillong - Meghalaya PCB",2026-08-23 11:00:00,25.5803419,91.8942571,PM2.5,1.0,57.0,15.0,2026-08,2026,8
India,Meghalaya,Shillong,"JN Stadium, Shillong - Meghalaya PCB",2026-08-23 11:00:00,25.5803419,91.8942571,SO2,26.0,31.0,29.0,2026-08,2026,8
India,Meghalaya,Shillong,"JN Stadium, Shillong - Meghalaya PCB",2026-08-23 11:00:00,25.5803419,91.8942571,CO,11.0,31.0,19.0,2026-08,2026,8
India,Mizoram,Aizawl,"Sikulpuikawn, Aizawl - Mizoram PCB",2026-08-23 11:00:00,23.7176342,92.7192841,PM2.5,12.0,26.0,20.0,2026-08,2026,8
India,Mizoram,Aizawl,"Sikulpuikawn, Aizawl - Mizoram PCB",2026-08-23 11:00:00,23.7176342,92.7192841,PM10,12.0,26.0,20.0,2026-08,2026,8
India,Maharashtra,Pimpri-Chinchwad,"Gavalinagar, Pimpri Chinchwad - MPCB",2026-08-23 11:00:00,18.63673,73.82487,PM10,19.0,38.0,27.0,2026-08,2026,8
India,Maharashtra,Pimpri-Chinchwad,"Gavalinagar, Pimpri Chinchwad - MPCB",2026-08-23 11:00:00,18.63673,73.82487,NO2,8.0,28.0,16.0,2026-08,2026,8
India,Maharashtra,Pimpri-Chinchwad,"Bhosari, Pune - IITM",2026-08-23 11:00:00,18.640051,73.848956,PM2.5,13.0,47.0,29.0,2026-08,2026,8
India,Maharashtra,Pimpri-Chinchwad,"Transport Nagar-Nigdi, Pune - IITM",2026-08-23 11:00:00,18.664282,73.763966,CO,30.0,54.0,42.0,2026-08,2026,8
India,Maharashtra,Pimpri-Chinchwad,"Park Street Wakad, Pimpri Chinchwad - MPCB",2026-08-23 11:00:00,18.59051,73.77946,PM2.5,18.0,27.0,22.0,2026-08,2026,8
India,Maharashtra,Pimpri-Chinchwad,"Park Street Wakad, Pimpri Chinchwad - MPCB",2026-08-23 11:00:00,18.59051,73.77946,SO2,12.0,26.0,20.0,2026-08,2026,8
India,Maharashtra,Pune,"Katraj Dairy, Pune - MPCB",2026-08-23 11:00:00,18.45445,73.854155,NH3,1.0,1.0,1.0,2026-08,2026,8
India,Maharashtra,Pune,"Hadapsar, Pune - IITM",2026-08-23 11:00:00,18.501793,73.927532,NO2,1.0,12.0,6.0,2026-08,2026,8
India,Mizoram,Aizawl,"Sikulpuikawn, Aizawl - Mizoram PCB",2026-08-23 11:00:00,23.7176342,92.7192841,NO2,1.0,1.0,1.0,2026-08,2026,8
India,Mizoram,Aizawl,"Sikulpuikawn, Aizawl - Mizoram PCB",2026-08-23 11:00:00,23.7176342,92.7192841,NH3,0.0,0.0,0.0,2026-08,2026,8
India,Nagaland,Kohima,"PWD Junction, Kohima - NPCB",2026-08-23 11:00:00,25.6635413,94.0989878,PM2.5,1.0,52.0,19.0,2026-08,2026,8
India,Nagaland,Kohima,"PWD Junction, Kohima - NPCB",2026-08-23 11:00:00,25.6635413,94.0989878,PM10,6.0,41.0,16.0,2026-08,2026,8
India,Nagaland,Kohima,"PWD Junction, Kohima - NPCB",2026-08-23 11:00:00,25.6635413,94.0989878,SO2,53.0,79.0,65.0,2026-08,2026,8
India,Nagaland,Kohima,"PWD Junction, Kohima - NPCB",2026-08-23 11:00:00,25.6635413,94.0989878,OZONE,12.0,26.0,20.0,2026-08,2026,8
India,Odisha,Angul,"Hakimapada, Angul - OSPCB",2026-08-23 11:00:00,20.832874,85.104082,NH3,2.0,10.0,5.0,2026-08,2026,8
India,Odisha,Barbil,"Forest Office, Barbil - OSPCB",2026-08-23 11:00:00,22.1166054,85.3945546,CO,22.0,38.0,32.0,2026-08,2026,8
India,Maharashtra,Sangli,"Vijay Nagar, Sangli - MPCB",2026-08-23 11:00:00,16.5038,74.3623,SO2,3.0,8.0,5.0,2026-08,2026,8
India,Maharashtra,Sangli,"Vijay Nagar, Sangli - MPCB",2026-08-23 11:00:00,16.5038,74.3623,CO,11.0,26.0,17.0,2026-08,2026,8
India,Maharashtra,Sangli,"Vijay Nagar, Sangli - MPCB",2026-08-23 11:00:00,16.5038,74.3623,OZONE,5.0,20.0,10.0,2026-08,2026,8
India,Maharashtra,Satara,"Koyana Nagar, Satara - MPCB",2026-08-23 11:00:00,17.696651,74.003387,PM2.5,20.0,63.0,35.0,2026-08,2026,8
India,Maharashtra,Satara,"Koyana Nagar, Satara - MPCB",2026-08-23 11:00:00,17.696651,74.003387,NO2,1.0,17.0,7.0,2026-08,2026,8
India,Maharashtra,Solapur,"Dnyaneshwar Nagar, Solapur - MPCB",2026-08-23 11:00:00,17.6336264,75.9132495,PM2.5,13.0,52.0,26.0,2026-08,2026,8
India,Maharashtra,Solapur,"Dnyaneshwar Nagar, Solapur - MPCB",2026-08-23 11:00:00,17.6336264,75.9132495,PM10,14.0,56.0,31.0,2026-08,2026,8
India,Maharashtra,Solapur,"Ratandeep Housing Society, Solapur - MPCB",2026-08-23 11:00:00,17.65439,75.90649,SO2,0.0,2.0,0.0,2026-08,2026,8
India,Punjab,Bathinda,"Hardev Nagar, Bathinda - PPCB",2026-08-23 11:00:00,30.233011,74.907758,NO2,27.0,31.0,30.0,2026-08,2026,8
India,Punjab,Jalandhar,"Civil Line, Jalandhar - PPCB",2026-08-23 11:00:00,31.321907,75.578914,NO2,41.0,45.0,43.0,2026-08,2026,8
India,Punjab,Khanna,"Kalal Majra, Khanna - PPCB",2026-08-23 11:00:00,30.736056,76.209694,NO2,17.0,26.0,20.0,2026-08,2026,8
India,Punjab,Ludhiana,"Punjab Agricultural University, Ludhiana - PPCB",2026-08-23 11:00:00,30.9028,75.8086,PM2.5,46.0,185.0,86.0,2026-08,2026,8
India,Punjab,Mandi Gobindgarh,"RIMT University, Mandi Gobindgarh - PPCB",2026-08-23 11:00:00,30.649961,76.331442,PM2.5,60.0,211.0,88.0,2026-08,2026,8
India,Punjab,Mandi Gobindgarh,"RIMT University, Mandi Gobindgarh - PPCB",2026-08-23 11:00:00,30.649961,76.331442,SO2,12.0,26.0,20.0,2026-08,2026,8
India,Maharashtra,Pune,"Hadapsar, Pune - IITM",2026-08-23 11:00:00,18.501793,73.927532,CO,19.0,72.0,35.0,2026-08,2026,8
India,Maharashtra,Pune,"Revenue Colony-Shivajinagar, Pune - IITM",2026-08-23 11:00:00,18.530085,73.849598,NO2,14.0,30.0,20.0,2026-08,2026,8
India,Maharashtra,Pune,"Revenue Colony-Shivajinagar, Pune - IITM",2026-08-23 11:00:00,18.530085,73.849598,OZONE,3.0,5.0,4.0,2026-08,2026,8
India,Maharashtra,Pune,"Mhada Colony, Pune - IITM",2026-08-23 11:00:00,18.57304,73.927715,NO2,14.0,45.0,26.0,2026-08,2026,8
India,Maharashtra,Pune,"Dhankawadi, Pune - IITM",2026-08-23 11:00:00,18.459883,73.852193,PM2.5,14.0,31.0,22.0,2026-08,2026,8
India,Maharashtra,Pune,"Dhankawadi, Pune - IITM",2026-08-23 11:00:00,18.459883,73.852193,NO2,11.0,20.0,15.0,2026-08,2026,8
India,Maharashtra,Pune,"Panchawati_Pashan, Pune - IITM",2026-08-23 11:00:00,18.536457,73.805454,PM10,31.0,56.0,42.0,2026-08,2026,8
India,Maharashtra,Thane,"Kasarvadavali, Thane - MPCB",2026-08-23 11:00:00,19.26777,72.97182,NH3,0.0,1.0,0.0,2026-08,2026,8
India,Punjab,Patiala,"Model Town, Patiala - PPCB",2026-08-23 11:00:00,30.349388,76.366642,CO,34.0,49.0,40.0,2026-08,2026,8
India,Punjab,Patiala,"Model Town, Patiala - PPCB",2026-08-23 11:00:00,30.349388,76.366642,OZONE,15.0,25.0,18.0,2026-08,2026,8
India,Punjab,Rupnagar,"Ratanpura, Rupnagar - Ambuja Cements",2026-08-23 11:00:00,31.0325454,76.5623046,PM10,8.0,99.0,29.0,2026-08,2026,8
India,Rajasthan,Alwar,"Moti Doongri, Alwar - RSPCB",2026-08-23 11:00:00,27.554793,76.611536,NH3,7.0,10.0,8.0,2026-08,2026,8
India,Rajasthan,Alwar,"Moti Doongri, Alwar - RSPCB",2026-08-23 11:00:00,27.554793,76.611536,SO2,17.0,61.0,38.0,2026-08,2026,8
India,Rajasthan,Alwar,"Vigyan Nagar, Alwar - RSPCB",2026-08-23 11:00:00,27.598796,76.63861,NH3,8.0,37.0,15.0,2026-08,2026,8
India,Rajasthan,Alwar,"Vigyan Nagar, Alwar - RSPCB",2026-08-23 11:00:00,27.598796,76.63861,OZONE,3.0,25.0,10.0,2026-08,2026,8
India,Rajasthan,Banswara,"Rati Talai, Banswara - RSPCB",2026-08-23 11:00:00,23.55519,74.44001,PM2.5,23.0,33.0,28.0,2026-08,2026,8
India,Rajasthan,Banswara,"Rati Talai, Banswara - RSPCB",2026-08-23 11:00:00,23.55519,74.44001,PM10,52.0,105.0,74.0,2026-08,2026,8
India,Rajasthan,Baran,"Bamboliya, Baran - RSPCB",2026-08-23 11:00:00,25.106006,76.469948,CO,36.0,41.0,39.0,2026-08,2026,8
India,Rajasthan,Barmer,"Railway Colony, Barmer - RSPCB",2026-08-23 11:00:00,25.747299,71.393989,PM2.5,10.0,32.0,20.0,2026-08,2026,8
India,Rajasthan,Barmer,"Railway Colony, Barmer - RSPCB",2026-08-23 11:00:00,25.747299,71.393989,SO2,2.0,3.0,2.0,2026-08,2026,8
India,Rajasthan,Barmer,"Railway Colony, Barmer - RSPCB",2026-08-23 11:00:00,25.747299,71.393989,CO,10.0,22.0,16.0,2026-08,2026,8
India,Rajasthan,Barmer,"Railway Colony, Barmer - RSPCB",2026-08-23 11:00:00,25.747299,71.393989,OZONE,17.0,25.0,21.0,2026-08,2026,8
India,Rajasthan,Bharatpur,"Krishna Nagar, Bharatpur - RSPCB",2026-08-23 11:00:00,27.215415,77.50873,PM2.5,10.0,37.0,21.0,2026-08,2026,8
India,Rajasthan,Bharatpur,"Krishna Nagar, Bharatpur - RSPCB",2026-08-23 11:00:00,27.215415,77.50873,PM10,11.0,56.0,29.0,2026-08,2026,8
India,Rajasthan,Bharatpur,"Krishna Nagar, Bharatpur - RSPCB",2026-08-23 11:00:00,27.215415,77.50873,SO2,2.0,5.0,4.0,2026-08,2026,8
India,Rajasthan,Bharatpur,"Krishna Nagar, Bharatpur - RSPCB",2026-08-23 11:00:00,27.215415,77.50873,CO,13.0,21.0,17.0,2026-08,2026,8
India,Rajasthan,Bhilwara,"Pratap Nagar, Bhilwara - RSPCB",2026-08-23 11:00:00,25.339605,74.618883,PM10,64.0,127.0,85.0,2026-08,2026,8
India,Rajasthan,Bhiwadi,"RIICO Ind. Area III, Bhiwadi - RSPCB",2026-08-23 11:00:00,28.194909,76.862296,PM10,63.0,132.0,107.0,2026-08,2026,8
India,Rajasthan,Hanumangarh,"Housing Board, Hanumangarh - RSPCB",2026-08-23 11:00:00,29.61075,74.283608,NO2,2.0,8.0,5.0,2026-08,2026,8
India,Rajasthan,Hanumangarh,"Housing Board, Hanumangarh - RSPCB",2026-08-23 11:00:00,29.61075,74.283608,SO2,3.0,5.0,4.0,2026-08,2026,8
India,Rajasthan,Hanumangarh,"Housing Board, Hanumangarh - RSPCB",2026-08-23 11:00:00,29.61075,74.283608,OZONE,18.0,27.0,25.0,2026-08,2026,8
India,Rajasthan,Jaipur,"Mansarovar Sector-12, Jaipur - RSPCB",2026-08-23 11:00:00,26.843698,75.766894,PM2.5,22.0,50.0,31.0,2026-08,2026,8
India,Rajasthan,Jaipur,"Mansarovar Sector-12, Jaipur - RSPCB",2026-08-23 11:00:00,26.843698,75.766894,PM10,71.0,119.0,93.0,2026-08,2026,8
India,Rajasthan,Jaipur,"Mansarovar Sector-12, Jaipur - RSPCB",2026-08-23 11:00:00,26.843698,75.766894,CO,14.0,31.0,19.0,2026-08,2026,8
India,Rajasthan,Jaipur,"Sector-2 Murlipura, Jaipur - RSPCB",2026-08-23 11:00:00,26.960669,75.771817,CO,30.0,61.0,44.0,2026-08,2026,8
India,Rajasthan,Jaipur,"Sector-2 Murlipura, Jaipur - RSPCB",2026-08-23 11:00:00,26.960669,75.771817,OZONE,4.0,14.0,8.0,2026-08,2026,8
India,Rajasthan,Jaipur,"Police Commissionerate, Jaipur - RSPCB",2026-08-23 11:00:00,26.9164092,75.7994901,NH3,16.0,25.0,21.0,2026-08,2026,8
India,Rajasthan,Jaipur,"Police Commissionerate, Jaipur - RSPCB",2026-08-23 11:00:00,26.9164092,75.7994901,OZONE,30.0,35.0,32.0,2026-08,2026,8
India,Rajasthan,Jaipur,"RIICO Sitapura, Jaipur - RSPCB",2026-08-23 11:00:00,26.786682,75.827928,SO2,12.0,26.0,20.0,2026-08,2026,8
India,Rajasthan,Jaipur,"Shastri Nagar, Jaipur - RSPCB",2026-08-23 11:00:00,26.9502929,75.730943,NH3,5.0,13.0,9.0,2026-08,2026,8
India,Rajasthan,Jaipur,"Adarsh Nagar, Jaipur - RSPCB",2026-08-23 11:00:00,26.902909,75.836858,PM2.5,33.0,69.0,50.0,2026-08,2026,8
India,Rajasthan,Jaipur,"Adarsh Nagar, Jaipur - RSPCB",2026-08-23 11:00:00,26.902909,75.836858,CO,21.0,35.0,28.0,2026-08,2026,8
India,Rajasthan,Jaisalmer,"Sadar Bazar, Jaisalmer - RSPCB",2026-08-23 11:00:00,26.912329,70.909168,PM10,28.0,115.0,77.0,2026-08,2026,8
India,Rajasthan,Jaisalmer,"Sadar Bazar, Jaisalmer - RSPCB",2026-08-23 11:00:00,26.912329,70.909168,NO2,14.0,27.0,19.0,2026-08,2026,8
India,Rajasthan,Jaisalmer,"Sadar Bazar, Jaisalmer - RSPCB",2026-08-23 11:00:00,26.912329,70.909168,SO2,1.0,9.0,3.0,2026-08,2026,8
India,Rajasthan,Jaisalmer,"Sadar Bazar, Jaisalmer - RSPCB",2026-08-23 11:00:00,26.912329,70.909168,CO,6.0,24.0,18.0,2026-08,2026,8
India,Rajasthan,Jalore,"Mudtra Sili, Jalore - RSPCB",2026-08-23 11:00:00,25.344694,72.626208,PM2.5,20.0,42.0,28.0,2026-08,2026,8
India,Telangana,Hyderabad,"Kompally Municipal Office, Hyderabad - TSPCB",2026-08-23 11:00:00,17.544899,78.486949,PM10,52.0,65.0,57.0,2026-08,2026,8
India,Telangana,Hyderabad,"Somajiguda, Hyderabad - TSPCB",2026-08-23 11:00:00,17.417094,78.457437,NO2,18.0,20.0,18.0,2026-08,2026,8
India,Telangana,Hyderabad,"IDA Pashamylaram, Hyderabad - TSPCB",2026-08-23 11:00:00,17.5316895,78.218939,NH3,1.0,1.0,1.0,2026-08,2026,8
India,Telangana,Hyderabad,"IDA Pashamylaram, Hyderabad - TSPCB",2026-08-23 11:00:00,17.5316895,78.218939,SO2,9.0,12.0,10.0,2026-08,2026,8
India,Telangana,Hyderabad,"Sanathnagar, Hyderabad - TSPCB",2026-08-23 11:00:00,17.4559458,78.4332152,NO2,22.0,101.0,54.0,2026-08,2026,8
India,Telangana,Hyderabad,"ICRISAT Patancheru, Hyderabad - TSPCB",2026-08-23 11:00:00,17.5184,78.278777,NO2,9.0,22.0,14.0,2026-08,2026,8
India,Telangana,Hyderabad,"ICRISAT Patancheru, Hyderabad - TSPCB",2026-08-23 11:00:00,17.5184,78.278777,NH3,2.0,2.0,2.0,2026-08,2026,8
India,Telangana,Hyderabad,"ICRISAT Patancheru, Hyderabad - TSPCB",2026-08-23 11:00:00,17.5184,78.278777,SO2,6.0,17.0,11.0,2026-08,2026,8
India,Tripura,Agartala,"Bardowali, Agartala - Tripura SPCB",2026-08-23 11:00:00,23.8175497,91.2726974,SO2,12.0,14.0,13.0,2026-08,2026,8
India,Uttar Pradesh,Agra,"Rohta, Agra - UPPCB",2026-08-23 11:00:00,27.106972,78.000111,NH3,6.0,6.0,6.0,2026-08,2026,8
India,Uttar Pradesh,Agra,"Rohta, Agra - UPPCB",2026-08-23 11:00:00,27.106972,78.000111,CO,20.0,34.0,26.0,2026-08,2026,8
India,Uttar Pradesh,Agra,"Sector-3B Avas Vikas Colony, Agra - UPPCB",2026-08-23 11:00:00,27.19412,77.96237,NH3,7.0,8.0,7.0,2026-08,2026,8
India,Uttar Pradesh,Agra,"Sector-3B Avas Vikas Colony, Agra - UPPCB",2026-08-23 11:00:00,27.19412,77.96237,CO,5.0,9.0,6.0,2026-08,2026,8
India,Uttar Pradesh,Agra,"Shahjahan Garden, Agra - UPPCB",2026-08-23 11:00:00,27.169338,78.03582,PM10,30.0,52.0,38.0,2026-08,2026,8
India,Uttar Pradesh,Agra,"Shahjahan Garden, Agra - UPPCB",2026-08-23 11:00:00,27.169338,78.03582,NH3,1.0,1.0,1.0,2026-08,2026,8
India,Uttar Pradesh,Agra,"Shahjahan Garden, Agra - UPPCB",2026-08-23 11:00:00,27.169338,78.03582,CO,22.0,22.0,22.0,2026-08,2026,8
India,Uttar Pradesh,Agra,"Manoharpur, Agra - UPPCB",2026-08-23 11:00:00,27.23711,78.01936,NO2,31.0,34.0,31.0,2026-08,2026,8
India,Tamil Nadu,Chennai,"Arumbakkam, Chennai - TNPCB",2026-08-23 11:00:00,13.0664,80.2112,OZONE,12.0,26.0,20.0,2026-08,2026,8
India,Tamil Nadu,Chennai,"Perungudi, Chennai - TNPCB",2026-08-23 11:00:00,12.9533,80.2357,OZONE,1.0,2.0,1.0,2026-08,2026,8
India,Tamil Nadu,Chennai,"Manali Village, Chennai - TNPCB",2026-08-23 11:00:00,13.1662,80.2584,PM10,29.0,68.0,45.0,2026-08,2026,8
India,Tamil Nadu,Chennai,"Manali, Chennai - CPCB",2026-08-23 11:00:00,13.164544,80.26285,NO2,10.0,12.0,11.0,2026-08,2026,8
India,Tamil Nadu,Chennai,"Royapuram, Chennai - TNPCB",2026-08-23 11:00:00,13.1036,80.2909,PM10,49.0,77.0,62.0,2026-08,2026,8
India,Tamil Nadu,Chennai,"Royapuram, Chennai - TNPCB",2026-08-23 11:00:00,13.1036,80.2909,NO2,12.0,15.0,13.0,2026-08,2026,8
India,Tamil Nadu,Chennai,"Royapuram, Chennai - TNPCB",2026-08-23 11:00:00,13.1036,80.2909,SO2,4.0,9.0,6.0,2026-08,2026,8
India,Tamil Nadu,Chennai,"Royapuram, Chennai - TNPCB",2026-08-23 11:00:00,13.1036,80.2909,OZONE,17.0,33.0,26.0,2026-08,2026,8
India,Tamil Nadu,Coimbatore,"SIDCO Kurichi, Coimbatore - TNPCB",2026-08-23 11:00:00,10.942451,76.978996,PM2.5,12.0,26.0,20.0,2026-08,2026,8
India,Tamil Nadu,Cuddalore,"Kudikadu, Cuddalore - TNPCB",2026-08-23 11:00:00,11.6829898,79.7532099,PM2.5,10.0,64.0,25.0,2026-08,2026,8
India,Tamil Nadu,Cuddalore,"Semmandalam, Cuddalore - TNPCB",2026-08-23 11:00:00,11.7637683,79.7499835,PM2.5,12.0,26.0,20.0,2026-08,2026,8
India,Tamil Nadu,Gummidipoondi,"Anthoni Pillai Nagar, Gummidipoondi - TNPCB",2026-08-23 11:00:00,13.4127,80.1081,CO,12.0,26.0,20.0,2026-08,2026,8
India,Tamil Nadu,Thoothukudi,"Meelavittan, Thoothukudi - TNPCB",2026-08-23 11:00:00,8.816428,78.099039,PM2.5,12.0,26.0,20.0,2026-08,2026,8
India,Tamil Nadu,Thoothukudi,"Meelavittan, Thoothukudi - TNPCB",2026-08-23 11:00:00,8.816428,78.099039,PM10,58.0,71.0,64.0,2026-08,2026,8
India,Rajasthan,Pratapgarh,"Pragati Nagar, Pratapgarh - RSPCB",2026-08-23 11:00:00,24.041198,74.780702,OZONE,19.0,36.0,26.0,2026-08,2026,8
India,Rajasthan,Rajsamand,"Dhoinda, Rajsamand - RSPCB",2026-08-23 11:00:00,25.03636,73.883502,OZONE,26.0,44.0,35.0,2026-08,2026,8
India,Rajasthan,Sawai Madhopur,"Sahu Nagar, Sawai Madhopur - RSPCB",2026-08-23 11:00:00,26.031443,76.359327,PM10,63.0,106.0,85.0,2026-08,2026,8
India,Rajasthan,Sawai Madhopur,"Sahu Nagar, Sawai Madhopur - RSPCB",2026-08-23 11:00:00,26.031443,76.359327,OZONE,10.0,57.0,33.0,2026-08,2026,8
India,Rajasthan,Sirohi,"Vedhaynath Colony, Sirohi - RSPCB",2026-08-23 11:00:00,24.885261,72.857549,PM10,58.0,93.0,74.0,2026-08,2026,8
India,Rajasthan,Sirohi,"Vedhaynath Colony, Sirohi - RSPCB",2026-08-23 11:00:00,24.885261,72.857549,NO2,5.0,13.0,7.0,2026-08,2026,8
India,Rajasthan,Sirohi,"Vedhaynath Colony, Sirohi - RSPCB",2026-08-23 11:00:00,24.885261,72.857549,NH3,2.0,3.0,2.0,2026-08,2026,8
India,Rajasthan,Udaipur,"Ashok Nagar, Udaipur - RSPCB",2026-08-23 11:00:00,24.5886166,73.6321397,NH3,2.0,4.0,3.0,2026-08,2026,8
India,Sikkim,Gangtok,"Zero Point GICI, Gangtok - SSPCB",2026-08-23 11:00:00,27.33853,88.614099,CO,1.0,2.0,2.0,2026-08,2026,8
India,Tamil Nadu,Chennai,"Kodungaiyur, Chennai - TNPCB",2026-08-23 11:00:00,13.1278,80.2642,PM2.5,20.0,58.0,36.0,2026-08,2026,8
India,Tamil Nadu,Chennai,"Kodungaiyur, Chennai - TNPCB",2026-08-23 11:00:00,13.1278,80.2642,PM10,42.0,89.0,58.0,2026-08,2026,8
India,Tamil Nadu,Chennai,"Kodungaiyur, Chennai - TNPCB",2026-08-23 11:00:00,13.1278,80.2642,OZONE,28.0,34.0,30.0,2026-08,2026,8
India,Rajasthan,Bhiwadi,"RIICO Ind. Area III, Bhiwadi - RSPCB",2026-08-23 11:00:00,28.194909,76.862296,NH3,7.0,19.0,13.0,2026-08,2026,8
India,Rajasthan,Bhiwadi,"RIICO Ind. Area III, Bhiwadi - RSPCB",2026-08-23 11:00:00,28.194909,76.862296,CO,55.0,104.0,72.0,2026-08,2026,8
India,Rajasthan,Bikaner,"MM Ground, Bikaner - RSPCB",2026-08-23 11:00:00,28.018792,73.292658,PM10,39.0,174.0,92.0,2026-08,2026,8
India,Rajasthan,Chittorgarh,"Shastri Nagar, Chittorgarh - RSPCB",2026-08-23 11:00:00,24.892047,74.623527,PM10,81.0,110.0,97.0,2026-08,2026,8
India,Rajasthan,Churu,"Subash Chowk, Churu - RSPCB",2026-08-23 11:00:00,28.296139,74.961696,NO2,3.0,8.0,4.0,2026-08,2026,8
India,Rajasthan,Dausa,"Khatikan Mohalla, Dausa - RSPCB",2026-08-23 11:00:00,26.895552,76.334753,NH3,4.0,9.0,7.0,2026-08,2026,8
India,Rajasthan,Dholpur,"Raja Ganj, Dholpur - RSPCB",2026-08-23 11:00:00,26.699557,77.898881,PM10,19.0,54.0,31.0,2026-08,2026,8
India,Rajasthan,Dholpur,"Raja Ganj, Dholpur - RSPCB",2026-08-23 11:00:00,26.699557,77.898881,OZONE,17.0,22.0,19.0,2026-08,2026,8
India,Rajasthan,Dungarpur,"Bhoiwada, Dungarpur - RSPCB",2026-08-23 11:00:00,23.837789,73.714926,CO,10.0,22.0,15.0,2026-08,2026,8
India,Rajasthan,Hanumangarh,"Housing Board, Hanumangarh - RSPCB",2026-08-23 11:00:00,29.61075,74.283608,PM2.5,21.0,55.0,32.0,2026-08,2026,8
India,Tamil Nadu,Thoothukudi,"Meelavittan, Thoothukudi - TNPCB",2026-08-23 11:00:00,8.816428,78.099039,OZONE,27.0,33.0,30.0,2026-08,2026,8
India,Telangana,Hyderabad,"Zoo Park, Hyderabad - TSPCB",2026-08-23 11:00:00,17.349694,78.451437,PM2.5,3.0,164.0,30.0,2026-08,2026,8
India,Telangana,Hyderabad,"Zoo Park, Hyderabad - TSPCB",2026-08-23 11:00:00,17.349694,78.451437,CO,21.0,68.0,44.0,2026-08,2026,8
India,Telangana,Hyderabad,"Central University, Hyderabad - TSPCB",2026-08-23 11:00:00,17.460103,78.334361,NH3,0.0,6.0,3.0,2026-08,2026,8
India,Telangana,Hyderabad,"IITH Kandi, Hyderabad - TSPCB",2026-08-23 11:00:00,17.585705,78.126199,PM2.5,34.0,61.0,44.0,2026-08,2026,8
India,Telangana,Hyderabad,"New Malakpet, Hyderabad - TSPCB",2026-08-23 11:00:00,17.37206,78.50864,NH3,2.0,4.0,3.0,2026-08,2026,8
India,Telangana,Hyderabad,"Kokapet, Hyderabad - TSPCB",2026-08-23 11:00:00,17.393559,78.339194,PM2.5,27.0,48.0,37.0,2026-08,2026,8
India,Telangana,Hyderabad,"ECIL Kapra, Hyderabad - TSPCB",2026-08-23 11:00:00,17.470431,78.566959,SO2,5.0,13.0,8.0,2026-08,2026,8
India,Telangana,Hyderabad,"ECIL Kapra, Hyderabad - TSPCB",2026-08-23 11:00:00,17.470431,78.566959,OZONE,15.0,16.0,15.0,2026-08,2026,8
India,Telangana,Hyderabad,"Ramachandrapuram, Hyderabad - TSPCB",2026-08-23 11:00:00,17.528544,78.286195,NO2,10.0,17.0,12.0,2026-08,2026,8
India,Rajasthan,Karauli,"Satyawati Vihar, Karauli - RSPCB",2026-08-23 11:00:00,26.506177,77.025989,PM2.5,13.0,38.0,25.0,2026-08,2026,8
India,Rajasthan,Karauli,"Satyawati Vihar, Karauli - RSPCB",2026-08-23 11:00:00,26.506177,77.025989,NO2,38.0,50.0,44.0,2026-08,2026,8
India,Rajasthan,Karauli,"Satyawati Vihar, Karauli - RSPCB",2026-08-23 11:00:00,26.506177,77.025989,OZONE,9.0,11.0,10.0,2026-08,2026,8
India,Rajasthan,Kota,"Nayapura, Kota - RSPCB",2026-08-23 11:00:00,25.196024,75.855668,PM2.5,27.0,83.0,51.0,2026-08,2026,8
India,Rajasthan,Kota,"Nayapura, Kota - RSPCB",2026-08-23 11:00:00,25.196024,75.855668,NO2,8.0,26.0,16.0,2026-08,2026,8
India,Rajasthan,Kota,"Dhanmandi, Kota - RSPCB",2026-08-23 11:00:00,25.16409,75.858137,PM2.5,12.0,43.0,27.0,2026-08,2026,8
India,Rajasthan,Kota,"Dhanmandi, Kota - RSPCB",2026-08-23 11:00:00,25.16409,75.858137,NH3,1.0,3.0,3.0,2026-08,2026,8
India,Rajasthan,Kota,"Dhanmandi, Kota - RSPCB",2026-08-23 11:00:00,25.16409,75.858137,OZONE,18.0,47.0,31.0,2026-08,2026,8
India,Rajasthan,Kota,"Shrinath Puram, Kota - RSPCB",2026-08-23 11:00:00,25.14389,75.821256,CO,31.0,51.0,44.0,2026-08,2026,8
India,Rajasthan,Pali,"Indira Colony Vistar, Pali - RSPCB",2026-08-23 11:00:00,25.771061,73.340227,PM2.5,66.0,179.0,107.0,2026-08,2026,8
India,Rajasthan,Jalore,"Mudtra Sili, Jalore - RSPCB",2026-08-23 11:00:00,25.344694,72.626208,SO2,3.0,3.0,3.0,2026-08,2026,8
India,Rajasthan,Jhunjhunu,"Indra Nagar, Jhunjhunu - RSPCB",2026-08-23 11:00:00,28.108988,75.386577,NO2,4.0,14.0,8.0,2026-08,2026,8
India,Rajasthan,Jodhpur,"Samrat Ashok Udhyan, Jodhpur - RSPCB",2026-08-23 11:00:00,26.253384,72.976571,PM2.5,13.0,52.0,23.0,2026-08,2026,8
India,Rajasthan,Jodhpur,"Samrat Ashok Udhyan, Jodhpur - RSPCB",2026-08-23 11:00:00,26.253384,72.976571,OZONE,8.0,22.0,13.0,2026-08,2026,8
India,Uttar Pradesh,Prayagraj,"Nagar Nigam, Prayagraj - UPPCB",2026-08-23 11:00:00,25.44919916,81.82735986,CO,18.0,20.0,19.0,2026-08,2026,8
India,Uttar Pradesh,Prayagraj,"Jhunsi, Prayagraj - UPPCB",2026-08-23 11:00:00,25.425602,81.917152,PM2.5,8.0,23.0,15.0,2026-08,2026,8
India,Uttar Pradesh,Prayagraj,"Jhunsi, Prayagraj - UPPCB",2026-08-23 11:00:00,25.425602,81.917152,NO2,6.0,6.0,6.0,2026-08,2026,8
India,Uttar Pradesh,Prayagraj,"Jhunsi, Prayagraj - UPPCB",2026-08-23 11:00:00,25.425602,81.917152,NH3,6.0,6.0,6.0,2026-08,2026,8
India,Uttar Pradesh,Raebareli," Indira Nagar, Raebareli - NTPC Unchahar",2026-08-23 11:00:00,26.207781,81.245571,NH3,12.0,26.0,20.0,2026-08,2026,8
India,Uttar Pradesh,Raebareli," Indira Nagar, Raebareli - NTPC Unchahar",2026-08-23 11:00:00,26.207781,81.245571,SO2,12.0,26.0,20.0,2026-08,2026,8
India,Uttar Pradesh,Raebareli," Indira Nagar, Raebareli - NTPC Unchahar",2026-08-23 11:00:00,26.207781,81.245571,OZONE,1.0,7.0,3.0,2026-08,2026,8
India,Uttar Pradesh,Shamli,"New Tehsil, Shamli - UPPCB",2026-08-23 11:00:00,29.4603683,77.3410291,PM10,27.0,69.0,43.0,2026-08,2026,8
India,Uttar Pradesh,Shamli,"New Tehsil, Shamli - UPPCB",2026-08-23 11:00:00,29.4603683,77.3410291,NO2,9.0,10.0,10.0,2026-08,2026,8
India,Uttar Pradesh,Shamli,"New Tehsil, Shamli - UPPCB",2026-08-23 11:00:00,29.4603683,77.3410291,CO,13.0,121.0,73.0,2026-08,2026,8
India,Uttar Pradesh,Varanasi,"Bhelupur, Varanasi - UPPCB",2026-08-23 11:00:00,25.301778,82.996789,NH3,1.0,1.0,1.0,2026-08,2026,8
India,Uttar Pradesh,Varanasi,"Maldahiya, Varanasi - UPPCB",2026-08-23 11:00:00,25.32393,82.99687,SO2,12.0,26.0,20.0,2026-08,2026,8
India,Uttar Pradesh,Varanasi,"Maldahiya, Varanasi - UPPCB",2026-08-23 11:00:00,25.32393,82.99687,CO,14.0,16.0,15.0,2026-08,2026,8
India,Uttar Pradesh,Varanasi,"IESD Banaras Hindu University, Varanasi - UPPCB",2026-08-23 11:00:00,25.262326,82.995408,PM2.5,12.0,26.0,20.0,2026-08,2026,8
India,Uttar Pradesh,Varanasi,"IESD Banaras Hindu University, Varanasi - UPPCB",2026-08-23 11:00:00,25.262326,82.995408,NO2,2.0,2.0,2.0,2026-08,2026,8
India,Uttar Pradesh,Varanasi,"IESD Banaras Hindu University, Varanasi - UPPCB",2026-08-23 11:00:00,25.262326,82.995408,OZONE,24.0,26.0,25.0,2026-08,2026,8
India,Uttar Pradesh,Vrindavan,"Omex Eternity, Vrindavan - UPPCB",2026-08-23 11:00:00,27.571409,77.655757,SO2,26.0,31.0,27.0,2026-08,2026,8
India,Uttar Pradesh,Vrindavan,"Omex Eternity, Vrindavan - UPPCB",2026-08-23 11:00:00,27.571409,77.655757,OZONE,16.0,16.0,16.0,2026-08,2026,8
India,Uttar Pradesh,Agra,"Sanjay Palace, Agra - UPPCB",2026-08-23 11:00:00,27.19865833,78.00598056,PM2.5,37.0,95.0,59.0,2026-08,2026,8
India,Uttar Pradesh,Agra,"Sanjay Palace, Agra - UPPCB",2026-08-23 11:00:00,27.19865833,78.00598056,NO2,5.0,11.0,8.0,2026-08,2026,8
India,Uttar Pradesh,Agra,"Shastripuram, Agra - UPPCB",2026-08-23 11:00:00,27.19862,77.92066,NO2,53.0,54.0,54.0,2026-08,2026,8
India,Uttar Pradesh,Agra,"Shastripuram, Agra - UPPCB",2026-08-23 11:00:00,27.19862,77.92066,OZONE,2.0,4.0,3.0,2026-08,2026,8
India,Uttar Pradesh,Baghpat,"Sardar Patel Inter College, Baghpat - UPPCB",2026-08-23 11:00:00,28.964949,77.278761,OZONE,25.0,47.0,36.0,2026-08,2026,8
India,Uttar Pradesh,Baraut,"Nagar Palika Parishad, Baraut - UPPCB",2026-08-23 11:00:00,29.09956,77.26235,NH3,12.0,26.0,20.0,2026-08,2026,8
India,Uttar Pradesh,Baraut,"Nagar Palika Parishad, Baraut - UPPCB",2026-08-23 11:00:00,29.09956,77.26235,OZONE,2.0,4.0,3.0,2026-08,2026,8
India,Uttar Pradesh,Bareilly,"Rajendra Nagar, Bareilly - UPPCB",2026-08-23 11:00:00,28.38910936,79.42963708,PM2.5,23.0,57.0,42.0,2026-08,2026,8
India,Uttar Pradesh,Bareilly,"Rajendra Nagar, Bareilly - UPPCB",2026-08-23 11:00:00,28.38910936,79.42963708,NH3,1.0,2.0,1.0,2026-08,2026,8
India,Uttar Pradesh,Bareilly,"Rajendra Nagar, Bareilly - UPPCB",2026-08-23 11:00:00,28.38910936,79.42963708,SO2,3.0,5.0,4.0,2026-08,2026,8
India,Uttar Pradesh,Bareilly,"Rajendra Nagar, Bareilly - UPPCB",2026-08-23 11:00:00,28.38910936,79.42963708,OZONE,12.0,26.0,20.0,2026-08,2026,8
India,Uttar Pradesh,Bareilly,"Civil Lines, Bareilly - UPPCB",2026-08-23 11:00:00,28.359581,79.414455,NH3,0.0,0.0,0.0,2026-08,2026,8
India,Uttar Pradesh,Bareilly,"Civil Lines, Bareilly - UPPCB",2026-08-23 11:00:00,28.359581,79.414455,CO,28.0,33.0,30.0,2026-08,2026,8
India,Uttar Pradesh,Bulandshahr,"Yamunapuram, Bulandshahr - UPPCB",2026-08-23 11:00:00,28.406963,77.849831,PM2.5,12.0,46.0,30.0,2026-08,2026,8
India,Uttar Pradesh,Firozabad,"Vibhab Nagar, Firozabad - UPPCB",2026-08-23 11:00:00,27.1594,78.3953,PM2.5,12.0,26.0,20.0,2026-08,2026,8
India,Uttar Pradesh,Firozabad,"Vibhab Nagar, Firozabad - UPPCB",2026-08-23 11:00:00,27.1594,78.3953,PM10,12.0,26.0,20.0,2026-08,2026,8
India,Uttar Pradesh,Gorakhpur,"Madan Mohan Malaviya University of Technology, Gorakhpur - UPPCB",2026-08-23 11:00:00,26.730136,83.433859,NO2,11.0,12.0,11.0,2026-08,2026,8
India,Uttar Pradesh,Greater Noida,"Knowledge Park - V, Greater Noida - UPPCB",2026-08-23 11:00:00,28.557054,77.453663,NH3,4.0,6.0,5.0,2026-08,2026,8
India,Uttar Pradesh,Greater Noida,"Knowledge Park - V, Greater Noida - UPPCB",2026-08-23 11:00:00,28.557054,77.453663,SO2,2.0,16.0,9.0,2026-08,2026,8
India,Uttar Pradesh,Greater Noida,"Knowledge Park - III, Greater Noida - UPPCB",2026-08-23 11:00:00,28.47272,77.482,PM2.5,22.0,72.0,44.0,2026-08,2026,8
India,Uttar Pradesh,Greater Noida,"Knowledge Park - III, Greater Noida - UPPCB",2026-08-23 11:00:00,28.47272,77.482,NO2,11.0,59.0,23.0,2026-08,2026,8
India,Uttar Pradesh,Greater Noida,"Knowledge Park - III, Greater Noida - UPPCB",2026-08-23 11:00:00,28.47272,77.482,SO2,6.0,10.0,8.0,2026-08,2026,8
India,Uttar Pradesh,Jhansi,"Shivaji Nagar, Jhansi - UPPCB",2026-08-23 11:00:00,25.4547,78.6039,OZONE,6.0,6.0,6.0,2026-08,2026,8
India,Uttar Pradesh,Kanpur,"FTI Kidwai Nagar, Kanpur - UPPCB",2026-08-23 11:00:00,26.428282,80.327067,NH3,3.0,3.0,3.0,2026-08,2026,8
India,Uttar Pradesh,Kanpur,"FTI Kidwai Nagar, Kanpur - UPPCB",2026-08-23 11:00:00,26.428282,80.327067,SO2,12.0,26.0,20.0,2026-08,2026,8
India,Uttar Pradesh,Kanpur,"FTI Kidwai Nagar, Kanpur - UPPCB",2026-08-23 11:00:00,26.428282,80.327067,OZONE,11.0,11.0,11.0,2026-08,2026,8
India,Uttar Pradesh,Kanpur,"NSI Kalyanpur, Kanpur - UPPCB",2026-08-23 11:00:00,26.509954,80.249612,CO,14.0,16.0,15.0,2026-08,2026,8
India,Uttar Pradesh,Kanpur,"Nehru Nagar, Kanpur - UPPCB",2026-08-23 11:00:00,26.4703136,80.3229863,NH3,12.0,26.0,20.0,2026-08,2026,8
India,Uttar Pradesh,Khora,"Prashant Garden, Khora - UPPCB",2026-08-23 11:00:00,28.61119,77.34206,OZONE,5.0,8.0,6.0,2026-08,2026,8
India,Uttar Pradesh,Khurja,"Kalindi Kunj, Khurja - UPPCB",2026-08-23 11:00:00,28.2348927,77.8683002,PM2.5,19.0,49.0,32.0,2026-08,2026,8
India,West Bengal,Durgapur,"Mahishkapur Road_B-Zone, Durgapur - WBPCB",2026-08-23 11:00:00,23.567923,87.306843,SO2,1.0,2.0,2.0,2026-08,2026,8
India,West Bengal,Durgapur,"Womens College_City Center, Durgapur - WBPCB",2026-08-23 11:00:00,23.549395,87.300496,NO2,14.0,28.0,23.0,2026-08,2026,8
India,West Bengal,Haldia,"Priyambada Housing Estate, Haldia - WBPCB",2026-08-23 11:00:00,22.06047,88.109737,SO2,12.0,13.0,12.0,2026-08,2026,8
India,West Bengal,Howrah,"Belur Math, Howrah - WBPCB",2026-08-23 11:00:00,22.629801,88.352017,PM2.5,11.0,62.0,31.0,2026-08,2026,8
India,West Bengal,Howrah,"Dasnagar, Howrah - WBPCB",2026-08-23 11:00:00,22.6025571,88.3105664,PM2.5,6.0,165.0,50.0,2026-08,2026,8
India,West Bengal,Howrah,"Botanical Garden, Howrah - WBPCB",2026-08-23 11:00:00,22.554954,88.292568,NO2,0.0,120.0,21.0,2026-08,2026,8
India,West Bengal,Howrah,"Botanical Garden, Howrah - WBPCB",2026-08-23 11:00:00,22.554954,88.292568,SO2,2.0,3.0,2.0,2026-08,2026,8
India,West Bengal,Howrah,"Padmapukur, Howrah - WBPCB",2026-08-23 11:00:00,22.5687319,88.2797276,NO2,12.0,14.0,12.0,2026-08,2026,8
India,West Bengal,Howrah,"Padmapukur, Howrah - WBPCB",2026-08-23 11:00:00,22.5687319,88.2797276,CO,50.0,56.0,53.0,2026-08,2026,8
India,West Bengal,Kolkata,"Bidhannagar, Kolkata - WBPCB",2026-08-23 11:00:00,22.58157048,88.41002457,PM10,27.0,61.0,42.0,2026-08,2026,8
India,West Bengal,Kolkata,"Bidhannagar, Kolkata - WBPCB",2026-08-23 11:00:00,22.58157048,88.41002457,NH3,5.0,6.0,5.0,2026-08,2026,8
India,West Bengal,Kolkata,"Bidhannagar, Kolkata - WBPCB",2026-08-23 11:00:00,22.58157048,88.41002457,CO,39.0,40.0,40.0,2026-08,2026,8
India,West Bengal,Kolkata,"Jadavpur, Kolkata - WBPCB",2026-08-23 11:00:00,22.49929,88.36917,NO2,21.0,108.0,37.0,2026-08,2026,8
India,Uttar Pradesh,Meerut,"MIET College, Meerut - UPPCB",2026-08-23 11:00:00,28.972677,77.641018,NH3,3.0,11.0,6.0,2026-08,2026,8
India,Uttar Pradesh,Meerut,"Pallavpuram Phase 2, Meerut - UPPCB",2026-08-23 11:00:00,29.06351,77.709723,NO2,17.0,60.0,27.0,2026-08,2026,8
India,Uttar Pradesh,Meerut,"Ganga Nagar, Meerut - UPPCB",2026-08-23 11:00:00,28.999264,77.7590354,PM10,15.0,81.0,40.0,2026-08,2026,8
India,Uttar Pradesh,Meerut,"Ganga Nagar, Meerut - UPPCB",2026-08-23 11:00:00,28.999264,77.7590354,CO,36.0,42.0,40.0,2026-08,2026,8
India,Uttar Pradesh,Modinagar,"SRM University, Modinagar - UPPCB",2026-08-23 11:00:00,28.798171,77.540243,PM10,31.0,92.0,65.0,2026-08,2026,8
India,Uttar Pradesh,Modinagar,"SRM University, Modinagar - UPPCB",2026-08-23 11:00:00,28.798171,77.540243,NO2,14.0,36.0,17.0,2026-08,2026,8
India,Uttar Pradesh,Moradabad,"Eco Herbal Park, Moradabad - UPPCB",2026-08-23 11:00:00,28.840739,78.697531,PM10,5.0,59.0,33.0,2026-08,2026,8
India,Uttar Pradesh,Moradabad,"Eco Herbal Park, Moradabad - UPPCB",2026-08-23 11:00:00,28.840739,78.697531,CO,14.0,23.0,19.0,2026-08,2026,8
India,Uttar Pradesh,Moradabad,"Eco Herbal Park, Moradabad - UPPCB",2026-08-23 11:00:00,28.840739,78.697531,OZONE,14.0,34.0,21.0,2026-08,2026,8
India,Uttar Pradesh,Moradabad,"Buddhi Vihar, Moradabad - UPPCB",2026-08-23 11:00:00,28.83526,78.7446,PM10,17.0,63.0,40.0,2026-08,2026,8
India,Uttar Pradesh,Moradabad,"Jigar Colony, Moradabad - UPPCB",2026-08-23 11:00:00,28.856664,78.772638,SO2,40.0,60.0,50.0,2026-08,2026,8
India,Uttar Pradesh,Moradabad,"Transport Nagar, Moradabad - UPPCB",2026-08-23 11:00:00,28.802625,78.753728,NO2,24.0,24.0,24.0,2026-08,2026,8
India,Uttar Pradesh,Moradabad,"Transport Nagar, Moradabad - UPPCB",2026-08-23 11:00:00,28.802625,78.753728,SO2,20.0,22.0,20.0,2026-08,2026,8
India,Uttar Pradesh,Moradabad,"Kashiram Nagar, Moradabad - UPPCB",2026-08-23 11:00:00,28.849399,78.742362,PM10,12.0,26.0,20.0,2026-08,2026,8
India,Uttar Pradesh,Moradabad,"Employment Office, Moradabad - UPPCB",2026-08-23 11:00:00,28.88528,78.7388,PM10,26.0,55.0,41.0,2026-08,2026,8
India,Uttar Pradesh,Moradabad,"Employment Office, Moradabad - UPPCB",2026-08-23 11:00:00,28.88528,78.7388,NO2,23.0,24.0,23.0,2026-08,2026,8
India,Uttar Pradesh,Muzaffarnagar,"New Mandi, Muzaffarnagar - UPPCB",2026-08-23 11:00:00,29.4723508,77.7194031,PM10,34.0,107.0,66.0,2026-08,2026,8
India,Uttar Pradesh,Muzaffarnagar,"New Mandi, Muzaffarnagar - UPPCB",2026-08-23 11:00:00,29.4723508,77.7194031,SO2,3.0,56.0,17.0,2026-08,2026,8
India,Uttar Pradesh,Noida,"Sector - 125, Noida - UPPCB",2026-08-23 11:00:00,28.5447608,77.3231257,PM2.5,8.0,364.0,87.0,2026-08,2026,8
India,Uttar Pradesh,Noida,"Sector - 62, Noida - IITM",2026-08-23 11:00:00,28.6245479,77.3577104,PM10,11.0,133.0,83.0,2026-08,2026,8
India,Uttar Pradesh,Noida,"Sector - 62, Noida - IITM",2026-08-23 11:00:00,28.6245479,77.3577104,NO2,18.0,59.0,29.0,2026-08,2026,8
India,Uttar Pradesh,Noida,"Sector - 62, Noida - IITM",2026-08-23 11:00:00,28.6245479,77.3577104,NH3,12.0,26.0,20.0,2026-08,2026,8
India,Uttar Pradesh,Noida,"Sector - 62, Noida - IITM",2026-08-23 11:00:00,28.6245479,77.3577104,SO2,12.0,26.0,20.0,2026-08,2026,8
India,Uttar Pradesh,Noida,"Sector-1, Noida - UPPCB",2026-08-23 11:00:00,28.5898,77.3101,CO,15.0,59.0,34.0,2026-08,2026,8
India,Uttar Pradesh,Noida,"Sector-116, Noida - UPPCB",2026-08-23 11:00:00,28.56923,77.393848,PM10,55.0,194.0,123.0,2026-08,2026,8
India,Uttar Pradesh,Prayagraj,"Motilal Nehru NIT, Prayagraj - UPPCB",2026-08-23 11:00:00,25.494,81.863,CO,4.0,5.0,4.0,2026-08,2026,8
India,Uttarakhand,Dehradun,"Doon University, Dehradun - UKPCB",2026-08-23 11:00:00,30.269444,78.044167,NO2,1.0,4.0,2.0,2026-08,2026,8
India,Uttarakhand,Dehradun,"Doon University, Dehradun - UKPCB",2026-08-23 11:00:00,30.269444,78.044167,SO2,1.0,1.0,1.0,2026-08,2026,8
India,Uttarakhand,Kashipur,"Govt. Girls Inter College, Kashipur - UKPCB",2026-08-23 11:00:00,29.2124114,78.9611753,PM2.5,12.0,26.0,20.0,2026-08,2026,8
India,Uttarakhand,Rishikesh,"Shivaji Nagar, Rishikesh - UKPCB",2026-08-23 11:00:00,30.075911,78.2859547,NO2,7.0,7.0,7.0,2026-08,2026,8
India,Uttarakhand,Rishikesh,"Shivaji Nagar, Rishikesh - UKPCB",2026-08-23 11:00:00,30.075911,78.2859547,CO,37.0,37.0,37.0,2026-08,2026,8
India,Uttarakhand,Rishikesh,"Shivaji Nagar, Rishikesh - UKPCB",2026-08-23 11:00:00,30.075911,78.2859547,OZONE,15.0,15.0,15.0,2026-08,2026,8
India,West Bengal,Asansol,"Evelyn Lodge, Asansol - WBPCB",2026-08-23 11:00:00,23.697936,86.944395,NO2,9.0,27.0,16.0,2026-08,2026,8
India,West Bengal,Asansol,"Mahabir Colliery, Asansol - WBPCB",2026-08-23 11:00:00,23.618183,87.105718,SO2,2.0,4.0,3.0,2026-08,2026,8
India,West Bengal,Asansol,"Mahabir Colliery, Asansol - WBPCB",2026-08-23 11:00:00,23.618183,87.105718,OZONE,6.0,11.0,8.0,2026-08,2026,8
India,West Bengal,Asansol,"Trivenidevi Bhalotia College, Asansol - WBPCB",2026-08-23 11:00:00,23.616515,87.119133,PM2.5,11.0,67.0,39.0,2026-08,2026,8
India,West Bengal,Asansol,"Trivenidevi Bhalotia College, Asansol - WBPCB",2026-08-23 11:00:00,23.616515,87.119133,NH3,6.0,7.0,6.0,2026-08,2026,8
India,West Bengal,Barrackpore,"SVSPA Campus, Barrackpore - WBPCB",2026-08-23 11:00:00,22.7605581,88.3617589,PM10,29.0,58.0,43.0,2026-08,2026,8
India,Uttar Pradesh,Ghaziabad,"Ved Vihar-Loni, Ghaziabad - UPPCB",2026-08-23 11:00:00,28.739153,77.273668,NH3,3.0,19.0,9.0,2026-08,2026,8
India,Uttar Pradesh,Ghaziabad,"Ved Vihar-Loni, Ghaziabad - UPPCB",2026-08-23 11:00:00,28.739153,77.273668,OZONE,5.0,10.0,8.0,2026-08,2026,8
India,Uttar Pradesh,Ghaziabad,"Sanjay Nagar, Ghaziabad - UPPCB",2026-08-23 11:00:00,28.685382,77.453839,SO2,10.0,12.0,11.0,2026-08,2026,8
India,Uttar Pradesh,Ghaziabad,"Indirapuram, Ghaziabad - UPPCB",2026-08-23 11:00:00,28.646233,77.358075,PM10,29.0,102.0,56.0,2026-08,2026,8
India,Uttar Pradesh,Ghaziabad,"Indirapuram, Ghaziabad - UPPCB",2026-08-23 11:00:00,28.646233,77.358075,NO2,15.0,45.0,23.0,2026-08,2026,8
India,Uttar Pradesh,Ghaziabad,"Vasundhara, Ghaziabad - UPPCB",2026-08-23 11:00:00,28.6603346,77.3572563,SO2,12.0,26.0,20.0,2026-08,2026,8
India,Uttar Pradesh,Ghaziabad,"Wave City, Ghaziabad - UPPCB",2026-08-23 11:00:00,28.646675,77.489049,OZONE,5.0,10.0,7.0,2026-08,2026,8
India,Uttar Pradesh,Ghaziabad,"Loni, Ghaziabad - UPPCB",2026-08-23 11:00:00,28.757294,77.278792,NO2,11.0,99.0,39.0,2026-08,2026,8
India,Uttar Pradesh,Ghaziabad,"Loni, Ghaziabad - UPPCB",2026-08-23 11:00:00,28.757294,77.278792,SO2,13.0,18.0,15.0,2026-08,2026,8
India,Uttar Pradesh,Ghaziabad,"Govindpuram, Ghaziabad - UPPCB",2026-08-23 11:00:00,28.694528,77.494705,NO2,41.0,51.0,44.0,2026-08,2026,8
India,Uttar Pradesh,Ghaziabad,"Govindpuram, Ghaziabad - UPPCB",2026-08-23 11:00:00,28.694528,77.494705,OZONE,7.0,27.0,20.0,2026-08,2026,8
India,Uttar Pradesh,Lucknow,"Talkatora District Industries Center, Lucknow - CPCB",2026-08-23 11:00:00,26.83399722,80.8917361,NO2,16.0,23.0,18.0,2026-08,2026,8
India,Uttar Pradesh,Lucknow,"Talkatora District Industries Center, Lucknow - CPCB",2026-08-23 11:00:00,26.83399722,80.8917361,SO2,0.0,83.0,17.0,2026-08,2026,8
India,Uttar Pradesh,Lucknow,"Gomti Nagar, Lucknow - UPPCB",2026-08-23 11:00:00,26.86812,81.005119,SO2,11.0,12.0,11.0,2026-08,2026,8
India,Uttar Pradesh,Lucknow,"B R Ambedkar University, Lucknow - UPPCB",2026-08-23 11:00:00,26.766433,80.927299,PM10,9.0,488.0,111.0,2026-08,2026,8
India,Uttar Pradesh,Lucknow,"B R Ambedkar University, Lucknow - UPPCB",2026-08-23 11:00:00,26.766433,80.927299,NO2,11.0,12.0,12.0,2026-08,2026,8
India,Uttar Pradesh,Lucknow,"B R Ambedkar University, Lucknow - UPPCB",2026-08-23 11:00:00,26.766433,80.927299,SO2,34.0,43.0,37.0,2026-08,2026,8
India,Uttar Pradesh,Lucknow,"Lalbagh, Lucknow - CPCB",2026-08-23 11:00:00,26.8458805,80.9365541,SO2,2.0,8.0,5.0,2026-08,2026,8
India,Uttar Pradesh,Lucknow,"Kukrail Picnic Spot-1, Lucknow - UPPCB",2026-08-23 11:00:00,26.90723,80.98579,NH3,6.0,6.0,6.0,2026-08,2026,8
India,West Bengal,Kolkata,"Rabindra Bharati University, Kolkata - WBPCB",2026-08-23 11:00:00,22.627847,88.380669,PM10,17.0,68.0,36.0,2026-08,2026,8
India,West Bengal,Kolkata,"Fort William, Kolkata - WBPCB",2026-08-23 11:00:00,22.55664,88.342674,PM2.5,11.0,63.0,34.0,2026-08,2026,8
India,West Bengal,Kolkata,"Fort William, Kolkata - WBPCB",2026-08-23 11:00:00,22.55664,88.342674,NH3,7.0,8.0,7.0,2026-08,2026,8
India,West Bengal,Kolkata,"Fort William, Kolkata - WBPCB",2026-08-23 11:00:00,22.55664,88.342674,CO,13.0,14.0,14.0,2026-08,2026,8
India,West Bengal,Kolkata,"Ballygunge, Kolkata - WBPCB",2026-08-23 11:00:00,22.5367507,88.3638022,PM2.5,18.0,53.0,29.0,2026-08,2026,8
India,West Bengal,Kolkata,"Victoria, Kolkata - WBPCB",2026-08-23 11:00:00,22.5448082,88.3403691,OZONE,32.0,36.0,34.0,2026-08,2026,8
India,West Bengal,Siliguri,"Ward-32 Bapupara, Siliguri - WBPCB",2026-08-23 11:00:00,26.6879226,88.4152495,PM10,26.0,56.0,35.0,2026-08,2026,8
India,West Bengal,Siliguri,"Ward-32 Bapupara, Siliguri - WBPCB",2026-08-23 11:00:00,26.6879226,88.4152495,NH3,15.0,16.0,15.0,2026-08,2026,8
India,Bihar,Patna,"DRM Office Danapur, Patna - BSPCB",2026-08-23 11:00:00,25.586562,85.043586,PM10,55.0,95.0,73.0,2026-08,2026,8
India,Bihar,Patna,"DRM Office Danapur, Patna - BSPCB",2026-08-23 11:00:00,25.586562,85.043586,NH3,8.0,9.0,9.0,2026-08,2026,8
India,Bihar,Patna,"DRM Office Danapur, Patna - BSPCB",2026-08-23 11:00:00,25.586562,85.043586,CO,41.0,47.0,45.0,2026-08,2026,8
India,Bihar,Patna,"Samanpura, Patna - BSPCB",2026-08-23 11:00:00,25.596727,85.085624,NO2,23.0,24.0,24.0,2026-08,2026,8
India,Bihar,Patna,"Samanpura, Patna - BSPCB",2026-08-23 11:00:00,25.596727,85.085624,NH3,4.0,5.0,5.0,2026-08,2026,8
India,Bihar,Patna,"Samanpura, Patna - BSPCB",2026-08-23 11:00:00,25.596727,85.085624,SO2,3.0,3.0,3.0,2026-08,2026,8
India,Bihar,Purnia,"Mariam Nagar, Purnia - BSPCB",2026-08-23 11:00:00,25.366336,87.117468,NH3,4.0,4.0,4.0,2026-08,2026,8
India,Bihar,Saharsa,"Police Line, Saharsa - BSPCB",2026-08-23 11:00:00,25.892357,86.590325,PM10,15.0,105.0,54.0,2026-08,2026,8
India,Bihar,Saharsa,"Police Line, Saharsa - BSPCB",2026-08-23 11:00:00,25.892357,86.590325,NH3,4.0,4.0,4.0,2026-08,2026,8
India,Bihar,Saharsa,"Police Line, Saharsa - BSPCB",2026-08-23 11:00:00,25.892357,86.590325,CO,40.0,42.0,41.0,2026-08,2026,8
India,Bihar,Samastipur,"DM Office_Kasipur, Samastipur - BSPCB",2026-08-23 11:00:00,25.859655,85.77944,PM10,20.0,131.0,66.0,2026-08,2026,8
India,Bihar,Samastipur,"DM Office_Kasipur, Samastipur - BSPCB",2026-08-23 11:00:00,25.859655,85.77944,CO,12.0,26.0,20.0,2026-08,2026,8
India,Bihar,Sasaram,"Dada Peer, Sasaram - BSPCB",2026-08-23 11:00:00,24.952822,84.002396,PM10,11.0,304.0,72.0,2026-08,2026,8
India,Bihar,Sasaram,"Dada Peer, Sasaram - BSPCB",2026-08-23 11:00:00,24.952822,84.002396,SO2,3.0,5.0,4.0,2026-08,2026,8
India,Bihar,Sasaram,"Dada Peer, Sasaram - BSPCB",2026-08-23 11:00:00,24.952822,84.002396,OZONE,17.0,18.0,17.0,2026-08,2026,8
India,Bihar,Siwan,"Chitragupta Nagar, Siwan - BSPCB",2026-08-23 11:00:00,26.2271665,84.3570427,PM10,59.0,123.0,101.0,2026-08,2026,8
India,Bihar,Begusarai,"Lohiyanagar, Begusarai - BSPCB",2026-08-23 11:00:00,25.42742023,86.13886079,CO,14.0,19.0,16.0,2026-08,2026,8
India,Bihar,Bettiah,"Kamalnath Nagar, Bettiah - BSPCB",2026-08-23 11:00:00,26.80365,84.51954,PM2.5,22.0,25.0,23.0,2026-08,2026,8
India,Bihar,Bettiah,"Kamalnath Nagar, Bettiah - BSPCB",2026-08-23 11:00:00,26.80365,84.51954,SO2,10.0,22.0,17.0,2026-08,2026,8
India,Bihar,Bhagalpur,"Mayaganj, Bhagalpur - BSPCB",2026-08-23 11:00:00,25.265194,87.012947,NO2,15.0,18.0,17.0,2026-08,2026,8
India,Bihar,Bhagalpur,"Mayaganj, Bhagalpur - BSPCB",2026-08-23 11:00:00,25.265194,87.012947,OZONE,7.0,25.0,17.0,2026-08,2026,8
India,Bihar,Bhagalpur,"DM Office_Kachari Chowk, Bhagalpur - BSPCB",2026-08-23 11:00:00,25.251013,86.989001,NO2,10.0,13.0,12.0,2026-08,2026,8
India,Bihar,Chhapra,"Darshan Nagar, Chhapra - BSPCB",2026-08-23 11:00:00,25.7808257,84.7446768,OZONE,1.0,4.0,2.0,2026-08,2026,8
India,Bihar,Gaya,"Collectorate, Gaya - BSPCB",2026-08-23 11:00:00,24.7955,84.9994,PM2.5,30.0,223.0,97.0,2026-08,2026,8
India,Bihar,Gaya,"Collectorate, Gaya - BSPCB",2026-08-23 11:00:00,24.7955,84.9994,PM10,12.0,26.0,20.0,2026-08,2026,8
India,Bihar,Gaya,"Collectorate, Gaya - BSPCB",2026-08-23 11:00:00,24.7955,84.9994,NH3,12.0,26.0,20.0,2026-08,2026,8
India,Bihar,Gaya,"SFTI Kusdihra, Gaya - BSPCB",2026-08-23 11:00:00,24.762518,84.982348,PM2.5,25.0,59.0,38.0,2026-08,2026,8
India,Bihar,Gaya,"SFTI Kusdihra, Gaya - BSPCB",2026-08-23 11:00:00,24.762518,84.982348,NO2,26.0,34.0,30.0,2026-08,2026,8
India,Bihar,Gaya,"SFTI Kusdihra, Gaya - BSPCB",2026-08-23 11:00:00,24.762518,84.982348,SO2,9.0,10.0,10.0,2026-08,2026,8
India,Bihar,Gaya,"Kareemganj, Gaya - BSPCB",2026-08-23 11:00:00,24.792403,84.992416,PM10,12.0,26.0,20.0,2026-08,2026,8
India,Andhra Pradesh,Vijayawada,"Rajiv Gandhi Park, Vijayawada - APPCB",2026-08-23 11:00:00,16.509717,80.612222,NO2,27.0,37.0,32.0,2026-08,2026,8
India,Andhra Pradesh,Vijayawada,"Rajiv Gandhi Park, Vijayawada - APPCB",2026-08-23 11:00:00,16.509717,80.612222,OZONE,21.0,21.0,21.0,2026-08,2026,8
India,Arunachal Pradesh,Naharlagun,"Naharlagun, Naharlagun - APSPCB",2026-08-23 11:00:00,27.103358,93.679645,NH3,1.0,1.0,1.0,2026-08,2026,8
India,Arunachal Pradesh,Naharlagun,"Naharlagun, Naharlagun - APSPCB",2026-08-23 11:00:00,27.103358,93.679645,SO2,11.0,12.0,11.0,2026-08,2026,8
India,Assam,Byrnihat,"Central Academy for SFS, Byrnihat - PCBA",2026-08-23 11:00:00,26.071318,91.87488,NO2,7.0,11.0,8.0,2026-08,2026,8
India,Assam,Byrnihat,"Central Academy for SFS, Byrnihat - PCBA",2026-08-23 11:00:00,26.071318,91.87488,NH3,4.0,5.0,4.0,2026-08,2026,8
India,Assam,Byrnihat,"Central Academy for SFS, Byrnihat - PCBA",2026-08-23 11:00:00,26.071318,91.87488,SO2,17.0,33.0,30.0,2026-08,2026,8
India,Assam,Byrnihat,"Central Academy for SFS, Byrnihat - PCBA",2026-08-23 11:00:00,26.071318,91.87488,CO,21.0,61.0,50.0,2026-08,2026,8
India,Assam,Guwahati,"Pan Bazaar, Guwahati - PCBA",2026-08-23 11:00:00,26.1875,91.744194,OZONE,10.0,13.0,11.0,2026-08,2026,8
India,Assam,Guwahati,"LGBI Airport, Guwahati - PCBA",2026-08-23 11:00:00,26.10887,91.589544,PM10,22.0,59.0,46.0,2026-08,2026,8
India,Assam,Guwahati,"Railway Colony, Guwahati - PCBA",2026-08-23 11:00:00,26.181742,91.78063,NO2,3.0,4.0,3.0,2026-08,2026,8
India,Assam,Guwahati,"Railway Colony, Guwahati - PCBA",2026-08-23 11:00:00,26.181742,91.78063,NH3,1.0,1.0,1.0,2026-08,2026,8
India,Assam,Guwahati,"Railway Colony, Guwahati - PCBA",2026-08-23 11:00:00,26.181742,91.78063,SO2,1.0,61.0,6.0,2026-08,2026,8
India,Chhattisgarh,Chhal,"Nawapara SECL Colony, Chhal - CECB",2026-08-23 11:00:00,22.118125,83.140608,PM10,61.0,127.0,82.0,2026-08,2026,8
India,Chhattisgarh,Chhal,"Nawapara SECL Colony, Chhal - CECB",2026-08-23 11:00:00,22.118125,83.140608,NO2,5.0,13.0,7.0,2026-08,2026,8
India,Chhattisgarh,Chhal,"Nawapara SECL Colony, Chhal - CECB",2026-08-23 11:00:00,22.118125,83.140608,NH3,12.0,26.0,20.0,2026-08,2026,8
India,Chhattisgarh,Chhal,"Nawapara SECL Colony, Chhal - CECB",2026-08-23 11:00:00,22.118125,83.140608,OZONE,28.0,44.0,35.0,2026-08,2026,8
India,Chhattisgarh,Korba,"Rampur, Korba - CECB",2026-08-23 11:00:00,22.368195,82.746431,NO2,3.0,17.0,7.0,2026-08,2026,8
India,Chhattisgarh,Korba,"Rampur, Korba - CECB",2026-08-23 11:00:00,22.368195,82.746431,SO2,5.0,27.0,13.0,2026-08,2026,8
India,Chhattisgarh,Kunjemura,"OP Jindal School, Kunjemura - CECB",2026-08-23 11:00:00,22.12665,83.483212,PM2.5,17.0,33.0,25.0,2026-08,2026,8
India,Chhattisgarh,Kunjemura,"OP Jindal School, Kunjemura - CECB",2026-08-23 11:00:00,22.12665,83.483212,SO2,7.0,15.0,13.0,2026-08,2026,8
India,Chhattisgarh,Raipur,"Krishak Nagar, Raipur - CECB",2026-08-23 11:00:00,21.237755,81.705301,NH3,2.0,2.0,2.0,2026-08,2026,8
India,Chhattisgarh,Raipur,"Siltara Phase-II, Raipur - CECB",2026-08-23 11:00:00,21.371751,81.664929,PM10,43.0,147.0,84.0,2026-08,2026,8
India,Chhattisgarh,Raipur,"Siltara Phase-II, Raipur - CECB",2026-08-23 11:00:00,21.371751,81.664929,CO,17.0,17.0,17.0,2026-08,2026,8
India,Chhattisgarh,Raipur,"AIIMS, Raipur - CECB",2026-08-23 11:00:00,21.258815,81.578979,NO2,0.0,3.0,1.0,2026-08,2026,8
India,Andhra Pradesh,Nellore,"Ambedkar Nagar, Nellore - APPCB ",2026-08-23 11:00:00,14.438164,79.966814,NO2,25.0,28.0,26.0,2026-08,2026,8
India,Andhra Pradesh,Nellore,"Ambedkar Nagar, Nellore - APPCB ",2026-08-23 11:00:00,14.438164,79.966814,OZONE,22.0,25.0,23.0,2026-08,2026,8
India,Andhra Pradesh,Rajamahendravaram,"Anand Kala Kshetram, Rajamahendravaram - APPCB",2026-08-23 11:00:00,16.9872867,81.7363176,PM10,28.0,92.0,50.0,2026-08,2026,8
India,Andhra Pradesh,Srikakulam,"Chinna Bharatham Colony, Srikakulam - APPCB",2026-08-23 11:00:00,18.292191,83.897173,NH3,2.0,3.0,2.0,2026-08,2026,8
India,Andhra Pradesh,Tirupati,"Vaikuntapuram, Tirupati - APPCB",2026-08-23 11:00:00,13.615387,79.40923,PM10,77.0,84.0,80.0,2026-08,2026,8
India,Andhra Pradesh,Tirupati,"Vaikuntapuram, Tirupati - APPCB",2026-08-23 11:00:00,13.615387,79.40923,NO2,24.0,27.0,25.0,2026-08,2026,8
India,Andhra Pradesh,Vijayawada,"Rajiv Nagar, Vijayawada - APPCB",2026-08-23 11:00:00,16.554731,80.64911,CO,18.0,25.0,20.0,2026-08,2026,8
India,Andhra Pradesh,Vijayawada,"HB Colony, Vijayawada - APPCB",2026-08-23 11:00:00,16.536107,80.594233,PM10,52.0,116.0,66.0,2026-08,2026,8
India,Andhra Pradesh,Vijayawada,"HB Colony, Vijayawada - APPCB",2026-08-23 11:00:00,16.536107,80.594233,NO2,13.0,22.0,15.0,2026-08,2026,8
India,Andhra Pradesh,Vijayawada,"HB Colony, Vijayawada - APPCB",2026-08-23 11:00:00,16.536107,80.594233,OZONE,16.0,16.0,16.0,2026-08,2026,8
India,Bihar,Siwan,"Chitragupta Nagar, Siwan - BSPCB",2026-08-23 11:00:00,26.2271665,84.3570427,OZONE,10.0,10.0,10.0,2026-08,2026,8
India,Chandigarh,Chandigarh,"Sector-25, Chandigarh - CPCC",2026-08-23 11:00:00,30.751462,76.762879,NH3,13.0,17.0,15.0,2026-08,2026,8
India,Chandigarh,Chandigarh,"Sector-25, Chandigarh - CPCC",2026-08-23 11:00:00,30.751462,76.762879,CO,11.0,20.0,16.0,2026-08,2026,8
India,Chhattisgarh,Bhilai,"32Bungalows, Bhilai - CECB",2026-08-23 11:00:00,21.194815,81.31477,CO,12.0,14.0,13.0,2026-08,2026,8
India,Chhattisgarh,Bhilai,"Hathkhoj, Bhilai - CECB",2026-08-23 11:00:00,21.224231,81.40835,PM2.5,24.0,45.0,36.0,2026-08,2026,8
India,Chhattisgarh,Bhilai,"Hathkhoj, Bhilai - CECB",2026-08-23 11:00:00,21.224231,81.40835,NH3,8.0,15.0,11.0,2026-08,2026,8
India,Chhattisgarh,Bhilai,"Hathkhoj, Bhilai - CECB",2026-08-23 11:00:00,21.224231,81.40835,CO,11.0,27.0,18.0,2026-08,2026,8
India,Chhattisgarh,Bhilai,"Hathkhoj, Bhilai - CECB",2026-08-23 11:00:00,21.224231,81.40835,OZONE,4.0,11.0,6.0,2026-08,2026,8
India,Chhattisgarh,Bilaspur,"Mangala, Bilaspur - NTPC",2026-08-23 11:00:00,22.08815,82.13737,PM10,15.0,66.0,37.0,2026-08,2026,8
India,Chhattisgarh,Bilaspur,"Mangala, Bilaspur - NTPC",2026-08-23 11:00:00,22.08815,82.13737,SO2,10.0,14.0,12.0,2026-08,2026,8
India,Chhattisgarh,Bilaspur,"Mangala, Bilaspur - NTPC",2026-08-23 11:00:00,22.08815,82.13737,OZONE,12.0,26.0,20.0,2026-08,2026,8
India,Assam,Nagaon,"Christianpatty, Nagaon - PCBA",2026-08-23 11:00:00,26.349082,92.68449,PM2.5,41.0,73.0,58.0,2026-08,2026,8
India,Assam,Nalbari,"Bata Chowk, Nalbari - PCBA",2026-08-23 11:00:00,26.446912,91.439057,SO2,8.0,8.0,8.0,2026-08,2026,8
India,Assam,Silchar,"Tarapur, Silchar - PCBA",2026-08-23 11:00:00,24.82827,92.79525,PM10,38.0,50.0,47.0,2026-08,2026,8
India,Assam,Silchar,"Tarapur, Silchar - PCBA",2026-08-23 11:00:00,24.82827,92.79525,SO2,4.0,8.0,7.0,2026-08,2026,8
India,Assam,Sivasagar,"Girls College, Sivasagar - PCBA",2026-08-23 11:00:00,26.987634,94.636574,PM10,27.0,35.0,31.0,2026-08,2026,8
India,Assam,Sivasagar,"Girls College, Sivasagar - PCBA",2026-08-23 11:00:00,26.987634,94.636574,NH3,1.0,6.0,3.0,2026-08,2026,8
India,Bihar,Araria,"Kharahiya Basti, Araria - BSPCB",2026-08-23 11:00:00,26.146529,87.454184,SO2,12.0,40.0,21.0,2026-08,2026,8
India,Bihar,Hajipur,"Industrial Area, Hajipur - BSPCB",2026-08-23 11:00:00,25.697189,85.2459,SO2,5.0,8.0,7.0,2026-08,2026,8
India,Bihar,Hajipur,"Industrial Area, Hajipur - BSPCB",2026-08-23 11:00:00,25.697189,85.2459,OZONE,13.0,44.0,22.0,2026-08,2026,8
India,Bihar,Katihar,"Mirchaibari, Katihar - BSPCB",2026-08-23 11:00:00,25.560083,87.553265,SO2,13.0,25.0,19.0,2026-08,2026,8
India,Bihar,Muzaffarpur,"Buddha Colony, Muzaffarpur - BSPCB",2026-08-23 11:00:00,26.11442,85.39813,NO2,11.0,38.0,18.0,2026-08,2026,8
India,Bihar,Patna,"Rajbansi Nagar, Patna - BSPCB",2026-08-23 11:00:00,25.599486,85.113666,OZONE,25.0,25.0,25.0,2026-08,2026,8
India,Bihar,Patna,"Govt. High School Shikarpur, Patna - BSPCB",2026-08-23 11:00:00,25.592539,85.227158,PM10,30.0,91.0,59.0,2026-08,2026,8
India,Andhra Pradesh,Eluru,"District Court, Eluru - APPCB",2026-08-23 11:00:00,16.711754,81.092095,NO2,13.0,24.0,18.0,2026-08,2026,8
India,Andhra Pradesh,Guntur,"Rajendra Nagar North, Guntur - APPCB",2026-08-23 11:00:00,16.316553,80.413302,PM2.5,52.0,65.0,58.0,2026-08,2026,8
India,Andhra Pradesh,Guntur,"Rajendra Nagar North, Guntur - APPCB",2026-08-23 11:00:00,16.316553,80.413302,OZONE,22.0,22.0,22.0,2026-08,2026,8
India,Andhra Pradesh,Kadapa,"Yerramukkapalli, Kadapa - APPCB",2026-08-23 11:00:00,14.465052,78.824187,PM2.5,45.0,47.0,46.0,2026-08,2026,8
India,Andhra Pradesh,Kadapa,"Yerramukkapalli, Kadapa - APPCB",2026-08-23 11:00:00,14.465052,78.824187,NO2,21.0,27.0,24.0,2026-08,2026,8
India,Andhra Pradesh,Kadapa,"Yerramukkapalli, Kadapa - APPCB",2026-08-23 11:00:00,14.465052,78.824187,NH3,2.0,2.0,2.0,2026-08,2026,8
India,Delhi,Delhi,"ITO, Delhi - CPCB",2026-08-23 11:00:00,28.628624,77.24106,PM10,27.0,141.0,92.0,2026-08,2026,8
India,Delhi,Delhi,"Narela, Delhi - DPCC",2026-08-23 11:00:00,28.822836,77.101981,OZONE,10.0,21.0,16.0,2026-08,2026,8
India,Delhi,Delhi,"Major Dhyan Chand National Stadium, Delhi - DPCC",2026-08-23 11:00:00,28.611281,77.237738,CO,12.0,23.0,18.0,2026-08,2026,8
India,Delhi,Delhi,"Bawana, Delhi - DPCC",2026-08-23 11:00:00,28.7762,77.051074,OZONE,16.0,16.0,16.0,2026-08,2026,8
India,Delhi,Delhi,"Rohini, Delhi - DPCC",2026-08-23 11:00:00,28.732528,77.11992,NH3,3.0,5.0,4.0,2026-08,2026,8
India,Haryana,Bahadurgarh,"Arya Nagar, Bahadurgarh - HSPCB",2026-08-23 11:00:00,28.6701,76.9254,NO2,27.0,32.0,29.0,2026-08,2026,8
India,Haryana,Ballabgarh,"Nathu Colony, Ballabgarh - HSPCB",2026-08-23 11:00:00,28.3419248,77.319699,PM10,30.0,110.0,82.0,2026-08,2026,8
India,Haryana,Ballabgarh,"Nathu Colony, Ballabgarh - HSPCB",2026-08-23 11:00:00,28.3419248,77.319699,OZONE,3.0,146.0,38.0,2026-08,2026,8
India,Haryana,Bhiwani,"H.B. Colony, Bhiwani - HSPCB",2026-08-23 11:00:00,28.806223,76.141105,PM2.5,32.0,72.0,45.0,2026-08,2026,8
India,Haryana,Bhiwani,"H.B. Colony, Bhiwani - HSPCB",2026-08-23 11:00:00,28.806223,76.141105,SO2,1.0,18.0,6.0,2026-08,2026,8
India,Haryana,Bhiwani,"H.B. Colony, Bhiwani - HSPCB",2026-08-23 11:00:00,28.806223,76.141105,CO,17.0,23.0,21.0,2026-08,2026,8
India,Haryana,Bhiwani,"H.B. Colony, Bhiwani - HSPCB",2026-08-23 11:00:00,28.806223,76.141105,OZONE,23.0,29.0,25.0,2026-08,2026,8
India,Haryana,Charkhi Dadri,"Mini Secretariat, Charkhi Dadri - HSPCB",2026-08-23 11:00:00,28.593883,76.270653,NO2,9.0,25.0,16.0,2026-08,2026,8
India,Haryana,Charkhi Dadri,"Mini Secretariat, Charkhi Dadri - HSPCB",2026-08-23 11:00:00,28.593883,76.270653,SO2,6.0,9.0,8.0,2026-08,2026,8
India,Haryana,Charkhi Dadri,"Mini Secretariat, Charkhi Dadri - HSPCB",2026-08-23 11:00:00,28.593883,76.270653,CO,8.0,22.0,16.0,2026-08,2026,8
India,Haryana,Dharuhera,"Municipal Corporation Office, Dharuhera -  HSPCB",2026-08-23 11:00:00,28.2068,76.7997,PM2.5,48.0,116.0,71.0,2026-08,2026,8
India,Haryana,Dharuhera,"Municipal Corporation Office, Dharuhera -  HSPCB",2026-08-23 11:00:00,28.2068,76.7997,PM10,46.0,102.0,68.0,2026-08,2026,8
India,Haryana,Faridabad,"New Industrial Town, Faridabad - HSPCB",2026-08-23 11:00:00,28.39072,77.30059,PM10,43.0,76.0,57.0,2026-08,2026,8
India,Haryana,Faridabad,"New Industrial Town, Faridabad - HSPCB",2026-08-23 11:00:00,28.39072,77.30059,CO,21.0,23.0,22.0,2026-08,2026,8
India,Haryana,Faridabad,"New Industrial Town, Faridabad - HSPCB",2026-08-23 11:00:00,28.39072,77.30059,OZONE,13.0,14.0,14.0,2026-08,2026,8
India,Haryana,Faridabad,"Sector 11, Faridabad - HSPCB",2026-08-23 11:00:00,28.376058,77.315741,SO2,4.0,11.0,7.0,2026-08,2026,8
India,Haryana,Faridabad,"Sector 30, Faridabad - HSPCB",2026-08-23 11:00:00,28.4417,77.3217,NO2,36.0,39.0,37.0,2026-08,2026,8
India,Haryana,Faridabad,"Sector 30, Faridabad - HSPCB",2026-08-23 11:00:00,28.4417,77.3217,NH3,11.0,12.0,12.0,2026-08,2026,8
India,Haryana,Faridabad,"Sector 30, Faridabad - HSPCB",2026-08-23 11:00:00,28.4417,77.3217,CO,24.0,26.0,25.0,2026-08,2026,8
India,Haryana,Fatehabad,"Huda Sector, Fatehabad - HSPCB",2026-08-23 11:00:00,29.503664,75.467934,SO2,62.0,67.0,64.0,2026-08,2026,8
India,Haryana,Fatehabad,"Huda Sector, Fatehabad - HSPCB",2026-08-23 11:00:00,29.503664,75.467934,CO,45.0,59.0,49.0,2026-08,2026,8
India,Haryana,Fatehabad,"Huda Sector, Fatehabad - HSPCB",2026-08-23 11:00:00,29.503664,75.467934,OZONE,19.0,36.0,29.0,2026-08,2026,8
India,Haryana,Gurugram,"Teri Gram, Gurugram - HSPCB",2026-08-23 11:00:00,28.4275,77.1465,PM10,14.0,500.0,123.0,2026-08,2026,8
India,Haryana,Gurugram,"Teri Gram, Gurugram - HSPCB",2026-08-23 11:00:00,28.4275,77.1465,NO2,30.0,62.0,43.0,2026-08,2026,8
India,Haryana,Gurugram,"Teri Gram, Gurugram - HSPCB",2026-08-23 11:00:00,28.4275,77.1465,SO2,6.0,20.0,12.0,2026-08,2026,8
India,Haryana,Gurugram,"NISE Gwal Pahari, Gurugram - IITM",2026-08-23 11:00:00,28.422681,77.148944,OZONE,2.0,21.0,8.0,2026-08,2026,8
India,Haryana,Gurugram,"Sector-51, Gurugram - HSPCB",2026-08-23 11:00:00,28.4227,77.0667,CO,45.0,49.0,47.0,2026-08,2026,8
India,Haryana,Hisar,"Urban Estate-II, Hisar - HSPCB",2026-08-23 11:00:00,29.14056,75.744941,PM10,50.0,100.0,77.0,2026-08,2026,8
India,Haryana,Hisar,"Urban Estate-II, Hisar - HSPCB",2026-08-23 11:00:00,29.14056,75.744941,NO2,21.0,29.0,27.0,2026-08,2026,8
India,Haryana,Kaithal,"Rishi Nagar, Kaithal - HSPCB",2026-08-23 11:00:00,29.8006,76.4155,NO2,19.0,25.0,22.0,2026-08,2026,8
India,Haryana,Karnal,"Sector-12, Karnal - HSPCB",2026-08-23 11:00:00,29.6953,77.0027,PM2.5,13.0,57.0,28.0,2026-08,2026,8
India,Delhi,Delhi,"IGNOU_Maidan Garhi, Delhi - DPCC",2026-08-23 11:00:00,28.493624,77.201159,CO,43.0,52.0,47.0,2026-08,2026,8
India,Delhi,Delhi,"IGNOU_Maidan Garhi, Delhi - DPCC",2026-08-23 11:00:00,28.493624,77.201159,OZONE,6.0,8.0,7.0,2026-08,2026,8
India,Delhi,Delhi,"Commonwealth Sports Complex, Delhi - DPCC",2026-08-23 11:00:00,28.615828,77.271992,PM2.5,39.0,112.0,63.0,2026-08,2026,8
India,Delhi,Delhi,"Commonwealth Sports Complex, Delhi - DPCC",2026-08-23 11:00:00,28.615828,77.271992,NO2,9.0,70.0,28.0,2026-08,2026,8
India,Delhi,Delhi,"Commonwealth Sports Complex, Delhi - DPCC",2026-08-23 11:00:00,28.615828,77.271992,NH3,0.0,2.0,2.0,2026-08,2026,8
India,Delhi,Delhi,"Commonwealth Sports Complex, Delhi - DPCC",2026-08-23 11:00:00,28.615828,77.271992,CO,41.0,50.0,45.0,2026-08,2026,8
India,Delhi,Delhi,"Talkatora Garden, Delhi - DPCC",2026-08-23 11:00:00,28.62181,77.1944633,SO2,0.0,1.0,1.0,2026-08,2026,8
India,Delhi,Delhi,"NSIT Dwarka, Delhi - CPCB",2026-08-23 11:00:00,28.60909,77.0325413,OZONE,17.0,24.0,19.0,2026-08,2026,8
India,Delhi,Delhi,"Aya Nagar, Delhi - IITM",2026-08-23 11:00:00,28.4706914,77.1099364,PM10,31.0,142.0,94.0,2026-08,2026,8
India,Delhi,Delhi,"Aya Nagar, Delhi - IITM",2026-08-23 11:00:00,28.4706914,77.1099364,NH3,12.0,26.0,20.0,2026-08,2026,8
India,Delhi,Delhi,"Aya Nagar, Delhi - IITM",2026-08-23 11:00:00,28.4706914,77.1099364,CO,21.0,26.0,24.0,2026-08,2026,8
India,Delhi,Delhi,"CRRI Mathura Road, Delhi - IITM",2026-08-23 11:00:00,28.5512005,77.2735737,PM10,22.0,145.0,102.0,2026-08,2026,8
India,Delhi,Delhi,"CRRI Mathura Road, Delhi - IITM",2026-08-23 11:00:00,28.5512005,77.2735737,SO2,12.0,26.0,20.0,2026-08,2026,8
India,Delhi,Delhi,"CRRI Mathura Road, Delhi - IITM",2026-08-23 11:00:00,28.5512005,77.2735737,CO,3.0,39.0,16.0,2026-08,2026,8
India,Delhi,Delhi,"Burari Crossing, Delhi - IITM",2026-08-23 11:00:00,28.7256504,77.2011573,PM10,18.0,117.0,83.0,2026-08,2026,8
India,Delhi,Delhi,"Burari Crossing, Delhi - IITM",2026-08-23 11:00:00,28.7256504,77.2011573,CO,40.0,54.0,49.0,2026-08,2026,8
India,Delhi,Delhi,"Sirifort, Delhi - CPCB",2026-08-23 11:00:00,28.5504249,77.2159377,PM2.5,40.0,157.0,82.0,2026-08,2026,8
India,Delhi,Delhi,"Chandni Chowk, Delhi - IITM",2026-08-23 11:00:00,28.656756,77.227234,PM10,53.0,159.0,115.0,2026-08,2026,8
India,Delhi,Delhi,"Chandni Chowk, Delhi - IITM",2026-08-23 11:00:00,28.656756,77.227234,SO2,6.0,15.0,8.0,2026-08,2026,8
India,Delhi,Delhi,"Pusa, Delhi - IITM",2026-08-23 11:00:00,28.63611,77.173332,NH3,12.0,26.0,20.0,2026-08,2026,8
India,Delhi,Delhi,"DTU, Delhi - CPCB",2026-08-23 11:00:00,28.7500499,77.1112615,SO2,32.0,34.0,33.0,2026-08,2026,8
India,Delhi,Delhi,"Dwarka-Sector 8, Delhi - DPCC ",2026-08-23 11:00:00,28.5710274,77.0719006,PM10,59.0,274.0,142.0,2026-08,2026,8
India,Delhi,Delhi,"Dwarka-Sector 8, Delhi - DPCC ",2026-08-23 11:00:00,28.5710274,77.0719006,CO,32.0,41.0,36.0,2026-08,2026,8
India,Delhi,Delhi,"Dr. Karni Singh Shooting Range, Delhi - DPCC",2026-08-23 11:00:00,28.498571,77.26484,SO2,6.0,8.0,7.0,2026-08,2026,8
India,Delhi,Delhi,"IIT Delhi, Delhi - IITM",2026-08-23 11:00:00,28.54246,77.191651,NO2,8.0,53.0,21.0,2026-08,2026,8
India,Delhi,Delhi,"IIT Delhi, Delhi - IITM",2026-08-23 11:00:00,28.54246,77.191651,NH3,12.0,26.0,20.0,2026-08,2026,8
India,Delhi,Delhi,"IIT Delhi, Delhi - IITM",2026-08-23 11:00:00,28.54246,77.191651,CO,14.0,23.0,19.0,2026-08,2026,8
India,Delhi,Delhi,"IGI Airport (T3), Delhi - IITM",2026-08-23 11:00:00,28.5627763,77.1180053,NO2,23.0,183.0,66.0,2026-08,2026,8
India,Delhi,Delhi,"IGI Airport (T3), Delhi - IITM",2026-08-23 11:00:00,28.5627763,77.1180053,NH3,12.0,26.0,20.0,2026-08,2026,8
India,Delhi,Delhi,"IGI Airport (T3), Delhi - IITM",2026-08-23 11:00:00,28.5627763,77.1180053,CO,34.0,43.0,37.0,2026-08,2026,8
India,Delhi,Delhi,"Vivek Vihar, Delhi - DPCC",2026-08-23 11:00:00,28.672342,77.31526,NO2,18.0,57.0,32.0,2026-08,2026,8
India,Delhi,Delhi,"Vivek Vihar, Delhi - DPCC",2026-08-23 11:00:00,28.672342,77.31526,NH3,5.0,7.0,6.0,2026-08,2026,8
India,Delhi,Delhi,"Jahangirpuri, Delhi - DPCC",2026-08-23 11:00:00,28.73282,77.170633,PM2.5,17.0,303.0,121.0,2026-08,2026,8
India,Delhi,Delhi,"Jahangirpuri, Delhi - DPCC",2026-08-23 11:00:00,28.73282,77.170633,NO2,13.0,47.0,23.0,2026-08,2026,8
India,Delhi,Delhi,"Jahangirpuri, Delhi - DPCC",2026-08-23 11:00:00,28.73282,77.170633,SO2,4.0,7.0,5.0,2026-08,2026,8
India,Delhi,Delhi,"IHBAS, Dilshad Garden, Delhi - CPCB",2026-08-23 11:00:00,28.6811736,77.3025234,OZONE,2.0,33.0,12.0,2026-08,2026,8
India,Delhi,Delhi,"Sri Aurobindo Marg, Delhi - DPCC",2026-08-23 11:00:00,28.531346,77.190156,PM10,43.0,134.0,92.0,2026-08,2026,8
India,Delhi,Delhi,"Sri Aurobindo Marg, Delhi - DPCC",2026-08-23 11:00:00,28.531346,77.190156,NO2,12.0,42.0,22.0,2026-08,2026,8
India,Delhi,Delhi,"Nehru Nagar, Delhi - DPCC",2026-08-23 11:00:00,28.56789,77.250515,NO2,14.0,63.0,31.0,2026-08,2026,8
India,Delhi,Delhi,"Nehru Nagar, Delhi - DPCC",2026-08-23 11:00:00,28.56789,77.250515,CO,13.0,50.0,35.0,2026-08,2026,8
India,Delhi,Delhi,"Jawaharlal Nehru Stadium, Delhi - DPCC",2026-08-23 11:00:00,28.58028,77.233829,NH3,7.0,8.0,8.0,2026-08,2026,8
India,Delhi,Delhi,"Jawaharlal Nehru Stadium, Delhi - DPCC",2026-08-23 11:00:00,28.58028,77.233829,OZONE,26.0,46.0,33.0,2026-08,2026,8
India,Delhi,Delhi,"Najafgarh, Delhi - DPCC",2026-08-23 11:00:00,28.570173,76.933762,NO2,10.0,33.0,20.0,2026-08,2026,8
India,Delhi,Delhi,"Najafgarh, Delhi - DPCC",2026-08-23 11:00:00,28.570173,76.933762,OZONE,13.0,14.0,14.0,2026-08,2026,8
India,Gujarat,Ahmedabad,"SAC ISRO Satellite, Ahmedabad - IITM",2026-08-23 11:00:00,23.023389,72.515201,CO,5.0,19.0,13.0,2026-08,2026,8
India,Gujarat,Ahmedabad,"Gyaspur, Ahmedabad - IITM",2026-08-23 11:00:00,22.977134,72.553024,PM10,88.0,186.0,115.0,2026-08,2026,8
India,Gujarat,Ahmedabad,"Raikhad, Ahmedabad - IITM",2026-08-23 11:00:00,23.020509,72.579261,NH3,1.0,1.0,1.0,2026-08,2026,8
India,Gujarat,Ankleshwar,"GIDC, Ankleshwar - GPCB",2026-08-23 11:00:00,21.613267,73.010555,NO2,26.0,26.0,26.0,2026-08,2026,8
India,Gujarat,Bhavnagar,"Vidhyanagar, Bhavnagar - Nexteng Enviro",2026-08-23 11:00:00,21.755417,72.139056,NH3,5.0,6.0,5.0,2026-08,2026,8
India,Gujarat,Bhavnagar,"Vidhyanagar, Bhavnagar - Nexteng Enviro",2026-08-23 11:00:00,21.755417,72.139056,SO2,7.0,8.0,7.0,2026-08,2026,8
India,Gujarat,Bhavnagar,"Vidhyanagar, Bhavnagar - Nexteng Enviro",2026-08-23 11:00:00,21.755417,72.139056,OZONE,15.0,20.0,17.0,2026-08,2026,8
India,Gujarat,Gandhinagar,"Sector-10, Gandhinagar - GPCB",2026-08-23 11:00:00,23.221714,72.654328,CO,14.0,14.0,14.0,2026-08,2026,8
India,Gujarat,Gandhinagar,"IIPHG Lekawada, Gandhinagar - IITM",2026-08-23 11:00:00,23.243639,72.68994,OZONE,2.0,4.0,3.0,2026-08,2026,8
India,Gujarat,Gandhinagar,"GIFT City, Gandhinagar - IITM",2026-08-23 11:00:00,23.163798,72.677768,PM10,74.0,139.0,104.0,2026-08,2026,8
India,Gujarat,Gandhinagar,"GIFT City, Gandhinagar - IITM",2026-08-23 11:00:00,23.163798,72.677768,SO2,2.0,15.0,5.0,2026-08,2026,8
India,Gujarat,Gandhinagar,"GIFT City, Gandhinagar - IITM",2026-08-23 11:00:00,23.163798,72.677768,OZONE,3.0,5.0,4.0,2026-08,2026,8
India,Gujarat,Mehsana,"Sadanand Nagar, Mehsana - Nexteng Enviro",2026-08-23 11:00:00,23.59315,72.372792,CO,44.0,46.0,45.0,2026-08,2026,8
India,Gujarat,Nandesari,"GIDC, Nandesari - Nandesari Ind. Association",2026-08-23 11:00:00,22.410802,73.097923,PM2.5,27.0,73.0,41.0,2026-08,2026,8
India,Gujarat,Nandesari,"GIDC, Nandesari - Nandesari Ind. Association",2026-08-23 11:00:00,22.410802,73.097923,OZONE,12.0,26.0,20.0,2026-08,2026,8
India,Gujarat,Rajkot,"Mavdi, Rajkot - Nexteng Enviro ",2026-08-23 11:00:00,22.248853,70.776774,NH3,0.0,1.0,1.0,2026-08,2026,8
India,Gujarat,Surat,"Science Center, Surat - SMC",2026-08-23 11:00:00,21.170046,72.795405,SO2,16.0,17.0,16.0,2026-08,2026,8
India,Gujarat,Surat,"Katargam, Surat - Nexteng Enviro",2026-08-23 11:00:00,21.217779,72.834787,PM10,32.0,111.0,58.0,2026-08,2026,8
India,Gujarat,Surat,"Katargam, Surat - Nexteng Enviro",2026-08-23 11:00:00,21.217779,72.834787,CO,45.0,50.0,47.0,2026-08,2026,8
India,Gujarat,Vadodara,"Bapunagar, Vadodara - Nexteng Enviro",2026-08-23 11:00:00,22.320153,73.216285,NO2,11.0,12.0,11.0,2026-08,2026,8
India,Gujarat,Vadodara,"Bapunagar, Vadodara - Nexteng Enviro",2026-08-23 11:00:00,22.320153,73.216285,OZONE,2.0,3.0,3.0,2026-08,2026,8
India,Gujarat,Vapi,"Phase-1 GIDC, Vapi - GPCB",2026-08-23 11:00:00,20.362421,72.918013,PM10,13.0,66.0,35.0,2026-08,2026,8
India,Delhi,Delhi,"JNU, Delhi - DPCC",2026-08-23 11:00:00,28.540721,77.168544,PM10,25.0,137.0,82.0,2026-08,2026,8
India,Delhi,Delhi,"North Campus, DU, Delhi - IITM",2026-08-23 11:00:00,28.6573814,77.1585447,PM2.5,16.0,315.0,73.0,2026-08,2026,8
India,Delhi,Delhi,"R K Puram, Delhi - DPCC",2026-08-23 11:00:00,28.563262,77.186937,PM2.5,40.0,183.0,93.0,2026-08,2026,8
India,Delhi,Delhi,"R K Puram, Delhi - DPCC",2026-08-23 11:00:00,28.563262,77.186937,NO2,10.0,82.0,33.0,2026-08,2026,8
India,Gujarat,Ahmedabad,"Rakhial, Ahmedabad - IITM",2026-08-23 11:00:00,23.016834,72.625775,SO2,29.0,42.0,34.0,2026-08,2026,8
India,Gujarat,Ahmedabad,"Maninagar, Ahmedabad - GPCB",2026-08-23 11:00:00,23.002657,72.591912,NO2,32.0,47.0,42.0,2026-08,2026,8
India,Gujarat,Ahmedabad,"Chandkheda, Ahmedabad - IITM",2026-08-23 11:00:00,23.107969,72.574648,CO,6.0,11.0,8.0,2026-08,2026,8
India,Gujarat,Ahmedabad,"SAC ISRO Bopal, Ahmedabad - IITM",2026-08-23 11:00:00,23.041137,72.456691,PM2.5,22.0,70.0,44.0,2026-08,2026,8
India,Gujarat,Ahmedabad,"SAC ISRO Satellite, Ahmedabad - IITM",2026-08-23 11:00:00,23.023389,72.515201,NO2,20.0,42.0,25.0,2026-08,2026,8
India,Delhi,Delhi,"NSUT Jaffarpur, Delhi - DPCC",2026-08-23 11:00:00,28.594004,76.909423,NH3,12.0,26.0,20.0,2026-08,2026,8
India,Delhi,Delhi,"Mundka, Delhi - DPCC",2026-08-23 11:00:00,28.684678,77.076574,PM10,36.0,199.0,105.0,2026-08,2026,8
India,Delhi,Delhi,"Mundka, Delhi - DPCC",2026-08-23 11:00:00,28.684678,77.076574,SO2,1.0,28.0,20.0,2026-08,2026,8
India,Delhi,Delhi,"Mundka, Delhi - DPCC",2026-08-23 11:00:00,28.684678,77.076574,OZONE,5.0,7.0,6.0,2026-08,2026,8
India,Delhi,Delhi,"Punjabi Bagh, Delhi - DPCC",2026-08-23 11:00:00,28.674045,77.131023,PM2.5,8.0,150.0,66.0,2026-08,2026,8
India,Delhi,Delhi,"Mandir Marg, Delhi - DPCC",2026-08-23 11:00:00,28.636429,77.201067,CO,51.0,65.0,58.0,2026-08,2026,8
India,Delhi,Delhi,"Pusa, Delhi - DPCC",2026-08-23 11:00:00,28.639652,77.146275,PM2.5,18.0,95.0,54.0,2026-08,2026,8
India,Madhya Pradesh,Ratlam,"Shasthri Nagar, Ratlam - IPCA Lab",2026-08-23 11:00:00,23.331731,75.045981,CO,12.0,26.0,20.0,2026-08,2026,8
India,Madhya Pradesh,Ratlam,"Shasthri Nagar, Ratlam - IPCA Lab",2026-08-23 11:00:00,23.331731,75.045981,OZONE,12.0,26.0,20.0,2026-08,2026,8
India,Madhya Pradesh,Sagar,"Civil Lines, Sagar - MPPCB",2026-08-23 11:00:00,23.838586,78.759431,NH3,2.0,2.0,2.0,2026-08,2026,8
India,Madhya Pradesh,Sagar,"Civil Lines, Sagar - MPPCB",2026-08-23 11:00:00,23.838586,78.759431,OZONE,29.0,37.0,34.0,2026-08,2026,8
India,Madhya Pradesh,Satna,"Bandhavgar Colony, Satna - Birla Cement",2026-08-23 11:00:00,24.58434363,80.8549414,NH3,12.0,26.0,20.0,2026-08,2026,8
India,Madhya Pradesh,Satna,"Bandhavgar Colony, Satna - Birla Cement",2026-08-23 11:00:00,24.58434363,80.8549414,OZONE,10.0,20.0,16.0,2026-08,2026,8
India,Madhya Pradesh,Ujjain,"Mahashweta Nagar, Ujjain - MPPCB",2026-08-23 11:00:00,23.1633321,75.800225,CO,24.0,34.0,28.0,2026-08,2026,8
India,Maharashtra,Ahmednagar,"Tarakpur, Ahmednagar - MPCB",2026-08-23 11:00:00,19.10122,74.73339,PM2.5,7.0,26.0,12.0,2026-08,2026,8
India,Maharashtra,Ahmednagar,"Tarakpur, Ahmednagar - MPCB",2026-08-23 11:00:00,19.10122,74.73339,SO2,12.0,26.0,20.0,2026-08,2026,8
India,Maharashtra,Ahmednagar,"Tarakpur, Ahmednagar - MPCB",2026-08-23 11:00:00,19.10122,74.73339,CO,2.0,18.0,9.0,2026-08,2026,8
India,Maharashtra,Akola,"Ramdaspeth, Akola - MPCB",2026-08-23 11:00:00,20.719516,77.000253,PM2.5,28.0,57.0,34.0,2026-08,2026,8
India,Maharashtra,Akola,"Ramdaspeth, Akola - MPCB",2026-08-23 11:00:00,20.719516,77.000253,PM10,41.0,67.0,52.0,2026-08,2026,8
India,Maharashtra,Akola,"Ramdaspeth, Akola - MPCB",2026-08-23 11:00:00,20.719516,77.000253,OZONE,8.0,14.0,10.0,2026-08,2026,8
India,Maharashtra,Ambernath,"Chinchpada, Ambernath - MPCB",2026-08-23 11:00:00,19.215784,73.199781,SO2,23.0,30.0,26.0,2026-08,2026,8
India,Maharashtra,Amravati,"Shri Shivaji Science College, Amravati - MPCB",2026-08-23 11:00:00,20.939198,77.765701,SO2,4.0,5.0,5.0,2026-08,2026,8
India,Maharashtra,Amravati,"Shri Shivaji Science College, Amravati - MPCB",2026-08-23 11:00:00,20.939198,77.765701,CO,22.0,24.0,23.0,2026-08,2026,8
India,Maharashtra,Amravati,"Shri Shivaji Science College, Amravati - MPCB",2026-08-23 11:00:00,20.939198,77.765701,OZONE,4.0,16.0,8.0,2026-08,2026,8
India,Maharashtra,Aurangabad,"MIDC Chilkalthana, Aurangabad - MPCB",2026-08-23 11:00:00,19.87562,75.38731,PM2.5,26.0,34.0,29.0,2026-08,2026,8
India,Maharashtra,Aurangabad,"MIDC Chilkalthana, Aurangabad - MPCB",2026-08-23 11:00:00,19.87562,75.38731,NO2,13.0,13.0,13.0,2026-08,2026,8
India,Maharashtra,Aurangabad,"Rachnakar Colony, Aurangabad - MPCB",2026-08-23 11:00:00,19.863756,75.321188,PM2.5,18.0,51.0,31.0,2026-08,2026,8
India,Madhya Pradesh,Indore,"Airport Area, Indore - IMC",2026-08-23 11:00:00,22.7289,75.8076,CO,35.0,35.0,35.0,2026-08,2026,8
India,Madhya Pradesh,Indore,"Maguda Nagar, Indore - IMC",2026-08-23 11:00:00,22.7524,75.8872,PM2.5,5.0,44.0,25.0,2026-08,2026,8
India,Madhya Pradesh,Indore,"Maguda Nagar, Indore - IMC",2026-08-23 11:00:00,22.7524,75.8872,NH3,12.0,26.0,20.0,2026-08,2026,8
India,Madhya Pradesh,Indore,"Residency Area, Indore - IMC",2026-08-23 11:00:00,22.7084,75.8815,PM2.5,16.0,56.0,34.0,2026-08,2026,8
India,Madhya Pradesh,Indore,"Residency Area, Indore - IMC",2026-08-23 11:00:00,22.7084,75.8815,CO,1.0,2.0,1.0,2026-08,2026,8
India,Madhya Pradesh,Jabalpur,"Marhatal, Jabalpur - MPPCB",2026-08-23 11:00:00,23.168606,79.932247,NH3,4.0,6.0,5.0,2026-08,2026,8
India,Madhya Pradesh,Jabalpur,"Marhatal, Jabalpur - MPPCB",2026-08-23 11:00:00,23.168606,79.932247,CO,3.0,27.0,11.0,2026-08,2026,8
India,Madhya Pradesh,Jabalpur,"Gupteshwar, Jabalpur - JMC",2026-08-23 11:00:00,23.142888,79.916147,PM10,34.0,80.0,54.0,2026-08,2026,8
India,Madhya Pradesh,Jabalpur,"Gupteshwar, Jabalpur - JMC",2026-08-23 11:00:00,23.142888,79.916147,SO2,4.0,11.0,8.0,2026-08,2026,8
India,Madhya Pradesh,Jabalpur,"Suhagi, Jabalpur - JMC",2026-08-23 11:00:00,23.218135,79.95777,CO,31.0,38.0,34.0,2026-08,2026,8
India,Madhya Pradesh,Katni,"Gole Bazar, Katni - MPPCB",2026-08-23 11:00:00,23.50016,80.23284,NO2,9.0,16.0,13.0,2026-08,2026,8
India,Madhya Pradesh,Katni,"Gole Bazar, Katni - MPPCB",2026-08-23 11:00:00,23.50016,80.23284,CO,18.0,33.0,26.0,2026-08,2026,8
India,Madhya Pradesh,Maihar,"Sahilara, Maihar - KJS Cements",2026-08-23 11:00:00,24.2613009,80.7231783,PM2.5,12.0,26.0,20.0,2026-08,2026,8
India,Madhya Pradesh,Maihar,"Sahilara, Maihar - KJS Cements",2026-08-23 11:00:00,24.2613009,80.7231783,NO2,12.0,16.0,14.0,2026-08,2026,8
India,Madhya Pradesh,Maihar,"Sahilara, Maihar - KJS Cements",2026-08-23 11:00:00,24.2613009,80.7231783,NH3,12.0,26.0,20.0,2026-08,2026,8
India,Madhya Pradesh,Mandideep,"Sector-D Industrial Area, Mandideep - MPPCB",2026-08-23 11:00:00,23.10844,77.511428,OZONE,17.0,39.0,26.0,2026-08,2026,8
India,Madhya Pradesh,Pithampur,"Sector-2 Industrial Area, Pithampur - MPPCB",2026-08-23 11:00:00,22.624758,75.675238,OZONE,18.0,30.0,24.0,2026-08,2026,8
India,Madhya Pradesh,Ratlam,"Shasthri Nagar, Ratlam - IPCA Lab",2026-08-23 11:00:00,23.331731,75.045981,PM10,18.0,60.0,41.0,2026-08,2026,8
India,Madhya Pradesh,Ratlam,"Shasthri Nagar, Ratlam - IPCA Lab",2026-08-23 11:00:00,23.331731,75.045981,NH3,12.0,26.0,20.0,2026-08,2026,8
India,Madhya Pradesh,Bhopal,"Paryavaran Parisar, Bhopal - MPPCB",2026-08-23 11:00:00,23.210494,77.425409,CO,14.0,16.0,15.0,2026-08,2026,8
India,Madhya Pradesh,Bhopal,"T T Nagar, Bhopal - MPPCB",2026-08-23 11:00:00,23.233584,77.400574,NH3,6.0,6.0,6.0,2026-08,2026,8
India,Madhya Pradesh,Damoh,"Shrivastav Colony, Damoh - MPPCB",2026-08-23 11:00:00,23.81748678,79.446246,CO,14.0,20.0,19.0,2026-08,2026,8
India,Madhya Pradesh,Damoh,"Shrivastav Colony, Damoh - MPPCB",2026-08-23 11:00:00,23.81748678,79.446246,OZONE,12.0,26.0,20.0,2026-08,2026,8
India,Madhya Pradesh,Dewas,"Bhopal Chauraha, Dewas - MPPCB",2026-08-23 11:00:00,22.9682591,76.064118,CO,14.0,19.0,17.0,2026-08,2026,8
India,Madhya Pradesh,Gwalior,"Maharaj Bada, Gwalior - MPPCB",2026-08-23 11:00:00,26.200388,78.147714,NO2,6.0,35.0,21.0,2026-08,2026,8
India,Madhya Pradesh,Gwalior,"Maharaj Bada, Gwalior - MPPCB",2026-08-23 11:00:00,26.200388,78.147714,SO2,1.0,24.0,10.0,2026-08,2026,8
India,Madhya Pradesh,Gwalior,"Maharaj Bada, Gwalior - MPPCB",2026-08-23 11:00:00,26.200388,78.147714,CO,32.0,56.0,44.0,2026-08,2026,8
India,Madhya Pradesh,Gwalior,"Deen Dayal Nagar, Gwalior - MPPCB",2026-08-23 11:00:00,26.259242,78.216432,PM2.5,12.0,77.0,26.0,2026-08,2026,8
India,Madhya Pradesh,Gwalior,"Deen Dayal Nagar, Gwalior - MPPCB",2026-08-23 11:00:00,26.259242,78.216432,PM10,31.0,103.0,62.0,2026-08,2026,8
India,Madhya Pradesh,Gwalior,"Deen Dayal Nagar, Gwalior - MPPCB",2026-08-23 11:00:00,26.259242,78.216432,NO2,31.0,53.0,40.0,2026-08,2026,8
India,Madhya Pradesh,Gwalior,"Deen Dayal Nagar, Gwalior - MPPCB",2026-08-23 11:00:00,26.259242,78.216432,NH3,3.0,7.0,4.0,2026-08,2026,8
India,Madhya Pradesh,Indore,"Regional Park, Indore - IMC",2026-08-23 11:00:00,22.678,75.8559,NO2,1.0,12.0,6.0,2026-08,2026,8
India,Madhya Pradesh,Indore,"Regional Park, Indore - IMC",2026-08-23 11:00:00,22.678,75.8559,SO2,37.0,39.0,38.0,2026-08,2026,8
India,Madhya Pradesh,Indore,"Regional Park, Indore - IMC",2026-08-23 11:00:00,22.678,75.8559,OZONE,5.0,5.0,5.0,2026-08,2026,8
India,Madhya Pradesh,Indore,"Chhoti Gwaltoli, Indore - MPPCB",2026-08-23 11:00:00,22.431,75.5213,PM10,68.0,134.0,95.0,2026-08,2026,8
India,Madhya Pradesh,Indore,"Chhoti Gwaltoli, Indore - MPPCB",2026-08-23 11:00:00,22.431,75.5213,SO2,16.0,21.0,19.0,2026-08,2026,8
India,Madhya Pradesh,Indore,"Airport Area, Indore - IMC",2026-08-23 11:00:00,22.7289,75.8076,PM2.5,12.0,26.0,20.0,2026-08,2026,8
India,Madhya Pradesh,Indore,"Airport Area, Indore - IMC",2026-08-23 11:00:00,22.7289,75.8076,SO2,12.0,26.0,20.0,2026-08,2026,8
India,Karnataka,Ramanagara,"Vijay Nagar, Ramanagara - KSPCB",2026-08-23 11:00:00,12.733409,77.298051,PM10,15.0,62.0,35.0,2026-08,2026,8
India,Karnataka,Ramanagara,"Vijay Nagar, Ramanagara - KSPCB",2026-08-23 11:00:00,12.733409,77.298051,OZONE,18.0,39.0,30.0,2026-08,2026,8
India,Karnataka,Yadgir,"Collector Office, Yadgir - KSPCB",2026-08-23 11:00:00,16.7602,77.1428,PM2.5,3.0,19.0,10.0,2026-08,2026,8
India,Kerala,Eloor,"Udyogamandal, Eloor - Kerala PCB",2026-08-23 11:00:00,10.073232,76.302765,CO,43.0,49.0,46.0,2026-08,2026,8
India,Kerala,Kannur,"Thavakkara, Kannur - Kerala PCB",2026-08-23 11:00:00,11.875,75.3732,PM2.5,87.0,99.0,92.0,2026-08,2026,8
India,Kerala,Kannur,"Thavakkara, Kannur - Kerala PCB",2026-08-23 11:00:00,11.875,75.3732,PM10,75.0,84.0,78.0,2026-08,2026,8
India,Kerala,Kannur,"Thavakkara, Kannur - Kerala PCB",2026-08-23 11:00:00,11.875,75.3732,NH3,1.0,1.0,1.0,2026-08,2026,8
India,Kerala,Kannur,"Thavakkara, Kannur - Kerala PCB",2026-08-23 11:00:00,11.875,75.3732,SO2,0.0,0.0,0.0,2026-08,2026,8
India,Kerala,Kannur,"Thavakkara, Kannur - Kerala PCB",2026-08-23 11:00:00,11.875,75.3732,OZONE,28.0,28.0,28.0,2026-08,2026,8
India,Kerala,Thiruvananthapuram,"Plammoodu, Thiruvananthapuram - Kerala PCB",2026-08-23 11:00:00,8.5149093,76.9435879,PM2.5,9.0,28.0,17.0,2026-08,2026,8
India,Kerala,Thiruvananthapuram,"Plammoodu, Thiruvananthapuram - Kerala PCB",2026-08-23 11:00:00,8.5149093,76.9435879,PM10,14.0,43.0,26.0,2026-08,2026,8
India,Kerala,Thiruvananthapuram,"Plammoodu, Thiruvananthapuram - Kerala PCB",2026-08-23 11:00:00,8.5149093,76.9435879,NO2,2.0,4.0,3.0,2026-08,2026,8
India,Kerala,Thrissur,"Corporation Ground, Thrissur - Kerala PCB",2026-08-23 11:00:00,10.5324,76.2159,OZONE,30.0,31.0,30.0,2026-08,2026,8
India,Ladakh,Leh,"Skara Yokma, Leh - LPCC",2026-08-23 11:00:00,34.147096,77.55709,NO2,12.0,26.0,20.0,2026-08,2026,8
India,Jammu and Kashmir,Srinagar,"Rajbagh, Srinagar - JKPCC",2026-08-23 11:00:00,34.066206,74.81982,NO2,19.0,20.0,19.0,2026-08,2026,8
India,Jammu and Kashmir,Srinagar,"Rajbagh, Srinagar - JKPCC",2026-08-23 11:00:00,34.066206,74.81982,SO2,3.0,4.0,3.0,2026-08,2026,8
India,Jammu and Kashmir,Srinagar,"Rajbagh, Srinagar - JKPCC",2026-08-23 11:00:00,34.066206,74.81982,CO,11.0,18.0,13.0,2026-08,2026,8
India,Jammu and Kashmir,Srinagar,"Khunmoh, Srinagar - JKPCC",2026-08-23 11:00:00,34.06313,74.96017,OZONE,12.0,26.0,20.0,2026-08,2026,8
India,Jharkhand,Dhanbad,"Sardar Patel Nagar, Dhanbad - JSPCB",2026-08-23 11:00:00,23.80569,86.44268,PM2.5,12.0,26.0,20.0,2026-08,2026,8
India,Jharkhand,Dhanbad,"Sardar Patel Nagar, Dhanbad - JSPCB",2026-08-23 11:00:00,23.80569,86.44268,SO2,12.0,26.0,20.0,2026-08,2026,8
India,Jharkhand,Dhanbad,"Sardar Patel Nagar, Dhanbad - JSPCB",2026-08-23 11:00:00,23.80569,86.44268,OZONE,8.0,26.0,16.0,2026-08,2026,8
India,Karnataka,Belgaum,"Ramteerth Nagar, Belgaum - KSPCB",2026-08-23 11:00:00,15.888653,74.541751,SO2,12.0,26.0,20.0,2026-08,2026,8
India,Karnataka,Bengaluru,"Jigani, Bengaluru - KSPCB",2026-08-23 11:00:00,12.7816279,77.6299145,NO2,17.0,18.0,18.0,2026-08,2026,8
India,Karnataka,Bengaluru,"Jigani, Bengaluru - KSPCB",2026-08-23 11:00:00,12.7816279,77.6299145,NH3,3.0,3.0,3.0,2026-08,2026,8
India,Karnataka,Bengaluru,"City Railway Station, Bengaluru - KSPCB",2026-08-23 11:00:00,12.9756843,77.5660749,PM2.5,12.0,26.0,20.0,2026-08,2026,8
India,Karnataka,Bengaluru,"Jayanagar 5th Block, Bengaluru - KSPCB",2026-08-23 11:00:00,12.920984,77.584908,NH3,1.0,2.0,1.0,2026-08,2026,8
India,Haryana,Palwal,"Shyam Nagar, Palwal - HSPCB",2026-08-23 11:00:00,28.1485564,77.3320667,OZONE,10.0,10.0,10.0,2026-08,2026,8
India,Haryana,Panchgaon,"Amity University, Panchgaon - IITM",2026-08-23 11:00:00,28.3153,76.9143,OZONE,12.0,26.0,20.0,2026-08,2026,8
India,Haryana,Rohtak,"MD University, Rohtak - HSPCB",2026-08-23 11:00:00,28.52123,76.37138,SO2,10.0,12.0,10.0,2026-08,2026,8
India,Haryana,Rohtak,"MD University, Rohtak - HSPCB",2026-08-23 11:00:00,28.52123,76.37138,OZONE,15.0,25.0,20.0,2026-08,2026,8
India,Haryana,Sirsa,"F-Block, Sirsa - HSPCB",2026-08-23 11:00:00,29.5364,75.0158,SO2,15.0,41.0,36.0,2026-08,2026,8
India,Haryana,Sirsa,"F-Block, Sirsa - HSPCB",2026-08-23 11:00:00,29.5364,75.0158,OZONE,12.0,74.0,31.0,2026-08,2026,8
India,Haryana,Sonipat,"Murthal, Sonipat - HSPCB",2026-08-23 11:00:00,29.0272,77.0621,PM2.5,2.0,14.0,5.0,2026-08,2026,8
India,Haryana,Yamuna Nagar,"Gobind Pura, Yamuna Nagar - HSPCB",2026-08-23 11:00:00,30.1480566,77.2893471,PM2.5,47.0,155.0,75.0,2026-08,2026,8
India,Himachal Pradesh,Baddi,"HIMUDA Complex Phase-1, Baddi - HPPCB",2026-08-23 11:00:00,30.943887,76.801991,PM2.5,12.0,133.0,54.0,2026-08,2026,8
India,Himachal Pradesh,Baddi,"HIMUDA Complex Phase-1, Baddi - HPPCB",2026-08-23 11:00:00,30.943887,76.801991,NO2,2.0,33.0,15.0,2026-08,2026,8
India,Karnataka,Bengaluru,"Shivapura_Peenya, Bengaluru - KSPCB",2026-08-23 11:00:00,13.0246342,77.5080115,PM2.5,37.0,42.0,39.0,2026-08,2026,8
India,Karnataka,Bengaluru,"Shivapura_Peenya, Bengaluru - KSPCB",2026-08-23 11:00:00,13.0246342,77.5080115,CO,12.0,26.0,20.0,2026-08,2026,8
India,Karnataka,Bengaluru,"Hebbal, Bengaluru - KSPCB",2026-08-23 11:00:00,13.029152,77.585901,CO,35.0,46.0,40.0,2026-08,2026,8
India,Karnataka,Bengaluru,"Silk Board, Bengaluru - KSPCB",2026-08-23 11:00:00,12.917348,77.622813,NH3,2.0,2.0,2.0,2026-08,2026,8
India,Karnataka,Bengaluru,"Silk Board, Bengaluru - KSPCB",2026-08-23 11:00:00,12.917348,77.622813,SO2,20.0,23.0,22.0,2026-08,2026,8
India,Karnataka,Chamarajanagar,"Urban, Chamarajanagar - KSPCB",2026-08-23 11:00:00,11.55358,76.55521,PM10,44.0,46.0,45.0,2026-08,2026,8
India,Karnataka,Chamarajanagar,"Urban, Chamarajanagar - KSPCB",2026-08-23 11:00:00,11.55358,76.55521,NO2,23.0,30.0,28.0,2026-08,2026,8
India,Karnataka,Chamarajanagar,"Urban, Chamarajanagar - KSPCB",2026-08-23 11:00:00,11.55358,76.55521,CO,22.0,23.0,23.0,2026-08,2026,8
India,Karnataka,Chikkaballapur,"Chikkaballapur Rural, Chikkaballapur - KSPCB",2026-08-23 11:00:00,13.428828,77.731418,SO2,12.0,26.0,20.0,2026-08,2026,8
India,Karnataka,Chikkaballapur,"Chikkaballapur Rural, Chikkaballapur - KSPCB",2026-08-23 11:00:00,13.428828,77.731418,CO,14.0,15.0,15.0,2026-08,2026,8
India,Karnataka,Chikkaballapur,"Chikkaballapur Rural, Chikkaballapur - KSPCB",2026-08-23 11:00:00,13.428828,77.731418,OZONE,18.0,18.0,18.0,2026-08,2026,8
India,Karnataka,Chikkamagaluru,"Kalyana Nagara, Chikkamagaluru - KSPCB",2026-08-23 11:00:00,13.328028,75.797056,CO,11.0,64.0,18.0,2026-08,2026,8
India,Karnataka,Gadag,"Panchal Nagar, Gadag - KSPCB",2026-08-23 11:00:00,15.411456,75.638133,NO2,17.0,20.0,18.0,2026-08,2026,8
India,Karnataka,Gadag,"Panchal Nagar, Gadag - KSPCB",2026-08-23 11:00:00,15.411456,75.638133,OZONE,16.0,18.0,17.0,2026-08,2026,8
India,Karnataka,Hubballi,"Lingaraj Nagar, Hubballi - KSPCB",2026-08-23 11:00:00,15.3714823,75.1160168,PM2.5,31.0,41.0,39.0,2026-08,2026,8
India,Karnataka,Madikeri,"Stuart Hill, Madikeri - KSPCB",2026-08-23 11:00:00,12.415911,75.73505,NO2,2.0,3.0,2.0,2026-08,2026,8
India,Karnataka,Madikeri,"Stuart Hill, Madikeri - KSPCB",2026-08-23 11:00:00,12.415911,75.73505,CO,8.0,20.0,13.0,2026-08,2026,8
India,Karnataka,Mangalore,"Kadri, Mangalore - KSPCB",2026-08-23 11:00:00,12.88925,74.853,NO2,3.0,6.0,5.0,2026-08,2026,8
India,Karnataka,Mangalore,"Kadri, Mangalore - KSPCB",2026-08-23 11:00:00,12.88925,74.853,NH3,1.0,4.0,3.0,2026-08,2026,8
India,Karnataka,Mangalore,"Kadri, Mangalore - KSPCB",2026-08-23 11:00:00,12.88925,74.853,SO2,12.0,26.0,20.0,2026-08,2026,8
India,Karnataka,Mangalore,"Kadri, Mangalore - KSPCB",2026-08-23 11:00:00,12.88925,74.853,OZONE,34.0,34.0,34.0,2026-08,2026,8
India,Haryana,Kurukshetra,"Sector-7, Kurukshetra - HSPCB",2026-08-23 11:00:00,29.966942,76.875879,NH3,5.0,6.0,5.0,2026-08,2026,8
India,Haryana,Mandikhera,"General Hospital, Mandikhera(Nuh) - HSPCB",2026-08-23 11:00:00,27.9002,76.9938,OZONE,46.0,49.0,47.0,2026-08,2026,8
India,Haryana,Manesar,"Sector-2 IMT, Manesar - HSPCB",2026-08-23 11:00:00,28.360699,76.93609,NO2,27.0,116.0,50.0,2026-08,2026,8
India,Haryana,Manesar,"Sector-2 IMT, Manesar - HSPCB",2026-08-23 11:00:00,28.360699,76.93609,CO,12.0,16.0,14.0,2026-08,2026,8
India,Haryana,Manesar,"Sector-2 IMT, Manesar - HSPCB",2026-08-23 11:00:00,28.360699,76.93609,OZONE,8.0,43.0,21.0,2026-08,2026,8
India,Haryana,Narnaul,"Shastri Nagar, Narnaul - HSPCB",2026-08-23 11:00:00,28.060249,76.113115,NO2,19.0,76.0,45.0,2026-08,2026,8
India,Haryana,Palwal,"Shyam Nagar, Palwal - HSPCB",2026-08-23 11:00:00,28.1485564,77.3320667,NH3,6.0,6.0,6.0,2026-08,2026,8
India,Maharashtra,Hingoli,"Ashta Vinayak Nagar, Hingoli - MPCB",2026-08-23 11:00:00,19.710842,77.151824,NO2,4.0,21.0,8.0,2026-08,2026,8
India,Maharashtra,Hingoli,"Ashta Vinayak Nagar, Hingoli - MPCB",2026-08-23 11:00:00,19.710842,77.151824,NH3,1.0,3.0,1.0,2026-08,2026,8
India,Maharashtra,Hingoli,"Ashta Vinayak Nagar, Hingoli - MPCB",2026-08-23 11:00:00,19.710842,77.151824,OZONE,6.0,19.0,10.0,2026-08,2026,8
India,Maharashtra,Jalgaon,"Prabhat Colony, Jalgaon - MPCB",2026-08-23 11:00:00,21.001264,75.565602,PM2.5,18.0,41.0,30.0,2026-08,2026,8
India,Maharashtra,Jalgaon,"Prabhat Colony, Jalgaon - MPCB",2026-08-23 11:00:00,21.001264,75.565602,OZONE,8.0,22.0,14.0,2026-08,2026,8
India,Maharashtra,Jalna,"Old MIDC, Jalna - MPCB",2026-08-23 11:00:00,19.854616,75.905894,PM10,45.0,88.0,62.0,2026-08,2026,8
India,Maharashtra,Jalna,"Old MIDC, Jalna - MPCB",2026-08-23 11:00:00,19.854616,75.905894,NO2,14.0,24.0,19.0,2026-08,2026,8
India,Maharashtra,Jalna,"Old MIDC, Jalna - MPCB",2026-08-23 11:00:00,19.854616,75.905894,SO2,9.0,9.0,9.0,2026-08,2026,8
India,Maharashtra,Kalyan,"Khadakpada, Kalyan - MPCB",2026-08-23 11:00:00,19.25292,73.142019,PM10,32.0,152.0,80.0,2026-08,2026,8
India,Maharashtra,Kalyan,"Pimpleshwar Mandir, Kalyan - MPCB",2026-08-23 11:00:00,19.192056,72.9585188,NH3,0.0,1.0,1.0,2026-08,2026,8
India,Maharashtra,Kolhapur,"Sinchan Bhavan, Kolhapur - MPCB",2026-08-23 11:00:00,16.7143745,74.2426398,PM10,15.0,29.0,22.0,2026-08,2026,8
India,Maharashtra,Kolhapur,"Shivaji University, Kolhapur - MPCB",2026-08-23 11:00:00,16.6870449,74.2505872,NH3,3.0,4.0,4.0,2026-08,2026,8
India,Maharashtra,Mahad,"Kamble Tarf Birwadi, Mahad - MPCB",2026-08-23 11:00:00,18.1023399,73.4783687,CO,27.0,37.0,34.0,2026-08,2026,8
India,Maharashtra,Malegaon,"Mahesh Nagar, Malegaon - MPCB",2026-08-23 11:00:00,20.555712,74.529236,PM10,43.0,82.0,65.0,2026-08,2026,8
India,Maharashtra,Malegaon,"Mahesh Nagar, Malegaon - MPCB",2026-08-23 11:00:00,20.555712,74.529236,NH3,12.0,26.0,20.0,2026-08,2026,8
India,Maharashtra,Malegaon,"Mahesh Nagar, Malegaon - MPCB",2026-08-23 11:00:00,20.555712,74.529236,CO,5.0,12.0,8.0,2026-08,2026,8
India,Maharashtra,Mira-Bhayandar,"Bhayandar West, Mira-Bhayandar - MPCB",2026-08-23 11:00:00,19.296481,72.840923,PM2.5,15.0,36.0,28.0,2026-08,2026,8
India,Maharashtra,Mira-Bhayandar,"Bhayandar West, Mira-Bhayandar - MPCB",2026-08-23 11:00:00,19.296481,72.840923,NH3,1.0,4.0,2.0,2026-08,2026,8
India,Maharashtra,Mumbai,"Shivaji Nagar, Mumbai - BMC",2026-08-23 11:00:00,19.060498,72.923356,PM2.5,8.0,38.0,22.0,2026-08,2026,8
India,Maharashtra,Mumbai,"Shivaji Nagar, Mumbai - BMC",2026-08-23 11:00:00,19.060498,72.923356,PM10,38.0,92.0,59.0,2026-08,2026,8
India,Maharashtra,Aurangabad,"Rachnakar Colony, Aurangabad - MPCB",2026-08-23 11:00:00,19.863756,75.321188,OZONE,9.0,10.0,10.0,2026-08,2026,8
India,Maharashtra,Aurangabad,"More Chowk Waluj, Aurangabad - MPCB",2026-08-23 11:00:00,19.8389439,75.244448,PM2.5,42.0,54.0,50.0,2026-08,2026,8
India,Maharashtra,Aurangabad,"More Chowk Waluj, Aurangabad - MPCB",2026-08-23 11:00:00,19.8389439,75.244448,NH3,7.0,8.0,7.0,2026-08,2026,8
India,Maharashtra,Aurangabad,"More Chowk Waluj, Aurangabad - MPCB",2026-08-23 11:00:00,19.8389439,75.244448,SO2,25.0,29.0,27.0,2026-08,2026,8
India,Maharashtra,Badlapur,"Katrap, Badlapur - MPCB",2026-08-23 11:00:00,19.16485,73.23409,PM2.5,12.0,14.0,13.0,2026-08,2026,8
India,Maharashtra,Badlapur,"Katrap, Badlapur - MPCB",2026-08-23 11:00:00,19.16485,73.23409,SO2,8.0,11.0,10.0,2026-08,2026,8
India,Maharashtra,Badlapur,"Katrap, Badlapur - MPCB",2026-08-23 11:00:00,19.16485,73.23409,CO,38.0,43.0,40.0,2026-08,2026,8
India,Maharashtra,Beed,"Bir, Beed - MPCB",2026-08-23 11:00:00,18.988474,75.753873,OZONE,7.0,14.0,10.0,2026-08,2026,8
India,Maharashtra,Bhiwandi,"Gokul Nagar, Bhiwandi - MPCB",2026-08-23 11:00:00,19.309073,73.057223,SO2,3.0,4.0,3.0,2026-08,2026,8
India,Maharashtra,Chandrapur,"MIDC Khutala, Chandrapur - MPCB",2026-08-23 11:00:00,19.9775302,79.2337086,PM10,12.0,26.0,20.0,2026-08,2026,8
India,Maharashtra,Chandrapur,"MIDC Khutala, Chandrapur - MPCB",2026-08-23 11:00:00,19.9775302,79.2337086,NH3,12.0,26.0,20.0,2026-08,2026,8
India,Maharashtra,Chandrapur,"Chauhan Colony, Chandrapur - MPCB",2026-08-23 11:00:00,19.9629,79.298714,PM2.5,13.0,45.0,27.0,2026-08,2026,8
India,Maharashtra,Chandrapur,"Chauhan Colony, Chandrapur - MPCB",2026-08-23 11:00:00,19.9629,79.298714,SO2,10.0,11.0,10.0,2026-08,2026,8
India,Maharashtra,Chandrapur,"Chauhan Colony, Chandrapur - MPCB",2026-08-23 11:00:00,19.9629,79.298714,CO,24.0,26.0,25.0,2026-08,2026,8
India,Maharashtra,Chandrapur,"Chauhan Colony, Chandrapur - MPCB",2026-08-23 11:00:00,19.9629,79.298714,OZONE,5.0,10.0,8.0,2026-08,2026,8
India,Maharashtra,Dhule,"Deopur, Dhule - MPCB",2026-08-23 11:00:00,20.918946,74.776388,NO2,3.0,15.0,9.0,2026-08,2026,8
India,Maharashtra,Dhule,"Deopur, Dhule - MPCB",2026-08-23 11:00:00,20.918946,74.776388,SO2,12.0,26.0,20.0,2026-08,2026,8
India,Maharashtra,Dombivli,"Kalu Nagar, Dombivli - MPCB",2026-08-23 11:00:00,19.2268427,73.0788456,NH3,1.0,2.0,1.0,2026-08,2026,8
India,Maharashtra,Dombivli,"Kalu Nagar, Dombivli - MPCB",2026-08-23 11:00:00,19.2268427,73.0788456,OZONE,21.0,38.0,28.0,2026-08,2026,8
India,Maharashtra,Mumbai,"Sion, Mumbai - MPCB",2026-08-23 11:00:00,19.047,72.8746,NO2,46.0,69.0,58.0,2026-08,2026,8
India,Maharashtra,Mumbai,"Sion, Mumbai - MPCB",2026-08-23 11:00:00,19.047,72.8746,OZONE,12.0,26.0,20.0,2026-08,2026,8
India,Maharashtra,Mumbai,"Siddharth Nagar-Worli, Mumbai - IITM",2026-08-23 11:00:00,19.000083,72.813993,PM2.5,9.0,15.0,12.0,2026-08,2026,8
India,Maharashtra,Mumbai,"Siddharth Nagar-Worli, Mumbai - IITM",2026-08-23 11:00:00,19.000083,72.813993,NH3,1.0,1.0,1.0,2026-08,2026,8
India,Maharashtra,Mumbai,"Siddharth Nagar-Worli, Mumbai - IITM",2026-08-23 11:00:00,19.000083,72.813993,OZONE,12.0,14.0,13.0,2026-08,2026,8
India,Maharashtra,Mumbai,"Bandra Kurla Complex, Mumbai - MPCB",2026-08-23 11:00:00,19.065931,72.862131,PM10,36.0,68.0,49.0,2026-08,2026,8
India,Maharashtra,Mumbai,"Byculla, Mumbai - BMC",2026-08-23 11:00:00,18.9767,72.838,CO,19.0,26.0,22.0,2026-08,2026,8
India,Maharashtra,Mumbai,"Byculla, Mumbai - BMC",2026-08-23 11:00:00,18.9767,72.838,OZONE,5.0,10.0,7.0,2026-08,2026,8
India,Maharashtra,Mumbai,"Mindspace-Malad West, Mumbai - MPCB",2026-08-23 11:00:00,19.1878657,72.8304069,PM2.5,13.0,15.0,14.0,2026-08,2026,8
India,Maharashtra,Mumbai,"Mindspace-Malad West, Mumbai - MPCB",2026-08-23 11:00:00,19.1878657,72.8304069,PM10,26.0,28.0,27.0,2026-08,2026,8
India,Maharashtra,Mumbai,"Mindspace-Malad West, Mumbai - MPCB",2026-08-23 11:00:00,19.1878657,72.8304069,NO2,18.0,19.0,18.0,2026-08,2026,8
India,Maharashtra,Mumbai,"Navy Nagar-Colaba, Mumbai - IITM",2026-08-23 11:00:00,18.897756,72.81332,PM10,30.0,152.0,66.0,2026-08,2026,8
India,Maharashtra,Mumbai,"Mulund West, Mumbai - MPCB",2026-08-23 11:00:00,19.175,72.9419,NO2,12.0,14.0,13.0,2026-08,2026,8
India,Maharashtra,Mumbai,"Chembur, Mumbai - MPCB",2026-08-23 11:00:00,19.0364585,72.8954371,NH3,10.0,22.0,16.0,2026-08,2026,8
India,Maharashtra,Mumbai,"Chembur, Mumbai - MPCB",2026-08-23 11:00:00,19.0364585,72.8954371,OZONE,12.0,26.0,20.0,2026-08,2026,8
India,Maharashtra,Mumbai,"Kandivali West, Mumbai - BMC",2026-08-23 11:00:00,19.215859,72.831718,PM2.5,9.0,24.0,15.0,2026-08,2026,8
India,Maharashtra,Mumbai,"Kandivali West, Mumbai - BMC",2026-08-23 11:00:00,19.215859,72.831718,NO2,14.0,16.0,15.0,2026-08,2026,8
India,Maharashtra,Navi Mumbai,"Kopripada-Vashi, Navi Mumbai - MPCB",2026-08-23 11:00:00,19.090337,73.014232,SO2,1.0,1.0,1.0,2026-08,2026,8
India,Maharashtra,Navi Mumbai,"Tondare-Taloja, Navi Mumbai - MPCB",2026-08-23 11:00:00,19.063,73.1209,PM2.5,23.0,55.0,34.0,2026-08,2026,8
India,Maharashtra,Navi Mumbai,"Sanpada, Navi Mumbai - MPCB",2026-08-23 11:00:00,19.0575752,73.0151367,NH3,4.0,4.0,4.0,2026-08,2026,8
India,Maharashtra,Navi Mumbai,"Sector-2E Kalamboli, Navi Mumbai - MPCB",2026-08-23 11:00:00,19.02579,73.10297,PM10,19.0,37.0,27.0,2026-08,2026,8
India,Maharashtra,Navi Mumbai,"Mahape, Navi Mumbai - MPCB",2026-08-23 11:00:00,19.1135051,73.008978,NO2,42.0,44.0,43.0,2026-08,2026,8
India,Maharashtra,Navi Mumbai,"Mahape, Navi Mumbai - MPCB",2026-08-23 11:00:00,19.1135051,73.008978,OZONE,8.0,10.0,9.0,2026-08,2026,8
India,Maharashtra,Navi Mumbai,"Nerul, Navi Mumbai - MPCB",2026-08-23 11:00:00,19.008751,73.01662,PM10,20.0,54.0,33.0,2026-08,2026,8
India,Maharashtra,Navi Mumbai,"Nerul, Navi Mumbai - MPCB",2026-08-23 11:00:00,19.008751,73.01662,NH3,1.0,1.0,1.0,2026-08,2026,8
India,Maharashtra,Navi Mumbai,"Nerul, Navi Mumbai - MPCB",2026-08-23 11:00:00,19.008751,73.01662,CO,12.0,26.0,20.0,2026-08,2026,8
India,Maharashtra,Parbhani,"Masoom Colony, Parbhani - MPCB",2026-08-23 11:00:00,19.265594,76.761463,PM10,16.0,46.0,27.0,2026-08,2026,8
India,Maharashtra,Parbhani,"Masoom Colony, Parbhani - MPCB",2026-08-23 11:00:00,19.265594,76.761463,CO,10.0,13.0,12.0,2026-08,2026,8
India,Maharashtra,Pimpri-Chinchwad,"Gavalinagar, Pimpri Chinchwad - MPCB",2026-08-23 11:00:00,18.63673,73.82487,NH3,2.0,5.0,2.0,2026-08,2026,8
India,Maharashtra,Pimpri-Chinchwad,"Gavalinagar, Pimpri Chinchwad - MPCB",2026-08-23 11:00:00,18.63673,73.82487,SO2,1.0,1.0,1.0,2026-08,2026,8
India,Maharashtra,Pimpri-Chinchwad,"Bhosari, Pune - IITM",2026-08-23 11:00:00,18.640051,73.848956,PM10,35.0,89.0,61.0,2026-08,2026,8
India,Maharashtra,Pimpri-Chinchwad,"Bhosari, Pune - IITM",2026-08-23 11:00:00,18.640051,73.848956,NO2,25.0,43.0,32.0,2026-08,2026,8
India,Maharashtra,Nagpur,"Ram Nagar, Nagpur - MPCB",2026-08-23 11:00:00,21.143383,79.048912,PM2.5,27.0,65.0,44.0,2026-08,2026,8
India,Maharashtra,Nagpur,"Ram Nagar, Nagpur - MPCB",2026-08-23 11:00:00,21.143383,79.048912,NO2,4.0,12.0,6.0,2026-08,2026,8
India,Maharashtra,Nagpur,"Ram Nagar, Nagpur - MPCB",2026-08-23 11:00:00,21.143383,79.048912,OZONE,12.0,26.0,20.0,2026-08,2026,8
India,Maharashtra,Nagpur,"Opp GPO Civil Lines, Nagpur - MPCB",2026-08-23 11:00:00,21.152875,79.0517531,NO2,15.0,16.0,16.0,2026-08,2026,8
India,Maharashtra,Nagpur,"Opp GPO Civil Lines, Nagpur - MPCB",2026-08-23 11:00:00,21.152875,79.0517531,CO,6.0,52.0,30.0,2026-08,2026,8
India,Maharashtra,Nagpur,"Ambazari, Nagpur - MPCB",2026-08-23 11:00:00,21.121801,79.04952,NH3,2.0,3.0,2.0,2026-08,2026,8
India,Maharashtra,Nagpur,"Ambazari, Nagpur - MPCB",2026-08-23 11:00:00,21.121801,79.04952,OZONE,2.0,9.0,6.0,2026-08,2026,8
India,Maharashtra,Nanded,"Sneh Nagar, Nanded - MPCB",2026-08-23 11:00:00,19.173852,77.296291,NO2,4.0,12.0,8.0,2026-08,2026,8
India,Maharashtra,Nanded,"Sneh Nagar, Nanded - MPCB",2026-08-23 11:00:00,19.173852,77.296291,OZONE,13.0,27.0,17.0,2026-08,2026,8
India,Maharashtra,Nashik,"Gangapur Road, Nashik - MPCB",2026-08-23 11:00:00,20.0073285,73.7762427,NH3,3.0,3.0,3.0,2026-08,2026,8
India,Maharashtra,Nashik,"Pandav Nagari, Nashik - MPCB",2026-08-23 11:00:00,19.9591346,73.7788008,NH3,2.0,3.0,2.0,2026-08,2026,8
India,Maharashtra,Nashik,"Hirawadi, Nashik - MPCB",2026-08-23 11:00:00,20.021503,73.813844,SO2,10.0,15.0,12.0,2026-08,2026,8
India,Maharashtra,Nashik,"MIDC Ambad, Nashik - MPCB",2026-08-23 11:00:00,19.95022,73.73148,NO2,3.0,8.0,5.0,2026-08,2026,8
India,Maharashtra,Mumbai,"Khindipada-Bhandup West, Mumbai - IITM",2026-08-23 11:00:00,19.1653323,72.922099,PM2.5,5.0,31.0,14.0,2026-08,2026,8
India,Maharashtra,Mumbai,"Khindipada-Bhandup West, Mumbai - IITM",2026-08-23 11:00:00,19.1653323,72.922099,CO,31.0,41.0,39.0,2026-08,2026,8
India,Maharashtra,Mumbai,"Malad West, Mumbai - IITM",2026-08-23 11:00:00,19.19709,72.82204,PM2.5,7.0,28.0,14.0,2026-08,2026,8
India,Maharashtra,Mumbai,"Chakala-Andheri East, Mumbai - IITM",2026-08-23 11:00:00,19.11074,72.86084,SO2,1.0,29.0,11.0,2026-08,2026,8
India,Maharashtra,Mumbai,"Bandra Kurla Complex, Mumbai - IITM",2026-08-23 11:00:00,19.053536,72.84643,NH3,1.0,4.0,2.0,2026-08,2026,8
India,Maharashtra,Mumbai,"Kurla, Mumbai - MPCB",2026-08-23 11:00:00,19.0863,72.8888,PM2.5,17.0,130.0,44.0,2026-08,2026,8
India,Maharashtra,Mumbai,"Kurla, Mumbai - MPCB",2026-08-23 11:00:00,19.0863,72.8888,PM10,20.0,133.0,50.0,2026-08,2026,8
India,Maharashtra,Mumbai,"Kurla, Mumbai - MPCB",2026-08-23 11:00:00,19.0863,72.8888,NH3,2.0,2.0,2.0,2026-08,2026,8
India,Maharashtra,Mumbai,"Deonar, Mumbai - IITM",2026-08-23 11:00:00,19.04946,72.923,CO,12.0,12.0,12.0,2026-08,2026,8
India,Maharashtra,Mumbai,"Chhatrapati Shivaji Intl. Airport (T2), Mumbai - MPCB",2026-08-23 11:00:00,19.10078,72.87462,NO2,13.0,13.0,13.0,2026-08,2026,8
India,Maharashtra,Pune,"Mhada Colony, Pune - IITM",2026-08-23 11:00:00,18.57304,73.927715,NH3,12.0,26.0,20.0,2026-08,2026,8
India,Maharashtra,Pune,"Dhankawadi, Pune - IITM",2026-08-23 11:00:00,18.459883,73.852193,PM10,26.0,59.0,43.0,2026-08,2026,8
India,Maharashtra,Pune,"Dhankawadi, Pune - IITM",2026-08-23 11:00:00,18.459883,73.852193,NH3,12.0,26.0,20.0,2026-08,2026,8
India,Maharashtra,Pune,"Panchawati_Pashan, Pune - IITM",2026-08-23 11:00:00,18.536457,73.805454,PM2.5,21.0,46.0,28.0,2026-08,2026,8
India,Maharashtra,Pune,"Panchawati_Pashan, Pune - IITM",2026-08-23 11:00:00,18.536457,73.805454,CO,19.0,56.0,38.0,2026-08,2026,8
India,Maharashtra,Sangli,"Vijay Nagar, Sangli - MPCB",2026-08-23 11:00:00,16.5038,74.3623,PM2.5,13.0,47.0,26.0,2026-08,2026,8
India,Maharashtra,Sangli,"Vijay Nagar, Sangli - MPCB",2026-08-23 11:00:00,16.5038,74.3623,NH3,1.0,3.0,1.0,2026-08,2026,8
India,Maharashtra,Satara,"Koyana Nagar, Satara - MPCB",2026-08-23 11:00:00,17.696651,74.003387,SO2,2.0,6.0,5.0,2026-08,2026,8
India,Maharashtra,Solapur,"Dnyaneshwar Nagar, Solapur - MPCB",2026-08-23 11:00:00,17.6336264,75.9132495,NO2,4.0,11.0,6.0,2026-08,2026,8
India,Maharashtra,Solapur,"Dnyaneshwar Nagar, Solapur - MPCB",2026-08-23 11:00:00,17.6336264,75.9132495,NH3,4.0,11.0,7.0,2026-08,2026,8
India,Maharashtra,Solapur,"Ratandeep Housing Society, Solapur - MPCB",2026-08-23 11:00:00,17.65439,75.90649,PM2.5,17.0,42.0,33.0,2026-08,2026,8
India,Maharashtra,Solapur,"Ratandeep Housing Society, Solapur - MPCB",2026-08-23 11:00:00,17.65439,75.90649,PM10,16.0,50.0,32.0,2026-08,2026,8
India,Maharashtra,Thane,"Upvan Fort, Thane - MPCB",2026-08-23 11:00:00,19.222279,72.957979,PM2.5,9.0,30.0,18.0,2026-08,2026,8
India,Maharashtra,Thane,"Upvan Fort, Thane - MPCB",2026-08-23 11:00:00,19.222279,72.957979,SO2,0.0,5.0,2.0,2026-08,2026,8
India,Maharashtra,Thane,"Kasarvadavali, Thane - MPCB",2026-08-23 11:00:00,19.26777,72.97182,PM2.5,19.0,52.0,32.0,2026-08,2026,8
India,Maharashtra,Pimpri-Chinchwad,"Park Street Wakad, Pimpri Chinchwad - MPCB",2026-08-23 11:00:00,18.59051,73.77946,NO2,10.0,21.0,15.0,2026-08,2026,8
India,Maharashtra,Pimpri-Chinchwad,"Savta Mali Nagar, Pimpri-Chinchwad - IITM",2026-08-23 11:00:00,18.614767,73.799516,NH3,12.0,26.0,20.0,2026-08,2026,8
India,Maharashtra,Pune,"Hadapsar, Pune - IITM",2026-08-23 11:00:00,18.501793,73.927532,SO2,12.0,26.0,20.0,2026-08,2026,8
India,Maharashtra,Pune,"Revenue Colony-Shivajinagar, Pune - IITM",2026-08-23 11:00:00,18.530085,73.849598,CO,57.0,89.0,72.0,2026-08,2026,8
India,Punjab,Rupnagar,"Ratanpura, Rupnagar - Ambuja Cements",2026-08-23 11:00:00,31.0325454,76.5623046,NO2,9.0,47.0,26.0,2026-08,2026,8
India,Punjab,Rupnagar,"Ratanpura, Rupnagar - Ambuja Cements",2026-08-23 11:00:00,31.0325454,76.5623046,NH3,12.0,26.0,20.0,2026-08,2026,8
India,Punjab,Rupnagar,"Ratanpura, Rupnagar - Ambuja Cements",2026-08-23 11:00:00,31.0325454,76.5623046,CO,53.0,57.0,55.0,2026-08,2026,8
India,Rajasthan,Alwar,"Vigyan Nagar, Alwar - RSPCB",2026-08-23 11:00:00,27.598796,76.63861,PM2.5,7.0,107.0,43.0,2026-08,2026,8
India,Rajasthan,Banswara,"Rati Talai, Banswara - RSPCB",2026-08-23 11:00:00,23.55519,74.44001,SO2,5.0,23.0,8.0,2026-08,2026,8
India,Rajasthan,Banswara,"Rati Talai, Banswara - RSPCB",2026-08-23 11:00:00,23.55519,74.44001,OZONE,17.0,43.0,29.0,2026-08,2026,8
India,Rajasthan,Baran,"Bamboliya, Baran - RSPCB",2026-08-23 11:00:00,25.106006,76.469948,PM2.5,17.0,30.0,23.0,2026-08,2026,8
India,Rajasthan,Barmer,"Railway Colony, Barmer - RSPCB",2026-08-23 11:00:00,25.747299,71.393989,PM10,34.0,81.0,61.0,2026-08,2026,8
India,Rajasthan,Bharatpur,"Krishna Nagar, Bharatpur - RSPCB",2026-08-23 11:00:00,27.215415,77.50873,NO2,2.0,18.0,7.0,2026-08,2026,8
India,Rajasthan,Bharatpur,"Krishna Nagar, Bharatpur - RSPCB",2026-08-23 11:00:00,27.215415,77.50873,OZONE,5.0,43.0,31.0,2026-08,2026,8
India,Rajasthan,Bhilwara,"Pratap Nagar, Bhilwara - RSPCB",2026-08-23 11:00:00,25.339605,74.618883,PM2.5,28.0,67.0,45.0,2026-08,2026,8
India,Rajasthan,Bhilwara,"Pratap Nagar, Bhilwara - RSPCB",2026-08-23 11:00:00,25.339605,74.618883,SO2,6.0,10.0,8.0,2026-08,2026,8
India,Rajasthan,Bhilwara,"Pratap Nagar, Bhilwara - RSPCB",2026-08-23 11:00:00,25.339605,74.618883,CO,12.0,26.0,20.0,2026-08,2026,8
India,Rajasthan,Bikaner,"MM Ground, Bikaner - RSPCB",2026-08-23 11:00:00,28.018792,73.292658,OZONE,12.0,35.0,22.0,2026-08,2026,8
India,Rajasthan,Bundi,"New Colony, Bundi - RSPCB",2026-08-23 11:00:00,25.435774,75.644272,PM10,45.0,103.0,69.0,2026-08,2026,8
India,Rajasthan,Bundi,"New Colony, Bundi - RSPCB",2026-08-23 11:00:00,25.435774,75.644272,NH3,12.0,26.0,20.0,2026-08,2026,8
India,Rajasthan,Bundi,"New Colony, Bundi - RSPCB",2026-08-23 11:00:00,25.435774,75.644272,OZONE,21.0,43.0,28.0,2026-08,2026,8
India,Rajasthan,Chittorgarh,"Shastri Nagar, Chittorgarh - RSPCB",2026-08-23 11:00:00,24.892047,74.623527,NH3,9.0,17.0,11.0,2026-08,2026,8
India,Rajasthan,Chittorgarh,"Shastri Nagar, Chittorgarh - RSPCB",2026-08-23 11:00:00,24.892047,74.623527,CO,5.0,9.0,7.0,2026-08,2026,8
India,Rajasthan,Chittorgarh,"Shastri Nagar, Chittorgarh - RSPCB",2026-08-23 11:00:00,24.892047,74.623527,OZONE,18.0,57.0,31.0,2026-08,2026,8
India,Rajasthan,Churu,"Subash Chowk, Churu - RSPCB",2026-08-23 11:00:00,28.296139,74.961696,PM2.5,2.0,41.0,22.0,2026-08,2026,8
India,Rajasthan,Churu,"Subash Chowk, Churu - RSPCB",2026-08-23 11:00:00,28.296139,74.961696,NH3,4.0,5.0,4.0,2026-08,2026,8
India,Rajasthan,Dausa,"Khatikan Mohalla, Dausa - RSPCB",2026-08-23 11:00:00,26.895552,76.334753,PM2.5,25.0,72.0,45.0,2026-08,2026,8
India,Rajasthan,Dausa,"Khatikan Mohalla, Dausa - RSPCB",2026-08-23 11:00:00,26.895552,76.334753,PM10,27.0,122.0,78.0,2026-08,2026,8
India,Rajasthan,Dausa,"Khatikan Mohalla, Dausa - RSPCB",2026-08-23 11:00:00,26.895552,76.334753,CO,13.0,28.0,22.0,2026-08,2026,8
India,Rajasthan,Dungarpur,"Bhoiwada, Dungarpur - RSPCB",2026-08-23 11:00:00,23.837789,73.714926,NH3,10.0,13.0,12.0,2026-08,2026,8
India,Odisha,Baripada,"Meher Colony, Baripada - OSPCB",2026-08-23 11:00:00,21.941841,86.728318,CO,8.0,26.0,15.0,2026-08,2026,8
India,Odisha,Bhubaneswar,"Patia, Bhubaneswar - OSPCB",2026-08-23 11:00:00,20.34652,85.8163,CO,32.0,36.0,34.0,2026-08,2026,8
India,Odisha,Bhubaneswar,"Patia, Bhubaneswar - OSPCB",2026-08-23 11:00:00,20.34652,85.8163,OZONE,9.0,19.0,14.0,2026-08,2026,8
India,Odisha,Bhubaneswar,"Lingraj Mandir, Bhubaneswar - OSPCB",2026-08-23 11:00:00,20.24079,85.836784,PM2.5,7.0,237.0,52.0,2026-08,2026,8
India,Odisha,Brajrajnagar,"GM Office, Brajrajnagar - OSPCB",2026-08-23 11:00:00,21.8004996,83.8396977,NO2,21.0,44.0,26.0,2026-08,2026,8
India,Odisha,Brajrajnagar,"GM Office, Brajrajnagar - OSPCB",2026-08-23 11:00:00,21.8004996,83.8396977,CO,40.0,56.0,51.0,2026-08,2026,8
India,Odisha,Brajrajnagar,"GM Office, Brajrajnagar - OSPCB",2026-08-23 11:00:00,21.8004996,83.8396977,OZONE,42.0,44.0,43.0,2026-08,2026,8
India,Odisha,Byasanagar,"Ferro Chrome Colony, Byasanagar - OSPCB",2026-08-23 11:00:00,20.94185,86.1151,NO2,6.0,17.0,11.0,2026-08,2026,8
India,Odisha,Byasanagar,"Ferro Chrome Colony, Byasanagar - OSPCB",2026-08-23 11:00:00,20.94185,86.1151,CO,32.0,59.0,43.0,2026-08,2026,8
India,Odisha,Keonjhar,"Jagamohanpur, Keonjhar - OSPCB",2026-08-23 11:00:00,21.6439,85.599355,PM10,12.0,26.0,20.0,2026-08,2026,8
India,Odisha,Keonjhar,"Jagamohanpur, Keonjhar - OSPCB",2026-08-23 11:00:00,21.6439,85.599355,NH3,2.0,2.0,2.0,2026-08,2026,8
India,Rajasthan,Jalore,"Mudtra Sili, Jalore - RSPCB",2026-08-23 11:00:00,25.344694,72.626208,OZONE,15.0,33.0,23.0,2026-08,2026,8
India,Rajasthan,Jodhpur,"Digari Kalan, Jodhpur - RSPCB",2026-08-23 11:00:00,26.29581,73.082283,PM10,75.0,151.0,97.0,2026-08,2026,8
India,Rajasthan,Jodhpur,"Digari Kalan, Jodhpur - RSPCB",2026-08-23 11:00:00,26.29581,73.082283,CO,9.0,14.0,12.0,2026-08,2026,8
India,Rajasthan,Jodhpur,"Digari Kalan, Jodhpur - RSPCB",2026-08-23 11:00:00,26.29581,73.082283,OZONE,14.0,27.0,21.0,2026-08,2026,8
India,Rajasthan,Jodhpur,"Jhalamand, Jodhpur - RSPCB",2026-08-23 11:00:00,26.215415,73.070156,PM10,80.0,139.0,102.0,2026-08,2026,8
India,Rajasthan,Jodhpur,"Jhalamand, Jodhpur - RSPCB",2026-08-23 11:00:00,26.215415,73.070156,NO2,3.0,10.0,6.0,2026-08,2026,8
India,Rajasthan,Jodhpur,"Mandor, Jodhpur - RSPCB",2026-08-23 11:00:00,26.358805,73.047444,NH3,2.0,3.0,3.0,2026-08,2026,8
India,Rajasthan,Jodhpur,"Collectorate, Jodhpur - RSPCB",2026-08-23 11:00:00,26.268249,73.0193853,NH3,2.0,8.0,5.0,2026-08,2026,8
India,Rajasthan,Jodhpur,"Collectorate, Jodhpur - RSPCB",2026-08-23 11:00:00,26.268249,73.0193853,SO2,5.0,14.0,8.0,2026-08,2026,8
India,Rajasthan,Jodhpur,"Collectorate, Jodhpur - RSPCB",2026-08-23 11:00:00,26.268249,73.0193853,CO,5.0,25.0,11.0,2026-08,2026,8
India,Rajasthan,Jodhpur,"Samrat Ashok Udhyan, Jodhpur - RSPCB",2026-08-23 11:00:00,26.253384,72.976571,CO,13.0,19.0,15.0,2026-08,2026,8
India,Odisha,Keonjhar,"Jagamohanpur, Keonjhar - OSPCB",2026-08-23 11:00:00,21.6439,85.599355,CO,37.0,45.0,42.0,2026-08,2026,8
India,Odisha,Rourkela,"Sector-2, Rourkela - OSPCB",2026-08-23 11:00:00,22.245,84.88111111,PM2.5,11.0,11.0,11.0,2026-08,2026,8
India,Odisha,Rourkela,"Raghunathpali, Rourkela - OSPCB",2026-08-23 11:00:00,22.220833,84.809444,OZONE,3.0,3.0,3.0,2026-08,2026,8
India,Odisha,Rourkela,"Fertilizer Township, Rourkela - OSPCB",2026-08-23 11:00:00,22.18972222,84.86277778,CO,12.0,26.0,20.0,2026-08,2026,8
India,Odisha,Talcher,"Talcher Coalfields,Talcher - OSPCB",2026-08-23 11:00:00,20.9360711,85.1707021,PM2.5,8.0,80.0,32.0,2026-08,2026,8
India,Odisha,Talcher,"Talcher Coalfields,Talcher - OSPCB",2026-08-23 11:00:00,20.9360711,85.1707021,PM10,12.0,26.0,20.0,2026-08,2026,8
India,Odisha,Talcher,"Talcher Coalfields,Talcher - OSPCB",2026-08-23 11:00:00,20.9360711,85.1707021,NH3,6.0,7.0,7.0,2026-08,2026,8
India,Odisha,Tensa,"Barsua Iron Ore Mines, Tensa - OSPCB",2026-08-23 11:00:00,21.869985,85.167016,PM2.5,13.0,31.0,19.0,2026-08,2026,8
India,Odisha,Tensa,"Barsua Iron Ore Mines, Tensa - OSPCB",2026-08-23 11:00:00,21.869985,85.167016,SO2,14.0,36.0,27.0,2026-08,2026,8
India,Odisha,Tensa,"Barsua Iron Ore Mines, Tensa - OSPCB",2026-08-23 11:00:00,21.869985,85.167016,CO,12.0,26.0,20.0,2026-08,2026,8
India,Punjab,Bathinda,"Hardev Nagar, Bathinda - PPCB",2026-08-23 11:00:00,30.233011,74.907758,NH3,12.0,26.0,20.0,2026-08,2026,8
India,Punjab,Bathinda,"Hardev Nagar, Bathinda - PPCB",2026-08-23 11:00:00,30.233011,74.907758,SO2,10.0,24.0,15.0,2026-08,2026,8
India,Punjab,Jalandhar,"Civil Line, Jalandhar - PPCB",2026-08-23 11:00:00,31.321907,75.578914,NH3,3.0,3.0,3.0,2026-08,2026,8
India,Punjab,Ludhiana,"Punjab Agricultural University, Ludhiana - PPCB",2026-08-23 11:00:00,30.9028,75.8086,PM10,44.0,115.0,70.0,2026-08,2026,8
India,Punjab,Ludhiana,"Punjab Agricultural University, Ludhiana - PPCB",2026-08-23 11:00:00,30.9028,75.8086,NO2,14.0,41.0,30.0,2026-08,2026,8
India,Punjab,Ludhiana,"Punjab Agricultural University, Ludhiana - PPCB",2026-08-23 11:00:00,30.9028,75.8086,CO,12.0,30.0,19.0,2026-08,2026,8
India,Punjab,Patiala,"Model Town, Patiala - PPCB",2026-08-23 11:00:00,30.349388,76.366642,NH3,3.0,9.0,6.0,2026-08,2026,8
India,Rajasthan,Jaipur,"Mansarovar Sector-12, Jaipur - RSPCB",2026-08-23 11:00:00,26.843698,75.766894,OZONE,20.0,52.0,37.0,2026-08,2026,8
India,Rajasthan,Jaipur,"Sector-2 Murlipura, Jaipur - RSPCB",2026-08-23 11:00:00,26.960669,75.771817,PM2.5,35.0,60.0,46.0,2026-08,2026,8
India,Rajasthan,Jaipur,"Police Commissionerate, Jaipur - RSPCB",2026-08-23 11:00:00,26.9164092,75.7994901,PM10,60.0,106.0,84.0,2026-08,2026,8
India,Rajasthan,Jaipur,"RIICO Sitapura, Jaipur - RSPCB",2026-08-23 11:00:00,26.786682,75.827928,PM2.5,47.0,147.0,76.0,2026-08,2026,8
India,Rajasthan,Jaipur,"RIICO Sitapura, Jaipur - RSPCB",2026-08-23 11:00:00,26.786682,75.827928,NH3,3.0,4.0,3.0,2026-08,2026,8
India,Rajasthan,Jaisalmer,"Sadar Bazar, Jaisalmer - RSPCB",2026-08-23 11:00:00,26.912329,70.909168,PM2.5,15.0,43.0,28.0,2026-08,2026,8
India,Meghalaya,Shillong,"JN Stadium, Shillong - Meghalaya PCB",2026-08-23 11:00:00,25.5803419,91.8942571,NO2,2.0,10.0,5.0,2026-08,2026,8
India,Mizoram,Aizawl,"Sikulpuikawn, Aizawl - Mizoram PCB",2026-08-23 11:00:00,23.7176342,92.7192841,SO2,14.0,15.0,14.0,2026-08,2026,8
India,Odisha,Balasore,"Kalidaspur, Balasore - OSPCB",2026-08-23 11:00:00,21.51161,86.89088,CO,37.0,47.0,42.0,2026-08,2026,8
India,Odisha,Barbil,"Forest Office, Barbil - OSPCB",2026-08-23 11:00:00,22.1166054,85.3945546,OZONE,5.0,25.0,14.0,2026-08,2026,8
India,Maharashtra,Ulhasnagar,"Sidhi Vinayak Nagar, Ulhasnagar - MPCB",2026-08-23 11:00:00,19.235581,73.159121,PM2.5,11.0,45.0,35.0,2026-08,2026,8
India,Maharashtra,Ulhasnagar,"Sidhi Vinayak Nagar, Ulhasnagar - MPCB",2026-08-23 11:00:00,19.235581,73.159121,NH3,1.0,2.0,2.0,2026-08,2026,8
India,Maharashtra,Ulhasnagar,"Sidhi Vinayak Nagar, Ulhasnagar - MPCB",2026-08-23 11:00:00,19.235581,73.159121,OZONE,0.0,5.0,2.0,2026-08,2026,8
India,Maharashtra,Ulhasnagar,"Vithalwadi, Ulhasnagar - MPCB",2026-08-23 11:00:00,19.2307571,73.155192,SO2,6.0,34.0,9.0,2026-08,2026,8
India,Rajasthan,Sikar,"Radhakishan Pura, Sikar - RSPCB",2026-08-23 11:00:00,27.608912,75.153302,NO2,5.0,14.0,9.0,2026-08,2026,8
India,Rajasthan,Sikar,"Radhakishan Pura, Sikar - RSPCB",2026-08-23 11:00:00,27.608912,75.153302,SO2,3.0,4.0,4.0,2026-08,2026,8
India,Rajasthan,Sikar,"Radhakishan Pura, Sikar - RSPCB",2026-08-23 11:00:00,27.608912,75.153302,CO,14.0,18.0,16.0,2026-08,2026,8
India,Rajasthan,Sirohi,"Vedhaynath Colony, Sirohi - RSPCB",2026-08-23 11:00:00,24.885261,72.857549,PM2.5,20.0,42.0,29.0,2026-08,2026,8
India,Rajasthan,Sri Ganganagar,"Old City, Sri Ganganagar - RSPCB",2026-08-23 11:00:00,29.931624,73.864511,SO2,3.0,9.0,5.0,2026-08,2026,8
India,Rajasthan,Sri Ganganagar,"Old City, Sri Ganganagar - RSPCB",2026-08-23 11:00:00,29.931624,73.864511,CO,19.0,28.0,23.0,2026-08,2026,8
India,Rajasthan,Tonk,"Shastri Nagar, Tonk - RSPCB",2026-08-23 11:00:00,26.159933,75.780517,PM2.5,30.0,83.0,56.0,2026-08,2026,8
India,Rajasthan,Tonk,"Shastri Nagar, Tonk - RSPCB",2026-08-23 11:00:00,26.159933,75.780517,NO2,6.0,18.0,10.0,2026-08,2026,8
India,Rajasthan,Udaipur,"Ashok Nagar, Udaipur - RSPCB",2026-08-23 11:00:00,24.5886166,73.6321397,PM2.5,54.0,125.0,84.0,2026-08,2026,8
India,Rajasthan,Udaipur,"Ashok Nagar, Udaipur - RSPCB",2026-08-23 11:00:00,24.5886166,73.6321397,PM10,57.0,108.0,88.0,2026-08,2026,8
India,Sikkim,Gangtok,"Zero Point GICI, Gangtok - SSPCB",2026-08-23 11:00:00,27.33853,88.614099,NO2,7.0,8.0,8.0,2026-08,2026,8
India,Tamil Nadu,Chennai,"Kodungaiyur, Chennai - TNPCB",2026-08-23 11:00:00,13.1278,80.2642,NO2,11.0,15.0,14.0,2026-08,2026,8
India,Tamil Nadu,Chennai,"Kodungaiyur, Chennai - TNPCB",2026-08-23 11:00:00,13.1278,80.2642,NH3,4.0,6.0,4.0,2026-08,2026,8
India,Tamil Nadu,Chennai,"Kodungaiyur, Chennai - TNPCB",2026-08-23 11:00:00,13.1278,80.2642,SO2,4.0,8.0,6.0,2026-08,2026,8
India,Tamil Nadu,Chennai,"Velachery Res. Area, Chennai - CPCB",2026-08-23 11:00:00,13.0052189,80.2398125,NO2,11.0,13.0,12.0,2026-08,2026,8
India,Tamil Nadu,Chennai,"Velachery Res. Area, Chennai - CPCB",2026-08-23 11:00:00,13.0052189,80.2398125,SO2,4.0,5.0,4.0,2026-08,2026,8
India,Tamil Nadu,Chennai,"Perungudi, Chennai - TNPCB",2026-08-23 11:00:00,12.9533,80.2357,SO2,2.0,8.0,5.0,2026-08,2026,8
India,Tamil Nadu,Chennai,"Manali Village, Chennai - TNPCB",2026-08-23 11:00:00,13.1662,80.2584,NH3,0.0,2.0,1.0,2026-08,2026,8
India,Tamil Nadu,Chennai,"Manali, Chennai - CPCB",2026-08-23 11:00:00,13.164544,80.26285,PM10,14.0,226.0,70.0,2026-08,2026,8
India,Tamil Nadu,Chennai,"Manali, Chennai - CPCB",2026-08-23 11:00:00,13.164544,80.26285,SO2,4.0,7.0,6.0,2026-08,2026,8
India,Tamil Nadu,Coimbatore,"SIDCO Kurichi, Coimbatore - TNPCB",2026-08-23 11:00:00,10.942451,76.978996,OZONE,19.0,20.0,20.0,2026-08,2026,8
India,Tamil Nadu,Cuddalore,"Kudikadu, Cuddalore - TNPCB",2026-08-23 11:00:00,11.6829898,79.7532099,PM10,12.0,26.0,20.0,2026-08,2026,8
India,Tamil Nadu,Cuddalore,"Semmandalam, Cuddalore - TNPCB",2026-08-23 11:00:00,11.7637683,79.7499835,CO,12.0,26.0,20.0,2026-08,2026,8
India,Tamil Nadu,Gummidipoondi,"Anthoni Pillai Nagar, Gummidipoondi - TNPCB",2026-08-23 11:00:00,13.4127,80.1081,NH3,0.0,1.0,1.0,2026-08,2026,8
India,Tamil Nadu,Thoothukudi,"Meelavittan, Thoothukudi - TNPCB",2026-08-23 11:00:00,8.816428,78.099039,NO2,10.0,22.0,16.0,2026-08,2026,8
India,Telangana,Hyderabad,"Zoo Park, Hyderabad - TSPCB",2026-08-23 11:00:00,17.349694,78.451437,OZONE,3.0,5.0,4.0,2026-08,2026,8
India,Telangana,Hyderabad,"Central University, Hyderabad - TSPCB",2026-08-23 11:00:00,17.460103,78.334361,PM2.5,10.0,25.0,16.0,2026-08,2026,8
India,Telangana,Hyderabad,"Central University, Hyderabad - TSPCB",2026-08-23 11:00:00,17.460103,78.334361,SO2,1.0,14.0,6.0,2026-08,2026,8
India,Telangana,Hyderabad,"Central University, Hyderabad - TSPCB",2026-08-23 11:00:00,17.460103,78.334361,CO,19.0,20.0,20.0,2026-08,2026,8
India,Telangana,Hyderabad,"IITH Kandi, Hyderabad - TSPCB",2026-08-23 11:00:00,17.585705,78.126199,NO2,11.0,16.0,13.0,2026-08,2026,8
India,Telangana,Hyderabad,"IITH Kandi, Hyderabad - TSPCB",2026-08-23 11:00:00,17.585705,78.126199,CO,21.0,28.0,23.0,2026-08,2026,8
India,Telangana,Hyderabad,"Nacharam_TSIIC IALA, Hyderabad - TSPCB",2026-08-23 11:00:00,17.429398,78.569354,PM10,12.0,26.0,20.0,2026-08,2026,8
India,Telangana,Hyderabad,"Nacharam_TSIIC IALA, Hyderabad - TSPCB",2026-08-23 11:00:00,17.429398,78.569354,NH3,12.0,26.0,20.0,2026-08,2026,8
India,Rajasthan,Karauli,"Satyawati Vihar, Karauli - RSPCB",2026-08-23 11:00:00,26.506177,77.025989,NH3,6.0,13.0,9.0,2026-08,2026,8
India,Rajasthan,Karauli,"Satyawati Vihar, Karauli - RSPCB",2026-08-23 11:00:00,26.506177,77.025989,SO2,7.0,13.0,9.0,2026-08,2026,8
India,Rajasthan,Khairthal,"New Anaj Mandi, Khairthal - RSPCB",2026-08-23 11:00:00,27.8015617,76.6365217,PM10,101.0,128.0,112.0,2026-08,2026,8
India,Rajasthan,Khairthal,"New Anaj Mandi, Khairthal - RSPCB",2026-08-23 11:00:00,27.8015617,76.6365217,NO2,28.0,35.0,30.0,2026-08,2026,8
India,Rajasthan,Khairthal,"New Anaj Mandi, Khairthal - RSPCB",2026-08-23 11:00:00,27.8015617,76.6365217,SO2,1.0,1.0,1.0,2026-08,2026,8
India,Rajasthan,Khairthal,"New Anaj Mandi, Khairthal - RSPCB",2026-08-23 11:00:00,27.8015617,76.6365217,CO,60.0,74.0,67.0,2026-08,2026,8
India,Rajasthan,Kota,"Nayapura, Kota - RSPCB",2026-08-23 11:00:00,25.196024,75.855668,NH3,5.0,7.0,6.0,2026-08,2026,8
India,Rajasthan,Kota,"Nayapura, Kota - RSPCB",2026-08-23 11:00:00,25.196024,75.855668,SO2,1.0,6.0,5.0,2026-08,2026,8
India,Rajasthan,Kota,"Dhanmandi, Kota - RSPCB",2026-08-23 11:00:00,25.16409,75.858137,PM10,45.0,90.0,64.0,2026-08,2026,8
India,Rajasthan,Pali,"Indira Colony Vistar, Pali - RSPCB",2026-08-23 11:00:00,25.771061,73.340227,SO2,7.0,12.0,9.0,2026-08,2026,8
India,Rajasthan,Pali,"Indira Colony Vistar, Pali - RSPCB",2026-08-23 11:00:00,25.771061,73.340227,OZONE,18.0,22.0,20.0,2026-08,2026,8
India,Rajasthan,Pratapgarh,"Pragati Nagar, Pratapgarh - RSPCB",2026-08-23 11:00:00,24.041198,74.780702,NO2,7.0,17.0,11.0,2026-08,2026,8
India,Rajasthan,Pratapgarh,"Pragati Nagar, Pratapgarh - RSPCB",2026-08-23 11:00:00,24.041198,74.780702,NH3,5.0,5.0,5.0,2026-08,2026,8
India,Rajasthan,Pratapgarh,"Pragati Nagar, Pratapgarh - RSPCB",2026-08-23 11:00:00,24.041198,74.780702,CO,12.0,14.0,13.0,2026-08,2026,8
India,Rajasthan,Rajsamand,"Dhoinda, Rajsamand - RSPCB",2026-08-23 11:00:00,25.03636,73.883502,NH3,7.0,9.0,8.0,2026-08,2026,8
India,Rajasthan,Rajsamand,"Dhoinda, Rajsamand - RSPCB",2026-08-23 11:00:00,25.03636,73.883502,SO2,3.0,5.0,4.0,2026-08,2026,8
India,Rajasthan,Sawai Madhopur,"Sahu Nagar, Sawai Madhopur - RSPCB",2026-08-23 11:00:00,26.031443,76.359327,NH3,2.0,5.0,3.0,2026-08,2026,8
India,Uttar Pradesh,Fatehpur Sikri,"Dadupura, Fatehpur Sikri - UPPCB",2026-08-23 11:00:00,27.097694,77.671335,NO2,7.0,8.0,8.0,2026-08,2026,8
India,Uttar Pradesh,Fatehpur Sikri,"Dadupura, Fatehpur Sikri - UPPCB",2026-08-23 11:00:00,27.097694,77.671335,NH3,2.0,2.0,2.0,2026-08,2026,8
India,Uttar Pradesh,Firozabad,"Nagla Bhau, Firozabad - UPPCB",2026-08-23 11:00:00,27.168897,78.37696,SO2,15.0,85.0,34.0,2026-08,2026,8
India,Uttar Pradesh,Gajraula,"Rajanpur, Gajraula - UPPCB",2026-08-23 11:00:00,28.829109,78.248796,SO2,9.0,12.0,11.0,2026-08,2026,8
India,Uttar Pradesh,Ghaziabad,"Ved Vihar-Loni, Ghaziabad - UPPCB",2026-08-23 11:00:00,28.739153,77.273668,PM2.5,21.0,170.0,78.0,2026-08,2026,8
India,Uttar Pradesh,Ghaziabad,"Ved Vihar-Loni, Ghaziabad - UPPCB",2026-08-23 11:00:00,28.739153,77.273668,NO2,13.0,44.0,25.0,2026-08,2026,8
India,Uttar Pradesh,Ghaziabad,"Ved Vihar-Loni, Ghaziabad - UPPCB",2026-08-23 11:00:00,28.739153,77.273668,SO2,6.0,7.0,7.0,2026-08,2026,8
India,Uttar Pradesh,Ghaziabad,"Sanjay Nagar, Ghaziabad - UPPCB",2026-08-23 11:00:00,28.685382,77.453839,NO2,11.0,57.0,28.0,2026-08,2026,8
India,Uttar Pradesh,Ghaziabad,"Sanjay Nagar, Ghaziabad - UPPCB",2026-08-23 11:00:00,28.685382,77.453839,CO,22.0,39.0,33.0,2026-08,2026,8
India,Uttar Pradesh,Ghaziabad,"Indirapuram, Ghaziabad - UPPCB",2026-08-23 11:00:00,28.646233,77.358075,CO,16.0,18.0,17.0,2026-08,2026,8
India,Uttar Pradesh,Ghaziabad,"Indirapuram, Ghaziabad - UPPCB",2026-08-23 11:00:00,28.646233,77.358075,OZONE,20.0,26.0,24.0,2026-08,2026,8
India,Uttar Pradesh,Ghaziabad,"Vasundhara, Ghaziabad - UPPCB",2026-08-23 11:00:00,28.6603346,77.3572563,PM2.5,12.0,26.0,20.0,2026-08,2026,8
India,Uttar Pradesh,Ghaziabad,"Vasundhara, Ghaziabad - UPPCB",2026-08-23 11:00:00,28.6603346,77.3572563,PM10,32.0,166.0,111.0,2026-08,2026,8
India,Uttar Pradesh,Ghaziabad,"Wave City, Ghaziabad - UPPCB",2026-08-23 11:00:00,28.646675,77.489049,PM2.5,12.0,26.0,20.0,2026-08,2026,8
India,Telangana,Hyderabad,"New Malakpet, Hyderabad - TSPCB",2026-08-23 11:00:00,17.37206,78.50864,CO,17.0,28.0,20.0,2026-08,2026,8
India,Telangana,Hyderabad,"Kokapet, Hyderabad - TSPCB",2026-08-23 11:00:00,17.393559,78.339194,NO2,11.0,15.0,13.0,2026-08,2026,8
India,Telangana,Hyderabad,"Kokapet, Hyderabad - TSPCB",2026-08-23 11:00:00,17.393559,78.339194,SO2,6.0,11.0,8.0,2026-08,2026,8
India,Telangana,Hyderabad,"ECIL Kapra, Hyderabad - TSPCB",2026-08-23 11:00:00,17.470431,78.566959,PM2.5,34.0,59.0,43.0,2026-08,2026,8
India,Telangana,Hyderabad,"Kompally Municipal Office, Hyderabad - TSPCB",2026-08-23 11:00:00,17.544899,78.486949,NH3,2.0,3.0,3.0,2026-08,2026,8
India,Telangana,Hyderabad,"Kompally Municipal Office, Hyderabad - TSPCB",2026-08-23 11:00:00,17.544899,78.486949,SO2,3.0,6.0,5.0,2026-08,2026,8
India,Telangana,Hyderabad,"Sanathnagar, Hyderabad - TSPCB",2026-08-23 11:00:00,17.4559458,78.4332152,PM2.5,8.0,168.0,40.0,2026-08,2026,8
India,Telangana,Hyderabad,"Sanathnagar, Hyderabad - TSPCB",2026-08-23 11:00:00,17.4559458,78.4332152,OZONE,27.0,91.0,58.0,2026-08,2026,8
India,Tripura,Agartala,"Bardowali, Agartala - Tripura SPCB",2026-08-23 11:00:00,23.8175497,91.2726974,PM2.5,15.0,60.0,36.0,2026-08,2026,8
India,Tripura,Agartala,"Bardowali, Agartala - Tripura SPCB",2026-08-23 11:00:00,23.8175497,91.2726974,NH3,12.0,26.0,20.0,2026-08,2026,8
India,Tripura,Agartala,"Bardowali, Agartala - Tripura SPCB",2026-08-23 11:00:00,23.8175497,91.2726974,CO,21.0,25.0,24.0,2026-08,2026,8
India,Uttar Pradesh,Agra,"Rohta, Agra - UPPCB",2026-08-23 11:00:00,27.106972,78.000111,SO2,11.0,22.0,15.0,2026-08,2026,8
India,Uttar Pradesh,Agra,"Rohta, Agra - UPPCB",2026-08-23 11:00:00,27.106972,78.000111,OZONE,13.0,17.0,15.0,2026-08,2026,8
India,Uttar Pradesh,Agra,"Sector-3B Avas Vikas Colony, Agra - UPPCB",2026-08-23 11:00:00,27.19412,77.96237,PM10,35.0,105.0,62.0,2026-08,2026,8
India,Uttar Pradesh,Agra,"Sector-3B Avas Vikas Colony, Agra - UPPCB",2026-08-23 11:00:00,27.19412,77.96237,OZONE,12.0,14.0,13.0,2026-08,2026,8
India,Uttar Pradesh,Agra,"Manoharpur, Agra - UPPCB",2026-08-23 11:00:00,27.23711,78.01936,PM2.5,10.0,188.0,96.0,2026-08,2026,8
India,Uttar Pradesh,Agra,"Sanjay Palace, Agra - UPPCB",2026-08-23 11:00:00,27.19865833,78.00598056,SO2,7.0,7.0,7.0,2026-08,2026,8
India,Uttar Pradesh,Agra,"Sanjay Palace, Agra - UPPCB",2026-08-23 11:00:00,27.19865833,78.00598056,OZONE,2.0,6.0,4.0,2026-08,2026,8
India,Uttar Pradesh,Agra,"Shastripuram, Agra - UPPCB",2026-08-23 11:00:00,27.19862,77.92066,PM2.5,21.0,59.0,38.0,2026-08,2026,8
India,Uttar Pradesh,Baghpat,"Sardar Patel Inter College, Baghpat - UPPCB",2026-08-23 11:00:00,28.964949,77.278761,PM10,14.0,122.0,71.0,2026-08,2026,8
India,Uttar Pradesh,Baghpat,"Sardar Patel Inter College, Baghpat - UPPCB",2026-08-23 11:00:00,28.964949,77.278761,NO2,11.0,25.0,17.0,2026-08,2026,8
India,Uttar Pradesh,Baghpat,"Sardar Patel Inter College, Baghpat - UPPCB",2026-08-23 11:00:00,28.964949,77.278761,SO2,2.0,14.0,8.0,2026-08,2026,8
India,Uttar Pradesh,Bareilly,"Rajendra Nagar, Bareilly - UPPCB",2026-08-23 11:00:00,28.38910936,79.42963708,PM10,20.0,64.0,46.0,2026-08,2026,8
India,Uttar Pradesh,Bareilly,"Rajendra Nagar, Bareilly - UPPCB",2026-08-23 11:00:00,28.38910936,79.42963708,NO2,9.0,11.0,9.0,2026-08,2026,8
India,Uttar Pradesh,Ghaziabad,"Wave City, Ghaziabad - UPPCB",2026-08-23 11:00:00,28.646675,77.489049,NH3,12.0,26.0,20.0,2026-08,2026,8
India,Uttar Pradesh,Ghaziabad,"Loni, Ghaziabad - UPPCB",2026-08-23 11:00:00,28.757294,77.278792,PM2.5,35.0,303.0,86.0,2026-08,2026,8
India,Uttar Pradesh,Ghaziabad,"Loni, Ghaziabad - UPPCB",2026-08-23 11:00:00,28.757294,77.278792,CO,19.0,55.0,41.0,2026-08,2026,8
India,Uttar Pradesh,Greater Noida,"Knowledge Park - III, Greater Noida - UPPCB",2026-08-23 11:00:00,28.47272,77.482,CO,41.0,51.0,45.0,2026-08,2026,8
India,Uttar Pradesh,Jhansi,"Shivaji Nagar, Jhansi - UPPCB",2026-08-23 11:00:00,25.4547,78.6039,PM10,26.0,93.0,55.0,2026-08,2026,8
India,Uttar Pradesh,Kanpur,"FTI Kidwai Nagar, Kanpur - UPPCB",2026-08-23 11:00:00,26.428282,80.327067,PM10,11.0,131.0,57.0,2026-08,2026,8
India,Uttar Pradesh,Kanpur,"FTI Kidwai Nagar, Kanpur - UPPCB",2026-08-23 11:00:00,26.428282,80.327067,NO2,26.0,27.0,26.0,2026-08,2026,8
India,Uttar Pradesh,Kanpur,"NSI Kalyanpur, Kanpur - UPPCB",2026-08-23 11:00:00,26.509954,80.249612,PM2.5,21.0,49.0,36.0,2026-08,2026,8
India,Uttar Pradesh,Kanpur,"NSI Kalyanpur, Kanpur - UPPCB",2026-08-23 11:00:00,26.509954,80.249612,NH3,2.0,2.0,2.0,2026-08,2026,8
India,Uttar Pradesh,Kanpur,"NSI Kalyanpur, Kanpur - UPPCB",2026-08-23 11:00:00,26.509954,80.249612,OZONE,20.0,21.0,20.0,2026-08,2026,8
India,Uttar Pradesh,Meerut,"Jai Bhim Nagar, Meerut - UPPCB",2026-08-23 11:00:00,28.9535882,77.7622941,PM2.5,2.0,47.0,20.0,2026-08,2026,8
India,Uttar Pradesh,Meerut,"Jai Bhim Nagar, Meerut - UPPCB",2026-08-23 11:00:00,28.9535882,77.7622941,NO2,10.0,18.0,14.0,2026-08,2026,8
India,Uttar Pradesh,Meerut,"Jai Bhim Nagar, Meerut - UPPCB",2026-08-23 11:00:00,28.9535882,77.7622941,SO2,6.0,13.0,11.0,2026-08,2026,8
India,Uttar Pradesh,Meerut,"MIET College, Meerut - UPPCB",2026-08-23 11:00:00,28.972677,77.641018,PM2.5,12.0,26.0,20.0,2026-08,2026,8
India,Uttar Pradesh,Meerut,"Pallavpuram Phase 2, Meerut - UPPCB",2026-08-23 11:00:00,29.06351,77.709723,PM10,21.0,78.0,47.0,2026-08,2026,8
India,Uttar Pradesh,Meerut,"Pallavpuram Phase 2, Meerut - UPPCB",2026-08-23 11:00:00,29.06351,77.709723,NH3,6.0,8.0,7.0,2026-08,2026,8
India,Uttar Pradesh,Meerut,"Ganga Nagar, Meerut - UPPCB",2026-08-23 11:00:00,28.999264,77.7590354,PM2.5,7.0,52.0,32.0,2026-08,2026,8
India,Uttar Pradesh,Moradabad,"Eco Herbal Park, Moradabad - UPPCB",2026-08-23 11:00:00,28.840739,78.697531,NO2,14.0,26.0,20.0,2026-08,2026,8
India,Uttar Pradesh,Moradabad,"Buddhi Vihar, Moradabad - UPPCB",2026-08-23 11:00:00,28.83526,78.7446,NO2,28.0,29.0,29.0,2026-08,2026,8
India,Uttar Pradesh,Khora,"Prashant Garden, Khora - UPPCB",2026-08-23 11:00:00,28.61119,77.34206,PM2.5,73.0,150.0,93.0,2026-08,2026,8
India,Uttar Pradesh,Khora,"Prashant Garden, Khora - UPPCB",2026-08-23 11:00:00,28.61119,77.34206,CO,40.0,45.0,42.0,2026-08,2026,8
India,Uttar Pradesh,Khurja,"Kalindi Kunj, Khurja - UPPCB",2026-08-23 11:00:00,28.2348927,77.8683002,NH3,1.0,1.0,1.0,2026-08,2026,8
India,Uttar Pradesh,Lucknow,"Talkatora District Industries Center, Lucknow - CPCB",2026-08-23 11:00:00,26.83399722,80.8917361,CO,2.0,13.0,8.0,2026-08,2026,8
India,Uttar Pradesh,Lucknow,"Kendriya Vidyalaya, Lucknow - CPCB",2026-08-23 11:00:00,26.906111,80.948222,NO2,19.0,28.0,22.0,2026-08,2026,8
India,Uttar Pradesh,Lucknow,"Kendriya Vidyalaya, Lucknow - CPCB",2026-08-23 11:00:00,26.906111,80.948222,CO,30.0,48.0,40.0,2026-08,2026,8
India,Uttar Pradesh,Lucknow,"Lalbagh, Lucknow - CPCB",2026-08-23 11:00:00,26.8458805,80.9365541,NO2,18.0,22.0,20.0,2026-08,2026,8
India,Uttar Pradesh,Moradabad,"Kashiram Nagar, Moradabad - UPPCB",2026-08-23 11:00:00,28.849399,78.742362,PM2.5,10.0,113.0,49.0,2026-08,2026,8
India,Uttar Pradesh,Noida,"Sector - 125, Noida - UPPCB",2026-08-23 11:00:00,28.5447608,77.3231257,SO2,5.0,11.0,8.0,2026-08,2026,8
India,Uttar Pradesh,Noida,"Sector-1, Noida - UPPCB",2026-08-23 11:00:00,28.5898,77.3101,NO2,13.0,47.0,25.0,2026-08,2026,8
India,Uttar Pradesh,Noida,"Sector-116, Noida - UPPCB",2026-08-23 11:00:00,28.56923,77.393848,OZONE,34.0,72.0,51.0,2026-08,2026,8
India,Uttar Pradesh,Prayagraj,"Motilal Nehru NIT, Prayagraj - UPPCB",2026-08-23 11:00:00,25.494,81.863,NH3,8.0,8.0,8.0,2026-08,2026,8
India,Uttar Pradesh,Prayagraj,"Motilal Nehru NIT, Prayagraj - UPPCB",2026-08-23 11:00:00,25.494,81.863,SO2,17.0,24.0,20.0,2026-08,2026,8
India,Uttar Pradesh,Prayagraj,"Motilal Nehru NIT, Prayagraj - UPPCB",2026-08-23 11:00:00,25.494,81.863,OZONE,11.0,16.0,13.0,2026-08,2026,8
India,Uttar Pradesh,Prayagraj,"Nagar Nigam, Prayagraj - UPPCB",2026-08-23 11:00:00,25.44919916,81.82735986,PM10,20.0,72.0,46.0,2026-08,2026,8
India,Uttar Pradesh,Prayagraj,"Nagar Nigam, Prayagraj - UPPCB",2026-08-23 11:00:00,25.44919916,81.82735986,NO2,5.0,5.0,5.0,2026-08,2026,8
India,Uttar Pradesh,Prayagraj,"Nagar Nigam, Prayagraj - UPPCB",2026-08-23 11:00:00,25.44919916,81.82735986,OZONE,11.0,18.0,13.0,2026-08,2026,8
India,Uttar Pradesh,Prayagraj,"Jhunsi, Prayagraj - UPPCB",2026-08-23 11:00:00,25.425602,81.917152,SO2,48.0,99.0,62.0,2026-08,2026,8
India,Uttar Pradesh,Raebareli," Indira Nagar, Raebareli - NTPC Unchahar",2026-08-23 11:00:00,26.207781,81.245571,CO,51.0,52.0,52.0,2026-08,2026,8
India,Uttar Pradesh,Shamli,"New Tehsil, Shamli - UPPCB",2026-08-23 11:00:00,29.4603683,77.3410291,NH3,1.0,2.0,1.0,2026-08,2026,8
India,Uttar Pradesh,Varanasi,"Bhelupur, Varanasi - UPPCB",2026-08-23 11:00:00,25.301778,82.996789,SO2,22.0,24.0,23.0,2026-08,2026,8
India,Uttar Pradesh,Varanasi,"Bhelupur, Varanasi - UPPCB",2026-08-23 11:00:00,25.301778,82.996789,CO,9.0,11.0,10.0,2026-08,2026,8
India,Uttar Pradesh,Varanasi,"Maldahiya, Varanasi - UPPCB",2026-08-23 11:00:00,25.32393,82.99687,PM10,12.0,26.0,20.0,2026-08,2026,8
India,Uttar Pradesh,Varanasi,"Maldahiya, Varanasi - UPPCB",2026-08-23 11:00:00,25.32393,82.99687,OZONE,4.0,4.0,4.0,2026-08,2026,8
India,Uttar Pradesh,Varanasi,"Ardhali Bazar, Varanasi - UPPCB",2026-08-23 11:00:00,25.3505986,82.9083074,NH3,12.0,26.0,20.0,2026-08,2026,8
India,Uttar Pradesh,Varanasi,"Ardhali Bazar, Varanasi - UPPCB",2026-08-23 11:00:00,25.3505986,82.9083074,SO2,5.0,6.0,5.0,2026-08,2026,8
India,Uttar Pradesh,Varanasi,"Ardhali Bazar, Varanasi - UPPCB",2026-08-23 11:00:00,25.3505986,82.9083074,OZONE,6.0,22.0,14.0,2026-08,2026,8
India,Uttar Pradesh,Vrindavan,"Omex Eternity, Vrindavan - UPPCB",2026-08-23 11:00:00,27.571409,77.655757,PM2.5,12.0,26.0,20.0,2026-08,2026,8
India,Uttar Pradesh,Vrindavan,"Omex Eternity, Vrindavan - UPPCB",2026-08-23 11:00:00,27.571409,77.655757,PM10,12.0,26.0,20.0,2026-08,2026,8
India,Uttar Pradesh,Vrindavan,"Omex Eternity, Vrindavan - UPPCB",2026-08-23 11:00:00,27.571409,77.655757,NO2,27.0,27.0,27.0,2026-08,2026,8
India,Uttar Pradesh,Vrindavan,"Omex Eternity, Vrindavan - UPPCB",2026-08-23 11:00:00,27.571409,77.655757,CO,3.0,12.0,5.0,2026-08,2026,8
India,Uttarakhand,Dehradun,"Doon University, Dehradun - UKPCB",2026-08-23 11:00:00,30.269444,78.044167,CO,9.0,15.0,11.0,2026-08,2026,8
India,Uttarakhand,Rishikesh,"Shivaji Nagar, Rishikesh - UKPCB",2026-08-23 11:00:00,30.075911,78.2859547,PM2.5,2.0,2.0,2.0,2026-08,2026,8
India,West Bengal,Asansol,"Asansol Court Area, Asansol - WBPCB",2026-08-23 11:00:00,23.685297,86.945968,PM2.5,38.0,75.0,51.0,2026-08,2026,8
India,West Bengal,Asansol,"Evelyn Lodge, Asansol - WBPCB",2026-08-23 11:00:00,23.697936,86.944395,SO2,77.0,77.0,77.0,2026-08,2026,8
India,West Bengal,Asansol,"Mahabir Colliery, Asansol - WBPCB",2026-08-23 11:00:00,23.618183,87.105718,CO,18.0,47.0,34.0,2026-08,2026,8
India,West Bengal,Asansol,"Trivenidevi Bhalotia College, Asansol - WBPCB",2026-08-23 11:00:00,23.616515,87.119133,SO2,43.0,47.0,44.0,2026-08,2026,8
India,West Bengal,Asansol,"Trivenidevi Bhalotia College, Asansol - WBPCB",2026-08-23 11:00:00,23.616515,87.119133,CO,52.0,78.0,65.0,2026-08,2026,8
India,West Bengal,Asansol,"Trivenidevi Bhalotia College, Asansol - WBPCB",2026-08-23 11:00:00,23.616515,87.119133,OZONE,4.0,15.0,9.0,2026-08,2026,8
India,West Bengal,Barrackpore,"SVSPA Campus, Barrackpore - WBPCB",2026-08-23 11:00:00,22.7605581,88.3617589,NH3,6.0,8.0,7.0,2026-08,2026,8
India,West Bengal,Durgapur,"PCBL Residential Complex, Durgapur - WBPCB",2026-08-23 11:00:00,23.508764,87.35444,NO2,76.0,89.0,84.0,2026-08,2026,8
India,West Bengal,Durgapur,"Womens College_City Center, Durgapur - WBPCB",2026-08-23 11:00:00,23.549395,87.300496,CO,14.0,34.0,26.0,2026-08,2026,8
India,West Bengal,Haldia,"Priyambada Housing Estate, Haldia - WBPCB",2026-08-23 11:00:00,22.06047,88.109737,PM2.5,22.0,26.0,23.0,2026-08,2026,8
India,West Bengal,Howrah,"Dasnagar, Howrah - WBPCB",2026-08-23 11:00:00,22.6025571,88.3105664,SO2,3.0,9.0,8.0,2026-08,2026,8
India,West Bengal,Howrah,"Botanical Garden, Howrah - WBPCB",2026-08-23 11:00:00,22.554954,88.292568,PM2.5,10.0,69.0,38.0,2026-08,2026,8
India,West Bengal,Howrah,"Botanical Garden, Howrah - WBPCB",2026-08-23 11:00:00,22.554954,88.292568,NH3,0.0,1.0,0.0,2026-08,2026,8
India,West Bengal,Howrah,"Botanical Garden, Howrah - WBPCB",2026-08-23 11:00:00,22.554954,88.292568,OZONE,13.0,17.0,14.0,2026-08,2026,8
India,West Bengal,Howrah,"Ghusuri, Howrah - WBPCB",2026-08-23 11:00:00,22.611968,88.347422,NO2,41.0,57.0,49.0,2026-08,2026,8
India,West Bengal,Howrah,"Ghusuri, Howrah - WBPCB",2026-08-23 11:00:00,22.611968,88.347422,SO2,6.0,11.0,8.0,2026-08,2026,8
India,West Bengal,Howrah,"Ghusuri, Howrah - WBPCB",2026-08-23 11:00:00,22.611968,88.347422,CO,20.0,25.0,22.0,2026-08,2026,8
India,West Bengal,Kolkata,"Bidhannagar, Kolkata - WBPCB",2026-08-23 11:00:00,22.58157048,88.41002457,PM2.5,7.0,44.0,23.0,2026-08,2026,8
India,West Bengal,Kolkata,"Bidhannagar, Kolkata - WBPCB",2026-08-23 11:00:00,22.58157048,88.41002457,NO2,13.0,14.0,13.0,2026-08,2026,8
India,West Bengal,Kolkata,"Jadavpur, Kolkata - WBPCB",2026-08-23 11:00:00,22.49929,88.36917,PM10,24.0,102.0,50.0,2026-08,2026,8
India,West Bengal,Kolkata,"Rabindra Bharati University, Kolkata - WBPCB",2026-08-23 11:00:00,22.627847,88.380669,NO2,16.0,33.0,22.0,2026-08,2026,8
India,West Bengal,Kolkata,"Rabindra Bharati University, Kolkata - WBPCB",2026-08-23 11:00:00,22.627847,88.380669,NH3,5.0,8.0,7.0,2026-08,2026,8
India,West Bengal,Kolkata,"Fort William, Kolkata - WBPCB",2026-08-23 11:00:00,22.55664,88.342674,PM10,12.0,66.0,36.0,2026-08,2026,8
India,West Bengal,Kolkata,"Rabindra Sarobar, Kolkata - WBPCB",2026-08-23 11:00:00,22.51106,88.35142,PM2.5,18.0,51.0,26.0,2026-08,2026,8
India,West Bengal,Kolkata,"Rabindra Sarobar, Kolkata - WBPCB",2026-08-23 11:00:00,22.51106,88.35142,PM10,20.0,43.0,28.0,2026-08,2026,8
India,West Bengal,Kolkata,"Rabindra Sarobar, Kolkata - WBPCB",2026-08-23 11:00:00,22.51106,88.35142,SO2,5.0,8.0,7.0,2026-08,2026,8
India,West Bengal,Kolkata,"Rabindra Sarobar, Kolkata - WBPCB",2026-08-23 11:00:00,22.51106,88.35142,CO,14.0,23.0,18.0,2026-08,2026,8
India,West Bengal,Kolkata,"Ballygunge, Kolkata - WBPCB",2026-08-23 11:00:00,22.5367507,88.3638022,SO2,5.0,9.0,7.0,2026-08,2026,8
India,West Bengal,Kolkata,"Victoria, Kolkata - WBPCB",2026-08-23 11:00:00,22.5448082,88.3403691,NO2,28.0,32.0,30.0,2026-08,2026,8
India,West Bengal,Siliguri,"Ward-32 Bapupara, Siliguri - WBPCB",2026-08-23 11:00:00,26.6879226,88.4152495,PM2.5,16.0,28.0,22.0,2026-08,2026,8
India,Bihar,Hajipur,"Industrial Area, Hajipur - BSPCB",2026-08-23 11:00:00,25.697189,85.2459,PM10,36.0,66.0,51.0,2026-08,2026,8
India,Bihar,Katihar,"Mirchaibari, Katihar - BSPCB",2026-08-23 11:00:00,25.560083,87.553265,PM10,20.0,38.0,32.0,2026-08,2026,8
India,Bihar,Katihar,"Mirchaibari, Katihar - BSPCB",2026-08-23 11:00:00,25.560083,87.553265,NO2,2.0,2.0,2.0,2026-08,2026,8
India,Bihar,Katihar,"Mirchaibari, Katihar - BSPCB",2026-08-23 11:00:00,25.560083,87.553265,NH3,1.0,1.0,1.0,2026-08,2026,8
India,Bihar,Katihar,"Mirchaibari, Katihar - BSPCB",2026-08-23 11:00:00,25.560083,87.553265,CO,61.0,88.0,73.0,2026-08,2026,8
India,Bihar,Kishanganj,"SDM Office_Khagra, Kishanganj - BSPCB",2026-08-23 11:00:00,26.0881305,87.93840336,CO,44.0,48.0,46.0,2026-08,2026,8
India,Bihar,Manguraha,"Forest Rest House, Manguraha - BSPCB",2026-08-23 11:00:00,27.308328,84.531742,CO,16.0,33.0,28.0,2026-08,2026,8
India,Bihar,Manguraha,"Forest Rest House, Manguraha - BSPCB",2026-08-23 11:00:00,27.308328,84.531742,OZONE,28.0,31.0,29.0,2026-08,2026,8
India,Bihar,Munger,"Town Hall, Munger - BSPCB",2026-08-23 11:00:00,25.376776,86.471523,OZONE,14.0,17.0,15.0,2026-08,2026,8
India,Bihar,Muzaffarpur,"Buddha Colony, Muzaffarpur - BSPCB",2026-08-23 11:00:00,26.11442,85.39813,NH3,6.0,10.0,8.0,2026-08,2026,8
India,Bihar,Muzaffarpur,"Buddha Colony, Muzaffarpur - BSPCB",2026-08-23 11:00:00,26.11442,85.39813,OZONE,13.0,55.0,26.0,2026-08,2026,8
India,Bihar,Muzaffarpur,"MIT-Daudpur Kothi, Muzaffarpur - BSPCB",2026-08-23 11:00:00,26.1403345,85.3650192,NH3,1.0,2.0,1.0,2026-08,2026,8
India,Bihar,Muzaffarpur,"MIT-Daudpur Kothi, Muzaffarpur - BSPCB",2026-08-23 11:00:00,26.1403345,85.3650192,SO2,15.0,33.0,23.0,2026-08,2026,8
India,Bihar,Muzaffarpur,"MIT-Daudpur Kothi, Muzaffarpur - BSPCB",2026-08-23 11:00:00,26.1403345,85.3650192,CO,7.0,17.0,11.0,2026-08,2026,8
India,Bihar,Patna,"Rajbansi Nagar, Patna - BSPCB",2026-08-23 11:00:00,25.599486,85.113666,PM10,12.0,26.0,20.0,2026-08,2026,8
India,Bihar,Patna,"Rajbansi Nagar, Patna - BSPCB",2026-08-23 11:00:00,25.599486,85.113666,NH3,12.0,26.0,20.0,2026-08,2026,8
India,Bihar,Patna,"Rajbansi Nagar, Patna - BSPCB",2026-08-23 11:00:00,25.599486,85.113666,CO,21.0,21.0,21.0,2026-08,2026,8
India,Andhra Pradesh,Nellore,"Ambedkar Nagar, Nellore - APPCB ",2026-08-23 11:00:00,14.438164,79.966814,NH3,7.0,8.0,7.0,2026-08,2026,8
India,Andhra Pradesh,Rajamahendravaram,"Anand Kala Kshetram, Rajamahendravaram - APPCB",2026-08-23 11:00:00,16.9872867,81.7363176,PM2.5,12.0,39.0,25.0,2026-08,2026,8
India,Andhra Pradesh,Rajamahendravaram,"Anand Kala Kshetram, Rajamahendravaram - APPCB",2026-08-23 11:00:00,16.9872867,81.7363176,NO2,5.0,17.0,9.0,2026-08,2026,8
India,Andhra Pradesh,Rajamahendravaram,"Anand Kala Kshetram, Rajamahendravaram - APPCB",2026-08-23 11:00:00,16.9872867,81.7363176,SO2,4.0,6.0,5.0,2026-08,2026,8
India,Andhra Pradesh,Srikakulam,"Chinna Bharatham Colony, Srikakulam - APPCB",2026-08-23 11:00:00,18.292191,83.897173,PM2.5,9.0,29.0,18.0,2026-08,2026,8
India,Andhra Pradesh,Srikakulam,"Chinna Bharatham Colony, Srikakulam - APPCB",2026-08-23 11:00:00,18.292191,83.897173,CO,62.0,79.0,71.0,2026-08,2026,8
India,Andhra Pradesh,Tirumala,"Toll Gate, Tirumala - APPCB",2026-08-23 11:00:00,13.67,79.35,PM10,10.0,157.0,36.0,2026-08,2026,8
India,Andhra Pradesh,Tirupati,"Vaikuntapuram, Tirupati - APPCB",2026-08-23 11:00:00,13.615387,79.40923,SO2,11.0,12.0,11.0,2026-08,2026,8
India,Andhra Pradesh,Vijayawada,"Rajiv Nagar, Vijayawada - APPCB",2026-08-23 11:00:00,16.554731,80.64911,PM2.5,57.0,77.0,65.0,2026-08,2026,8
India,Andhra Pradesh,Vijayawada,"Rajiv Nagar, Vijayawada - APPCB",2026-08-23 11:00:00,16.554731,80.64911,PM10,60.0,80.0,69.0,2026-08,2026,8
India,Andhra Pradesh,Vijayawada,"HB Colony, Vijayawada - APPCB",2026-08-23 11:00:00,16.536107,80.594233,PM2.5,53.0,146.0,64.0,2026-08,2026,8
India,Andhra Pradesh,Vijayawada,"HB Colony, Vijayawada - APPCB",2026-08-23 11:00:00,16.536107,80.594233,NH3,3.0,4.0,3.0,2026-08,2026,8
India,Andhra Pradesh,Vijayawada,"HB Colony, Vijayawada - APPCB",2026-08-23 11:00:00,16.536107,80.594233,SO2,6.0,16.0,8.0,2026-08,2026,8
India,Andhra Pradesh,Vijayawada,"Rajiv Gandhi Park, Vijayawada - APPCB",2026-08-23 11:00:00,16.509717,80.612222,NH3,4.0,7.0,6.0,2026-08,2026,8
India,Andhra Pradesh,Vijayawada,"Rajiv Gandhi Park, Vijayawada - APPCB",2026-08-23 11:00:00,16.509717,80.612222,SO2,12.0,18.0,16.0,2026-08,2026,8
India,Bihar,Begusarai,"Lohiyanagar, Begusarai - BSPCB",2026-08-23 11:00:00,25.42742023,86.13886079,PM10,89.0,186.0,133.0,2026-08,2026,8
India,Bihar,Bettiah,"Kamalnath Nagar, Bettiah - BSPCB",2026-08-23 11:00:00,26.80365,84.51954,PM10,20.0,23.0,21.0,2026-08,2026,8
India,Bihar,Bhagalpur,"Mayaganj, Bhagalpur - BSPCB",2026-08-23 11:00:00,25.265194,87.012947,PM2.5,13.0,486.0,192.0,2026-08,2026,8
India,Bihar,Bhagalpur,"Mayaganj, Bhagalpur - BSPCB",2026-08-23 11:00:00,25.265194,87.012947,CO,24.0,108.0,63.0,2026-08,2026,8
India,Bihar,Bhagalpur,"DM Office_Kachari Chowk, Bhagalpur - BSPCB",2026-08-23 11:00:00,25.251013,86.989001,PM10,24.0,473.0,158.0,2026-08,2026,8
India,Bihar,Bhagalpur,"DM Office_Kachari Chowk, Bhagalpur - BSPCB",2026-08-23 11:00:00,25.251013,86.989001,CO,27.0,30.0,28.0,2026-08,2026,8
India,Bihar,Bhagalpur,"DM Office_Kachari Chowk, Bhagalpur - BSPCB",2026-08-23 11:00:00,25.251013,86.989001,OZONE,17.0,20.0,19.0,2026-08,2026,8
India,Bihar,Chhapra,"Darshan Nagar, Chhapra - BSPCB",2026-08-23 11:00:00,25.7808257,84.7446768,PM10,111.0,118.0,114.0,2026-08,2026,8
India,Bihar,Chhapra,"Darshan Nagar, Chhapra - BSPCB",2026-08-23 11:00:00,25.7808257,84.7446768,NO2,0.0,1.0,1.0,2026-08,2026,8
India,Bihar,Chhapra,"Darshan Nagar, Chhapra - BSPCB",2026-08-23 11:00:00,25.7808257,84.7446768,NH3,1.0,3.0,2.0,2026-08,2026,8
India,Bihar,Chhapra,"Darshan Nagar, Chhapra - BSPCB",2026-08-23 11:00:00,25.7808257,84.7446768,CO,84.0,93.0,88.0,2026-08,2026,8
India,Bihar,Gaya,"SFTI Kusdihra, Gaya - BSPCB",2026-08-23 11:00:00,24.762518,84.982348,PM10,32.0,65.0,46.0,2026-08,2026,8
India,Bihar,Gaya,"SFTI Kusdihra, Gaya - BSPCB",2026-08-23 11:00:00,24.762518,84.982348,CO,25.0,34.0,30.0,2026-08,2026,8
India,Bihar,Gaya,"Kareemganj, Gaya - BSPCB",2026-08-23 11:00:00,24.792403,84.992416,SO2,37.0,44.0,42.0,2026-08,2026,8
India,Chhattisgarh,Chhal,"Nawapara SECL Colony, Chhal - CECB",2026-08-23 11:00:00,22.118125,83.140608,CO,21.0,27.0,24.0,2026-08,2026,8
India,Chhattisgarh,Korba,"Urja Nagar, Korba - CECB",2026-08-23 11:00:00,22.348441,82.549611,PM2.5,5.0,27.0,13.0,2026-08,2026,8
India,Chhattisgarh,Korba,"Urja Nagar, Korba - CECB",2026-08-23 11:00:00,22.348441,82.549611,PM10,8.0,26.0,15.0,2026-08,2026,8
India,Chhattisgarh,Korba,"Urja Nagar, Korba - CECB",2026-08-23 11:00:00,22.348441,82.549611,NH3,1.0,1.0,1.0,2026-08,2026,8
India,Chhattisgarh,Korba,"Urja Nagar, Korba - CECB",2026-08-23 11:00:00,22.348441,82.549611,OZONE,5.0,5.0,5.0,2026-08,2026,8
India,Chhattisgarh,Kunjemura,"OP Jindal School, Kunjemura - CECB",2026-08-23 11:00:00,22.12665,83.483212,PM10,47.0,168.0,71.0,2026-08,2026,8
India,Chhattisgarh,Milupara,"Govt. Higher Secondary School, Milupara - CECB",2026-08-23 11:00:00,22.1910172,83.5197009,SO2,14.0,29.0,16.0,2026-08,2026,8
India,Chhattisgarh,Raipur,"Krishak Nagar, Raipur - CECB",2026-08-23 11:00:00,21.237755,81.705301,SO2,5.0,11.0,7.0,2026-08,2026,8
India,Chhattisgarh,Raipur,"Bhatagaon New ISBT, Raipur - CECB",2026-08-23 11:00:00,21.219665,81.630094,NO2,6.0,30.0,11.0,2026-08,2026,8
India,Chhattisgarh,Raipur,"Bhatagaon New ISBT, Raipur - CECB",2026-08-23 11:00:00,21.219665,81.630094,OZONE,2.0,5.0,3.0,2026-08,2026,8
India,Chhattisgarh,Raipur,"Siltara Phase-II, Raipur - CECB",2026-08-23 11:00:00,21.371751,81.664929,SO2,1.0,33.0,10.0,2026-08,2026,8
India,Chhattisgarh,Raipur,"AIIMS, Raipur - CECB",2026-08-23 11:00:00,21.258815,81.578979,SO2,4.0,5.0,4.0,2026-08,2026,8
India,Chhattisgarh,Raipur,"AIIMS, Raipur - CECB",2026-08-23 11:00:00,21.258815,81.578979,CO,17.0,21.0,19.0,2026-08,2026,8
India,Delhi,Delhi,"ITO, Delhi - CPCB",2026-08-23 11:00:00,28.628624,77.24106,NO2,10.0,131.0,69.0,2026-08,2026,8
India,Delhi,Delhi,"ITO, Delhi - CPCB",2026-08-23 11:00:00,28.628624,77.24106,NH3,1.0,8.0,4.0,2026-08,2026,8
India,Delhi,Delhi,"Narela, Delhi - DPCC",2026-08-23 11:00:00,28.822836,77.101981,NH3,7.0,15.0,11.0,2026-08,2026,8
India,Delhi,Delhi,"Narela, Delhi - DPCC",2026-08-23 11:00:00,28.822836,77.101981,SO2,10.0,14.0,11.0,2026-08,2026,8
India,Delhi,Delhi,"Narela, Delhi - DPCC",2026-08-23 11:00:00,28.822836,77.101981,CO,17.0,33.0,24.0,2026-08,2026,8
India,Delhi,Delhi,"Cantonment Area, Delhi - DPCC",2026-08-23 11:00:00,28.594169,77.1251,PM10,12.0,26.0,20.0,2026-08,2026,8
India,Delhi,Delhi,"Cantonment Area, Delhi - DPCC",2026-08-23 11:00:00,28.594169,77.1251,NO2,3.0,15.0,8.0,2026-08,2026,8
India,Delhi,Delhi,"Cantonment Area, Delhi - DPCC",2026-08-23 11:00:00,28.594169,77.1251,NH3,2.0,7.0,4.0,2026-08,2026,8
India,Delhi,Delhi,"Major Dhyan Chand National Stadium, Delhi - DPCC",2026-08-23 11:00:00,28.611281,77.237738,SO2,17.0,19.0,18.0,2026-08,2026,8
India,Delhi,Delhi,"Sonia Vihar, Delhi - DPCC",2026-08-23 11:00:00,28.710508,77.249485,SO2,1.0,122.0,10.0,2026-08,2026,8
India,Delhi,Delhi,"Sonia Vihar, Delhi - DPCC",2026-08-23 11:00:00,28.710508,77.249485,OZONE,7.0,21.0,14.0,2026-08,2026,8
India,Delhi,Delhi,"Bawana, Delhi - DPCC",2026-08-23 11:00:00,28.7762,77.051074,PM10,12.0,26.0,20.0,2026-08,2026,8
India,Delhi,Delhi,"Okhla Phase-2, Delhi - DPCC",2026-08-23 11:00:00,28.530785,77.271255,SO2,6.0,14.0,10.0,2026-08,2026,8
India,Delhi,Delhi,"Okhla Phase-2, Delhi - DPCC",2026-08-23 11:00:00,28.530785,77.271255,CO,52.0,59.0,56.0,2026-08,2026,8
India,Assam,Nagaon,"Christianpatty, Nagaon - PCBA",2026-08-23 11:00:00,26.349082,92.68449,NH3,4.0,4.0,4.0,2026-08,2026,8
India,Assam,Nagaon,"Christianpatty, Nagaon - PCBA",2026-08-23 11:00:00,26.349082,92.68449,SO2,1.0,15.0,11.0,2026-08,2026,8
India,Assam,Nalbari,"Bata Chowk, Nalbari - PCBA",2026-08-23 11:00:00,26.446912,91.439057,OZONE,19.0,19.0,19.0,2026-08,2026,8
India,Assam,Sivasagar,"Girls College, Sivasagar - PCBA",2026-08-23 11:00:00,26.987634,94.636574,NO2,6.0,17.0,11.0,2026-08,2026,8
India,Bihar,Araria,"Kharahiya Basti, Araria - BSPCB",2026-08-23 11:00:00,26.146529,87.454184,OZONE,35.0,40.0,37.0,2026-08,2026,8
India,Bihar,Arrah,"New DM Office, Arrah - BSPCB",2026-08-23 11:00:00,25.5626095,84.663264,PM2.5,33.0,40.0,35.0,2026-08,2026,8
India,Bihar,Arrah,"New DM Office, Arrah - BSPCB",2026-08-23 11:00:00,25.5626095,84.663264,NO2,5.0,9.0,7.0,2026-08,2026,8
India,Bihar,Arrah,"New DM Office, Arrah - BSPCB",2026-08-23 11:00:00,25.5626095,84.663264,CO,39.0,60.0,52.0,2026-08,2026,8
India,Bihar,Aurangabad,"Gurdeo Nagar, Aurangabad - BSPCB",2026-08-23 11:00:00,24.75746,84.366208,PM10,17.0,171.0,45.0,2026-08,2026,8
India,Chandigarh,Chandigarh,"Sector 22, Chandigarh - CPCC",2026-08-23 11:00:00,30.735567,76.775714,CO,28.0,32.0,30.0,2026-08,2026,8
India,Chandigarh,Chandigarh,"Sector 22, Chandigarh - CPCC",2026-08-23 11:00:00,30.735567,76.775714,OZONE,10.0,15.0,12.0,2026-08,2026,8
India,Chandigarh,Chandigarh,"Sector-25, Chandigarh - CPCC",2026-08-23 11:00:00,30.751462,76.762879,PM2.5,11.0,38.0,25.0,2026-08,2026,8
India,Chandigarh,Chandigarh,"Sector-25, Chandigarh - CPCC",2026-08-23 11:00:00,30.751462,76.762879,NO2,3.0,21.0,9.0,2026-08,2026,8
India,Chandigarh,Chandigarh,"Sector-53, Chandigarh - CPCC",2026-08-23 11:00:00,30.719859,76.738637,PM2.5,12.0,26.0,20.0,2026-08,2026,8
India,Chandigarh,Chandigarh,"Sector-53, Chandigarh - CPCC",2026-08-23 11:00:00,30.719859,76.738637,SO2,0.0,3.0,2.0,2026-08,2026,8
India,Chandigarh,Chandigarh,"Sector-53, Chandigarh - CPCC",2026-08-23 11:00:00,30.719859,76.738637,OZONE,5.0,11.0,8.0,2026-08,2026,8
India,Chhattisgarh,Bhilai,"32Bungalows, Bhilai - CECB",2026-08-23 11:00:00,21.194815,81.31477,PM10,11.0,35.0,26.0,2026-08,2026,8
India,Chhattisgarh,Bhilai,"32Bungalows, Bhilai - CECB",2026-08-23 11:00:00,21.194815,81.31477,OZONE,4.0,9.0,5.0,2026-08,2026,8
India,Chhattisgarh,Bilaspur,"Mangala, Bilaspur - NTPC",2026-08-23 11:00:00,22.08815,82.13737,NH3,12.0,26.0,20.0,2026-08,2026,8
India,Andhra Pradesh,Visakhapatnam,"GVM Corporation, Visakhapatnam - APPCB",2026-08-23 11:00:00,17.72,83.3,OZONE,12.0,35.0,26.0,2026-08,2026,8
India,Arunachal Pradesh,Naharlagun,"Naharlagun, Naharlagun - APSPCB",2026-08-23 11:00:00,27.103358,93.679645,PM10,19.0,73.0,40.0,2026-08,2026,8
India,Arunachal Pradesh,Naharlagun,"Naharlagun, Naharlagun - APSPCB",2026-08-23 11:00:00,27.103358,93.679645,CO,7.0,9.0,9.0,2026-08,2026,8
India,Assam,Guwahati,"IITG, Guwahati - PCBA",2026-08-23 11:00:00,26.2028636,91.70046436,PM10,12.0,26.0,20.0,2026-08,2026,8
India,Assam,Guwahati,"Pan Bazaar, Guwahati - PCBA",2026-08-23 11:00:00,26.1875,91.744194,SO2,27.0,29.0,28.0,2026-08,2026,8
India,Assam,Guwahati,"LGBI Airport, Guwahati - PCBA",2026-08-23 11:00:00,26.10887,91.589544,NO2,14.0,19.0,14.0,2026-08,2026,8
India,Assam,Guwahati,"Railway Colony, Guwahati - PCBA",2026-08-23 11:00:00,26.181742,91.78063,CO,12.0,14.0,13.0,2026-08,2026,8
India,Bihar,Patna,"Samanpura, Patna - BSPCB",2026-08-23 11:00:00,25.596727,85.085624,PM2.5,25.0,183.0,117.0,2026-08,2026,8
India,Bihar,Saharsa,"Police Line, Saharsa - BSPCB",2026-08-23 11:00:00,25.892357,86.590325,NO2,7.0,8.0,7.0,2026-08,2026,8
India,Bihar,Saharsa,"Police Line, Saharsa - BSPCB",2026-08-23 11:00:00,25.892357,86.590325,OZONE,4.0,19.0,13.0,2026-08,2026,8
India,Bihar,Samastipur,"DM Office_Kasipur, Samastipur - BSPCB",2026-08-23 11:00:00,25.859655,85.77944,PM2.5,25.0,267.0,94.0,2026-08,2026,8
India,Bihar,Samastipur,"DM Office_Kasipur, Samastipur - BSPCB",2026-08-23 11:00:00,25.859655,85.77944,NH3,1.0,2.0,1.0,2026-08,2026,8
India,Bihar,Sasaram,"Dada Peer, Sasaram - BSPCB",2026-08-23 11:00:00,24.952822,84.002396,NO2,2.0,6.0,3.0,2026-08,2026,8
India,Andhra Pradesh,Anantapur,"Gulzarpet, Anantapur - APPCB",2026-08-23 11:00:00,14.675886,77.593027,CO,27.0,36.0,31.0,2026-08,2026,8
India,Andhra Pradesh,Chittoor,"Gangineni Cheruvu, Chittoor - APPCB",2026-08-23 11:00:00,13.20488,79.097889,PM2.5,71.0,82.0,75.0,2026-08,2026,8
India,Andhra Pradesh,Kadapa,"Yerramukkapalli, Kadapa - APPCB",2026-08-23 11:00:00,14.465052,78.824187,SO2,17.0,17.0,17.0,2026-08,2026,8
India,Delhi,Delhi,"JNU, Delhi - DPCC",2026-08-23 11:00:00,28.540721,77.168544,OZONE,0.0,7.0,3.0,2026-08,2026,8
India,Delhi,Delhi,"Alipur, Delhi - DPCC",2026-08-23 11:00:00,28.815329,77.15301,OZONE,6.0,10.0,9.0,2026-08,2026,8
India,Delhi,Delhi,"North Campus, DU, Delhi - IITM",2026-08-23 11:00:00,28.6573814,77.1585447,CO,35.0,57.0,44.0,2026-08,2026,8
India,Delhi,Delhi,"R K Puram, Delhi - DPCC",2026-08-23 11:00:00,28.563262,77.186937,NH3,5.0,9.0,6.0,2026-08,2026,8
India,Delhi,Delhi,"R K Puram, Delhi - DPCC",2026-08-23 11:00:00,28.563262,77.186937,SO2,4.0,21.0,7.0,2026-08,2026,8
India,Delhi,Delhi,"R K Puram, Delhi - DPCC",2026-08-23 11:00:00,28.563262,77.186937,OZONE,14.0,43.0,30.0,2026-08,2026,8
India,Gujarat,Ahmedabad,"SVPI Airport Hansol, Ahmedabad - IITM",2026-08-23 11:00:00,23.076793,72.627874,OZONE,5.0,8.0,6.0,2026-08,2026,8
India,Gujarat,Ahmedabad,"Rakhial, Ahmedabad - IITM",2026-08-23 11:00:00,23.016834,72.625775,PM10,71.0,110.0,86.0,2026-08,2026,8
India,Gujarat,Ahmedabad,"Rakhial, Ahmedabad - IITM",2026-08-23 11:00:00,23.016834,72.625775,CO,51.0,74.0,66.0,2026-08,2026,8
India,Gujarat,Ahmedabad,"Rakhial, Ahmedabad - IITM",2026-08-23 11:00:00,23.016834,72.625775,OZONE,5.0,6.0,6.0,2026-08,2026,8
India,Gujarat,Ahmedabad,"Maninagar, Ahmedabad - GPCB",2026-08-23 11:00:00,23.002657,72.591912,PM2.5,41.0,92.0,68.0,2026-08,2026,8
India,Gujarat,Ahmedabad,"Maninagar, Ahmedabad - GPCB",2026-08-23 11:00:00,23.002657,72.591912,CO,11.0,37.0,24.0,2026-08,2026,8
India,Gujarat,Ahmedabad,"Maninagar, Ahmedabad - GPCB",2026-08-23 11:00:00,23.002657,72.591912,OZONE,24.0,29.0,25.0,2026-08,2026,8
India,Gujarat,Ahmedabad,"Chandkheda, Ahmedabad - IITM",2026-08-23 11:00:00,23.107969,72.574648,NO2,5.0,18.0,11.0,2026-08,2026,8
India,Gujarat,Ahmedabad,"Chandkheda, Ahmedabad - IITM",2026-08-23 11:00:00,23.107969,72.574648,SO2,6.0,9.0,8.0,2026-08,2026,8
India,Gujarat,Ahmedabad,"SAC ISRO Bopal, Ahmedabad - IITM",2026-08-23 11:00:00,23.041137,72.456691,CO,27.0,38.0,33.0,2026-08,2026,8
India,Gujarat,Ahmedabad,"SAC ISRO Satellite, Ahmedabad - IITM",2026-08-23 11:00:00,23.023389,72.515201,SO2,1.0,2.0,2.0,2026-08,2026,8
India,Gujarat,Ahmedabad,"Gyaspur, Ahmedabad - IITM",2026-08-23 11:00:00,22.977134,72.553024,PM2.5,38.0,94.0,56.0,2026-08,2026,8
India,Gujarat,Ahmedabad,"Gyaspur, Ahmedabad - IITM",2026-08-23 11:00:00,22.977134,72.553024,CO,49.0,52.0,51.0,2026-08,2026,8
India,Gujarat,Ahmedabad,"Raikhad, Ahmedabad - IITM",2026-08-23 11:00:00,23.020509,72.579261,OZONE,6.0,7.0,6.0,2026-08,2026,8
India,Gujarat,Ankleshwar,"GIDC, Ankleshwar - GPCB",2026-08-23 11:00:00,21.613267,73.010555,NH3,5.0,6.0,5.0,2026-08,2026,8
India,Gujarat,Ankleshwar,"GIDC, Ankleshwar - GPCB",2026-08-23 11:00:00,21.613267,73.010555,SO2,19.0,19.0,19.0,2026-08,2026,8
India,Gujarat,Bhavnagar,"Vidhyanagar, Bhavnagar - Nexteng Enviro",2026-08-23 11:00:00,21.755417,72.139056,PM10,51.0,71.0,59.0,2026-08,2026,8
India,Gujarat,Gandhinagar,"Sector-10, Gandhinagar - GPCB",2026-08-23 11:00:00,23.221714,72.654328,PM10,21.0,114.0,60.0,2026-08,2026,8
India,Gujarat,Gandhinagar,"Sector-10, Gandhinagar - GPCB",2026-08-23 11:00:00,23.221714,72.654328,NO2,4.0,4.0,4.0,2026-08,2026,8
India,Gujarat,Gandhinagar,"Sector-10, Gandhinagar - GPCB",2026-08-23 11:00:00,23.221714,72.654328,OZONE,12.0,26.0,20.0,2026-08,2026,8
India,Gujarat,Gandhinagar,"IIPHG Lekawada, Gandhinagar - IITM",2026-08-23 11:00:00,23.243639,72.68994,SO2,2.0,3.0,2.0,2026-08,2026,8
India,Gujarat,Gandhinagar,"IIPHG Lekawada, Gandhinagar - IITM",2026-08-23 11:00:00,23.243639,72.68994,CO,8.0,12.0,10.0,2026-08,2026,8
India,Gujarat,Gandhinagar,"GIFT City, Gandhinagar - IITM",2026-08-23 11:00:00,23.163798,72.677768,NH3,5.0,7.0,6.0,2026-08,2026,8
India,Gujarat,Mehsana,"Sadanand Nagar, Mehsana - Nexteng Enviro",2026-08-23 11:00:00,23.59315,72.372792,NO2,2.0,5.0,4.0,2026-08,2026,8
India,Gujarat,Mehsana,"Sadanand Nagar, Mehsana - Nexteng Enviro",2026-08-23 11:00:00,23.59315,72.372792,SO2,13.0,15.0,14.0,2026-08,2026,8
India,Delhi,Delhi,"Vivek Vihar, Delhi - DPCC",2026-08-23 11:00:00,28.672342,77.31526,PM2.5,18.0,65.0,42.0,2026-08,2026,8
India,Delhi,Delhi,"Jahangirpuri, Delhi - DPCC",2026-08-23 11:00:00,28.73282,77.170633,NH3,8.0,9.0,9.0,2026-08,2026,8
India,Delhi,Delhi,"IHBAS, Dilshad Garden, Delhi - CPCB",2026-08-23 11:00:00,28.6811736,77.3025234,PM2.5,34.0,92.0,65.0,2026-08,2026,8
India,Delhi,Delhi,"IHBAS, Dilshad Garden, Delhi - CPCB",2026-08-23 11:00:00,28.6811736,77.3025234,PM10,33.0,105.0,73.0,2026-08,2026,8
India,Delhi,Delhi,"IHBAS, Dilshad Garden, Delhi - CPCB",2026-08-23 11:00:00,28.6811736,77.3025234,NO2,22.0,30.0,28.0,2026-08,2026,8
India,Delhi,Delhi,"IHBAS, Dilshad Garden, Delhi - CPCB",2026-08-23 11:00:00,28.6811736,77.3025234,NH3,4.0,5.0,5.0,2026-08,2026,8
India,Delhi,Delhi,"IHBAS, Dilshad Garden, Delhi - CPCB",2026-08-23 11:00:00,28.6811736,77.3025234,SO2,8.0,27.0,18.0,2026-08,2026,8
India,Delhi,Delhi,"Sri Aurobindo Marg, Delhi - DPCC",2026-08-23 11:00:00,28.531346,77.190156,PM2.5,15.0,103.0,57.0,2026-08,2026,8
India,Delhi,Delhi,"Sri Aurobindo Marg, Delhi - DPCC",2026-08-23 11:00:00,28.531346,77.190156,NH3,2.0,3.0,2.0,2026-08,2026,8
India,Delhi,Delhi,"Sri Aurobindo Marg, Delhi - DPCC",2026-08-23 11:00:00,28.531346,77.190156,OZONE,2.0,16.0,8.0,2026-08,2026,8
India,Delhi,Delhi,"Patparganj, Delhi - DPCC",2026-08-23 11:00:00,28.623763,77.287209,PM10,24.0,137.0,86.0,2026-08,2026,8
India,Delhi,Delhi,"Najafgarh, Delhi - DPCC",2026-08-23 11:00:00,28.570173,76.933762,SO2,15.0,23.0,18.0,2026-08,2026,8
India,Delhi,Delhi,"Wazirpur, Delhi - DPCC",2026-08-23 11:00:00,28.699793,77.165453,NH3,3.0,11.0,6.0,2026-08,2026,8
India,Haryana,Faridabad,"Sector 30, Faridabad - HSPCB",2026-08-23 11:00:00,28.4417,77.3217,SO2,2.0,3.0,2.0,2026-08,2026,8
India,Haryana,Fatehabad,"Huda Sector, Fatehabad - HSPCB",2026-08-23 11:00:00,29.503664,75.467934,PM10,29.0,39.0,32.0,2026-08,2026,8
India,Haryana,Gurugram,"NISE Gwal Pahari, Gurugram - IITM",2026-08-23 11:00:00,28.422681,77.148944,PM2.5,11.0,168.0,65.0,2026-08,2026,8
India,Haryana,Gurugram,"NISE Gwal Pahari, Gurugram - IITM",2026-08-23 11:00:00,28.422681,77.148944,SO2,12.0,26.0,20.0,2026-08,2026,8
India,Haryana,Gurugram,"NISE Gwal Pahari, Gurugram - IITM",2026-08-23 11:00:00,28.422681,77.148944,CO,28.0,31.0,30.0,2026-08,2026,8
India,Haryana,Jind,"Police Lines, Jind - HSPCB",2026-08-23 11:00:00,29.307814,76.337619,SO2,27.0,30.0,28.0,2026-08,2026,8
India,Haryana,Jind,"Police Lines, Jind - HSPCB",2026-08-23 11:00:00,29.307814,76.337619,CO,4.0,10.0,7.0,2026-08,2026,8
India,Haryana,Jind,"Police Lines, Jind - HSPCB",2026-08-23 11:00:00,29.307814,76.337619,OZONE,8.0,13.0,11.0,2026-08,2026,8
India,Haryana,Kaithal,"Rishi Nagar, Kaithal - HSPCB",2026-08-23 11:00:00,29.8006,76.4155,PM2.5,16.0,143.0,72.0,2026-08,2026,8
India,Haryana,Kaithal,"Rishi Nagar, Kaithal - HSPCB",2026-08-23 11:00:00,29.8006,76.4155,CO,17.0,23.0,19.0,2026-08,2026,8
India,Haryana,Karnal,"Sector-12, Karnal - HSPCB",2026-08-23 11:00:00,29.6953,77.0027,NO2,9.0,21.0,15.0,2026-08,2026,8
India,Delhi,Delhi,"NSUT Jaffarpur, Delhi - DPCC",2026-08-23 11:00:00,28.594004,76.909423,SO2,0.0,2.0,1.0,2026-08,2026,8
India,Delhi,Delhi,"NSUT Jaffarpur, Delhi - DPCC",2026-08-23 11:00:00,28.594004,76.909423,CO,34.0,40.0,36.0,2026-08,2026,8
India,Delhi,Delhi,"Mundka, Delhi - DPCC",2026-08-23 11:00:00,28.684678,77.076574,PM2.5,13.0,123.0,45.0,2026-08,2026,8
India,Delhi,Delhi,"Punjabi Bagh, Delhi - DPCC",2026-08-23 11:00:00,28.674045,77.131023,NO2,13.0,39.0,21.0,2026-08,2026,8
India,Delhi,Delhi,"Punjabi Bagh, Delhi - DPCC",2026-08-23 11:00:00,28.674045,77.131023,NH3,2.0,4.0,3.0,2026-08,2026,8
India,Delhi,Delhi,"Punjabi Bagh, Delhi - DPCC",2026-08-23 11:00:00,28.674045,77.131023,SO2,27.0,53.0,38.0,2026-08,2026,8
India,Delhi,Delhi,"Anand Vihar, Delhi - DPCC",2026-08-23 11:00:00,28.647622,77.315809,NO2,12.0,65.0,33.0,2026-08,2026,8
India,Delhi,Delhi,"Anand Vihar, Delhi - DPCC",2026-08-23 11:00:00,28.647622,77.315809,CO,112.0,114.0,113.0,2026-08,2026,8
India,Delhi,Delhi,"Shadipur, Delhi - CPCB",2026-08-23 11:00:00,28.6514781,77.1473105,PM2.5,21.0,68.0,39.0,2026-08,2026,8
India,Delhi,Delhi,"Shadipur, Delhi - CPCB",2026-08-23 11:00:00,28.6514781,77.1473105,CO,12.0,38.0,24.0,2026-08,2026,8
India,Delhi,Delhi,"Shadipur, Delhi - CPCB",2026-08-23 11:00:00,28.6514781,77.1473105,OZONE,24.0,32.0,29.0,2026-08,2026,8
India,Delhi,Delhi,"Mandir Marg, Delhi - DPCC",2026-08-23 11:00:00,28.636429,77.201067,NO2,14.0,43.0,25.0,2026-08,2026,8
India,Gujarat,Mehsana,"Sadanand Nagar, Mehsana - Nexteng Enviro",2026-08-23 11:00:00,23.59315,72.372792,OZONE,8.0,9.0,9.0,2026-08,2026,8
India,Gujarat,Rajkot,"Mavdi, Rajkot - Nexteng Enviro ",2026-08-23 11:00:00,22.248853,70.776774,PM10,35.0,83.0,48.0,2026-08,2026,8
India,Gujarat,Rajkot,"Mavdi, Rajkot - Nexteng Enviro ",2026-08-23 11:00:00,22.248853,70.776774,NO2,4.0,10.0,6.0,2026-08,2026,8
India,Gujarat,Rajkot,"Mavdi, Rajkot - Nexteng Enviro ",2026-08-23 11:00:00,22.248853,70.776774,SO2,9.0,12.0,10.0,2026-08,2026,8
India,Gujarat,Surat,"Science Center, Surat - SMC",2026-08-23 11:00:00,21.170046,72.795405,PM10,23.0,57.0,41.0,2026-08,2026,8
India,Gujarat,Surat,"Science Center, Surat - SMC",2026-08-23 11:00:00,21.170046,72.795405,NO2,2.0,8.0,5.0,2026-08,2026,8
India,Gujarat,Vadodara,"Bapunagar, Vadodara - Nexteng Enviro",2026-08-23 11:00:00,22.320153,73.216285,PM2.5,23.0,66.0,43.0,2026-08,2026,8
India,Gujarat,Vadodara,"Bapunagar, Vadodara - Nexteng Enviro",2026-08-23 11:00:00,22.320153,73.216285,PM10,33.0,93.0,61.0,2026-08,2026,8
India,Gujarat,Vapi,"Phase-1 GIDC, Vapi - GPCB",2026-08-23 11:00:00,20.362421,72.918013,PM2.5,5.0,35.0,17.0,2026-08,2026,8
India,Gujarat,Vapi,"Phase-1 GIDC, Vapi - GPCB",2026-08-23 11:00:00,20.362421,72.918013,SO2,12.0,17.0,17.0,2026-08,2026,8
India,Gujarat,Vapi,"Phase-1 GIDC, Vapi - GPCB",2026-08-23 11:00:00,20.362421,72.918013,OZONE,5.0,11.0,7.0,2026-08,2026,8
India,Delhi,Delhi,"Pusa, Delhi - IITM",2026-08-23 11:00:00,28.63611,77.173332,PM2.5,3.0,80.0,49.0,2026-08,2026,8
India,Delhi,Delhi,"Pusa, Delhi - IITM",2026-08-23 11:00:00,28.63611,77.173332,CO,36.0,42.0,39.0,2026-08,2026,8
India,Delhi,Delhi,"DTU, Delhi - CPCB",2026-08-23 11:00:00,28.7500499,77.1112615,PM2.5,21.0,115.0,54.0,2026-08,2026,8
India,Delhi,Delhi,"Dr. Karni Singh Shooting Range, Delhi - DPCC",2026-08-23 11:00:00,28.498571,77.26484,NO2,11.0,55.0,20.0,2026-08,2026,8
India,Delhi,Delhi,"IIT Delhi, Delhi - IITM",2026-08-23 11:00:00,28.54246,77.191651,PM10,51.0,173.0,130.0,2026-08,2026,8
India,Delhi,Delhi,"IGNOU_Maidan Garhi, Delhi - DPCC",2026-08-23 11:00:00,28.493624,77.201159,SO2,5.0,8.0,6.0,2026-08,2026,8
India,Delhi,Delhi,"Talkatora Garden, Delhi - DPCC",2026-08-23 11:00:00,28.62181,77.1944633,CO,45.0,53.0,49.0,2026-08,2026,8
India,Delhi,Delhi,"NSIT Dwarka, Delhi - CPCB",2026-08-23 11:00:00,28.60909,77.0325413,NO2,14.0,41.0,32.0,2026-08,2026,8
India,Delhi,Delhi,"NSIT Dwarka, Delhi - CPCB",2026-08-23 11:00:00,28.60909,77.0325413,SO2,14.0,20.0,16.0,2026-08,2026,8
India,Delhi,Delhi,"Burari Crossing, Delhi - IITM",2026-08-23 11:00:00,28.7256504,77.2011573,NH3,12.0,26.0,20.0,2026-08,2026,8
India,Delhi,Delhi,"IMD Lodhi Road, Delhi - IITM",2026-08-23 11:00:00,28.5918245,77.2273074,OZONE,11.0,25.0,20.0,2026-08,2026,8
India,Haryana,Ambala,"Patti Mehar, Ambala - HSPCB",2026-08-23 11:00:00,30.379589,76.778328,OZONE,34.0,47.0,40.0,2026-08,2026,8
India,Haryana,Bahadurgarh,"Arya Nagar, Bahadurgarh - HSPCB",2026-08-23 11:00:00,28.6701,76.9254,PM2.5,21.0,80.0,48.0,2026-08,2026,8
India,Haryana,Faridabad,"Sector 11, Faridabad - HSPCB",2026-08-23 11:00:00,28.376058,77.315741,CO,41.0,63.0,54.0,2026-08,2026,8
India,Haryana,Faridabad,"Sector 11, Faridabad - HSPCB",2026-08-23 11:00:00,28.376058,77.315741,OZONE,15.0,17.0,16.0,2026-08,2026,8
India,Madhya Pradesh,Sagar,"Civil Lines, Sagar - MPPCB",2026-08-23 11:00:00,23.838586,78.759431,NO2,8.0,27.0,14.0,2026-08,2026,8
India,Madhya Pradesh,Sagar,"Civil Lines, Sagar - MPPCB",2026-08-23 11:00:00,23.838586,78.759431,SO2,5.0,8.0,6.0,2026-08,2026,8
India,Madhya Pradesh,Satna,"Bandhavgar Colony, Satna - Birla Cement",2026-08-23 11:00:00,24.58434363,80.8549414,CO,12.0,22.0,16.0,2026-08,2026,8
India,Madhya Pradesh,Ujjain,"Mahashweta Nagar, Ujjain - MPPCB",2026-08-23 11:00:00,23.1633321,75.800225,SO2,0.0,4.0,2.0,2026-08,2026,8
India,Maharashtra,Ahmednagar,"Tarakpur, Ahmednagar - MPCB",2026-08-23 11:00:00,19.10122,74.73339,PM10,10.0,45.0,27.0,2026-08,2026,8
India,Maharashtra,Ahmednagar,"Tarakpur, Ahmednagar - MPCB",2026-08-23 11:00:00,19.10122,74.73339,NH3,0.0,1.0,0.0,2026-08,2026,8
India,Maharashtra,Akola,"Ramdaspeth, Akola - MPCB",2026-08-23 11:00:00,20.719516,77.000253,NH3,6.0,9.0,7.0,2026-08,2026,8
India,Maharashtra,Ambernath,"Chinchpada, Ambernath - MPCB",2026-08-23 11:00:00,19.215784,73.199781,CO,8.0,17.0,11.0,2026-08,2026,8
India,Maharashtra,Amravati,"Shri Shivaji Science College, Amravati - MPCB",2026-08-23 11:00:00,20.939198,77.765701,PM10,17.0,43.0,31.0,2026-08,2026,8
India,Maharashtra,Aurangabad,"MIDC Chilkalthana, Aurangabad - MPCB",2026-08-23 11:00:00,19.87562,75.38731,PM10,41.0,49.0,44.0,2026-08,2026,8
India,Maharashtra,Aurangabad,"MIDC Chilkalthana, Aurangabad - MPCB",2026-08-23 11:00:00,19.87562,75.38731,NH3,1.0,2.0,1.0,2026-08,2026,8
India,Maharashtra,Aurangabad,"MIDC Chilkalthana, Aurangabad - MPCB",2026-08-23 11:00:00,19.87562,75.38731,SO2,5.0,9.0,7.0,2026-08,2026,8
India,Maharashtra,Aurangabad,"MIDC Chilkalthana, Aurangabad - MPCB",2026-08-23 11:00:00,19.87562,75.38731,CO,25.0,29.0,27.0,2026-08,2026,8
India,Maharashtra,Aurangabad,"Rachnakar Colony, Aurangabad - MPCB",2026-08-23 11:00:00,19.863756,75.321188,CO,20.0,26.0,24.0,2026-08,2026,8
India,Haryana,Panchgaon,"Amity University, Panchgaon - IITM",2026-08-23 11:00:00,28.3153,76.9143,NO2,19.0,34.0,27.0,2026-08,2026,8
India,Haryana,Panchgaon,"Amity University, Panchgaon - IITM",2026-08-23 11:00:00,28.3153,76.9143,SO2,11.0,18.0,15.0,2026-08,2026,8
India,Haryana,Panchgaon,"Amity University, Panchgaon - IITM",2026-08-23 11:00:00,28.3153,76.9143,CO,86.0,96.0,90.0,2026-08,2026,8
India,Haryana,Panchkula,"Sector-6, Panchkula - HSPCB ",2026-08-23 11:00:00,30.7057778,76.8531805555555,NH3,12.0,26.0,20.0,2026-08,2026,8
India,Haryana,Panchkula,"Sector-6, Panchkula - HSPCB ",2026-08-23 11:00:00,30.7057778,76.8531805555555,OZONE,39.0,50.0,45.0,2026-08,2026,8
India,Haryana,Rohtak,"MD University, Rohtak - HSPCB",2026-08-23 11:00:00,28.52123,76.37138,NO2,8.0,11.0,10.0,2026-08,2026,8
India,Haryana,Sirsa,"F-Block, Sirsa - HSPCB",2026-08-23 11:00:00,29.5364,75.0158,PM2.5,29.0,59.0,43.0,2026-08,2026,8
India,Haryana,Sirsa,"F-Block, Sirsa - HSPCB",2026-08-23 11:00:00,29.5364,75.0158,CO,76.0,99.0,85.0,2026-08,2026,8
India,Haryana,Sonipat,"Murthal, Sonipat - HSPCB",2026-08-23 11:00:00,29.0272,77.0621,NO2,6.0,9.0,7.0,2026-08,2026,8
India,Haryana,Sonipat,"Murthal, Sonipat - HSPCB",2026-08-23 11:00:00,29.0272,77.0621,SO2,21.0,22.0,21.0,2026-08,2026,8
India,Haryana,Sonipat,"Murthal, Sonipat - HSPCB",2026-08-23 11:00:00,29.0272,77.0621,CO,19.0,24.0,21.0,2026-08,2026,8
India,Haryana,Yamuna Nagar,"Gobind Pura, Yamuna Nagar - HSPCB",2026-08-23 11:00:00,30.1480566,77.2893471,CO,49.0,50.0,50.0,2026-08,2026,8
India,Himachal Pradesh,Baddi,"HIMUDA Complex Phase-1, Baddi - HPPCB",2026-08-23 11:00:00,30.943887,76.801991,SO2,12.0,26.0,20.0,2026-08,2026,8
India,Jammu and Kashmir,Pampore,"Khrew, Pampore - JKPCC",2026-08-23 11:00:00,34.031606,75.009712,PM2.5,15.0,48.0,30.0,2026-08,2026,8
India,Jammu and Kashmir,Pampore,"Khrew, Pampore - JKPCC",2026-08-23 11:00:00,34.031606,75.009712,NH3,12.0,26.0,20.0,2026-08,2026,8
India,Madhya Pradesh,Indore,"Residency Area, Indore - IMC",2026-08-23 11:00:00,22.7084,75.8815,SO2,2.0,3.0,2.0,2026-08,2026,8
India,Madhya Pradesh,Jabalpur,"Marhatal, Jabalpur - MPPCB",2026-08-23 11:00:00,23.168606,79.932247,OZONE,9.0,16.0,13.0,2026-08,2026,8
India,Madhya Pradesh,Jabalpur,"Gupteshwar, Jabalpur - JMC",2026-08-23 11:00:00,23.142888,79.916147,PM2.5,43.0,84.0,62.0,2026-08,2026,8
India,Madhya Pradesh,Jabalpur,"Govindh Bhavan Colony, Jabalpur - JMC",2026-08-23 11:00:00,23.163174,79.973061,PM2.5,20.0,47.0,32.0,2026-08,2026,8
India,Madhya Pradesh,Jabalpur,"Suhagi, Jabalpur - JMC",2026-08-23 11:00:00,23.218135,79.95777,NH3,5.0,5.0,5.0,2026-08,2026,8
India,Madhya Pradesh,Katni,"Gole Bazar, Katni - MPPCB",2026-08-23 11:00:00,23.50016,80.23284,PM10,29.0,78.0,48.0,2026-08,2026,8
India,Madhya Pradesh,Katni,"Gole Bazar, Katni - MPPCB",2026-08-23 11:00:00,23.50016,80.23284,NH3,2.0,3.0,3.0,2026-08,2026,8
India,Madhya Pradesh,Katni,"Gole Bazar, Katni - MPPCB",2026-08-23 11:00:00,23.50016,80.23284,OZONE,14.0,19.0,16.0,2026-08,2026,8
India,Madhya Pradesh,Mandideep,"Sector-D Industrial Area, Mandideep - MPPCB",2026-08-23 11:00:00,23.10844,77.511428,PM2.5,46.0,90.0,67.0,2026-08,2026,8
India,Madhya Pradesh,Mandideep,"Sector-D Industrial Area, Mandideep - MPPCB",2026-08-23 11:00:00,23.10844,77.511428,NH3,2.0,3.0,3.0,2026-08,2026,8
India,Madhya Pradesh,Pithampur,"Sector-2 Industrial Area, Pithampur - MPPCB",2026-08-23 11:00:00,22.624758,75.675238,NO2,7.0,29.0,16.0,2026-08,2026,8
India,Madhya Pradesh,Pithampur,"Sector-2 Industrial Area, Pithampur - MPPCB",2026-08-23 11:00:00,22.624758,75.675238,SO2,27.0,38.0,31.0,2026-08,2026,8
India,Madhya Pradesh,Ratlam,"Shasthri Nagar, Ratlam - IPCA Lab",2026-08-23 11:00:00,23.331731,75.045981,SO2,10.0,12.0,11.0,2026-08,2026,8
India,Jammu and Kashmir,Srinagar,"Rajbagh, Srinagar - JKPCC",2026-08-23 11:00:00,34.066206,74.81982,NH3,9.0,9.0,9.0,2026-08,2026,8
India,Jammu and Kashmir,Srinagar,"Khunmoh, Srinagar - JKPCC",2026-08-23 11:00:00,34.06313,74.96017,PM10,33.0,84.0,57.0,2026-08,2026,8
India,Jammu and Kashmir,Srinagar,"Khunmoh, Srinagar - JKPCC",2026-08-23 11:00:00,34.06313,74.96017,NO2,3.0,32.0,12.0,2026-08,2026,8
India,Jammu and Kashmir,Srinagar,"Khunmoh, Srinagar - JKPCC",2026-08-23 11:00:00,34.06313,74.96017,NH3,12.0,26.0,20.0,2026-08,2026,8
India,Jharkhand,Dhanbad,"Sardar Patel Nagar, Dhanbad - JSPCB",2026-08-23 11:00:00,23.80569,86.44268,NH3,12.0,26.0,20.0,2026-08,2026,8
India,Jharkhand,Jorapokhar,"Tata Stadium, Jorapokhar - JSPCB",2026-08-23 11:00:00,23.707909,86.41467,NO2,8.0,8.0,8.0,2026-08,2026,8
India,Karnataka,Belgaum,"Ramteerth Nagar, Belgaum - KSPCB",2026-08-23 11:00:00,15.888653,74.541751,PM2.5,12.0,26.0,20.0,2026-08,2026,8
India,Karnataka,Bengaluru,"City Railway Station, Bengaluru - KSPCB",2026-08-23 11:00:00,12.9756843,77.5660749,SO2,12.0,13.0,12.0,2026-08,2026,8
India,Karnataka,Bengaluru,"Jayanagar 5th Block, Bengaluru - KSPCB",2026-08-23 11:00:00,12.920984,77.584908,PM2.5,15.0,43.0,28.0,2026-08,2026,8
India,Karnataka,Bengaluru,"Jayanagar 5th Block, Bengaluru - KSPCB",2026-08-23 11:00:00,12.920984,77.584908,OZONE,30.0,46.0,40.0,2026-08,2026,8
India,Karnataka,Bengaluru,"Hombegowda Nagar, Bengaluru - KSPCB",2026-08-23 11:00:00,12.938539,77.5901,PM2.5,16.0,40.0,32.0,2026-08,2026,8
India,Karnataka,Bengaluru,"Hombegowda Nagar, Bengaluru - KSPCB",2026-08-23 11:00:00,12.938539,77.5901,NO2,11.0,44.0,22.0,2026-08,2026,8
India,Karnataka,Bengaluru,"Hombegowda Nagar, Bengaluru - KSPCB",2026-08-23 11:00:00,12.938539,77.5901,OZONE,12.0,26.0,20.0,2026-08,2026,8
India,Madhya Pradesh,Bhopal,"T T Nagar, Bhopal - MPPCB",2026-08-23 11:00:00,23.233584,77.400574,OZONE,22.0,31.0,25.0,2026-08,2026,8
India,Madhya Pradesh,Damoh,"Shrivastav Colony, Damoh - MPPCB",2026-08-23 11:00:00,23.81748678,79.446246,PM2.5,2.0,50.0,14.0,2026-08,2026,8
India,Madhya Pradesh,Dewas,"Bhopal Chauraha, Dewas - MPPCB",2026-08-23 11:00:00,22.9682591,76.064118,PM2.5,15.0,84.0,38.0,2026-08,2026,8
India,Madhya Pradesh,Dewas,"Bhopal Chauraha, Dewas - MPPCB",2026-08-23 11:00:00,22.9682591,76.064118,PM10,31.0,143.0,65.0,2026-08,2026,8
India,Madhya Pradesh,Dewas,"Bhopal Chauraha, Dewas - MPPCB",2026-08-23 11:00:00,22.9682591,76.064118,NH3,2.0,3.0,2.0,2026-08,2026,8
India,Madhya Pradesh,Dewas,"Bhopal Chauraha, Dewas - MPPCB",2026-08-23 11:00:00,22.9682591,76.064118,OZONE,42.0,132.0,55.0,2026-08,2026,8
India,Madhya Pradesh,Gwalior,"Maharaj Bada, Gwalior - MPPCB",2026-08-23 11:00:00,26.200388,78.147714,PM10,3.0,39.0,16.0,2026-08,2026,8
India,Madhya Pradesh,Gwalior,"City Center, Gwalior - MPPCB",2026-08-23 11:00:00,26.203442,78.193251,NO2,34.0,51.0,44.0,2026-08,2026,8
India,Madhya Pradesh,Gwalior,"City Center, Gwalior - MPPCB",2026-08-23 11:00:00,26.203442,78.193251,SO2,9.0,43.0,26.0,2026-08,2026,8
India,Madhya Pradesh,Gwalior,"City Center, Gwalior - MPPCB",2026-08-23 11:00:00,26.203442,78.193251,CO,35.0,49.0,41.0,2026-08,2026,8
India,Madhya Pradesh,Indore,"Regional Park, Indore - IMC",2026-08-23 11:00:00,22.678,75.8559,NH3,0.0,4.0,2.0,2026-08,2026,8
India,Madhya Pradesh,Indore,"Chhoti Gwaltoli, Indore - MPPCB",2026-08-23 11:00:00,22.431,75.5213,PM2.5,36.0,94.0,58.0,2026-08,2026,8
India,Karnataka,Ramanagara,"Vijay Nagar, Ramanagara - KSPCB",2026-08-23 11:00:00,12.733409,77.298051,NH3,12.0,26.0,20.0,2026-08,2026,8
India,Karnataka,Shivamogga,"Vinoba Nagara, Shivamogga - KSPCB",2026-08-23 11:00:00,13.94,75.555917,PM2.5,20.0,34.0,21.0,2026-08,2026,8
India,Karnataka,Shivamogga,"Vinoba Nagara, Shivamogga - KSPCB",2026-08-23 11:00:00,13.94,75.555917,PM10,31.0,47.0,33.0,2026-08,2026,8
India,Karnataka,Shivamogga,"Vinoba Nagara, Shivamogga - KSPCB",2026-08-23 11:00:00,13.94,75.555917,CO,9.0,38.0,17.0,2026-08,2026,8
India,Karnataka,Yadgir,"Collector Office, Yadgir - KSPCB",2026-08-23 11:00:00,16.7602,77.1428,NO2,2.0,4.0,4.0,2026-08,2026,8
India,Kerala,Thiruvananthapuram,"Plammoodu, Thiruvananthapuram - Kerala PCB",2026-08-23 11:00:00,8.5149093,76.9435879,OZONE,15.0,16.0,15.0,2026-08,2026,8
India,Kerala,Thiruvananthapuram,"Kariavattom, Thiruvananthapuram - Kerala PCB",2026-08-23 11:00:00,8.5637,76.8865,PM2.5,37.0,46.0,40.0,2026-08,2026,8
India,Kerala,Thiruvananthapuram,"Kariavattom, Thiruvananthapuram - Kerala PCB",2026-08-23 11:00:00,8.5637,76.8865,SO2,4.0,7.0,5.0,2026-08,2026,8
India,Kerala,Thiruvananthapuram,"Kariavattom, Thiruvananthapuram - Kerala PCB",2026-08-23 11:00:00,8.5637,76.8865,CO,20.0,23.0,22.0,2026-08,2026,8
India,Madhya Pradesh,Bhopal,"Paryavaran Parisar, Bhopal - MPPCB",2026-08-23 11:00:00,23.210494,77.425409,PM10,44.0,82.0,61.0,2026-08,2026,8
India,Madhya Pradesh,Bhopal,"Paryavaran Parisar, Bhopal - MPPCB",2026-08-23 11:00:00,23.210494,77.425409,NH3,2.0,2.0,2.0,2026-08,2026,8
India,Karnataka,Bengaluru,"Shivapura_Peenya, Bengaluru - KSPCB",2026-08-23 11:00:00,13.0246342,77.5080115,NO2,28.0,30.0,29.0,2026-08,2026,8
India,Karnataka,Bengaluru,"Shivapura_Peenya, Bengaluru - KSPCB",2026-08-23 11:00:00,13.0246342,77.5080115,SO2,3.0,13.0,6.0,2026-08,2026,8
India,Karnataka,Bengaluru,"Shivapura_Peenya, Bengaluru - KSPCB",2026-08-23 11:00:00,13.0246342,77.5080115,OZONE,23.0,24.0,23.0,2026-08,2026,8
India,Karnataka,Bengaluru,"Hebbal, Bengaluru - KSPCB",2026-08-23 11:00:00,13.029152,77.585901,PM2.5,12.0,25.0,18.0,2026-08,2026,8
India,Karnataka,Bengaluru,"Hebbal, Bengaluru - KSPCB",2026-08-23 11:00:00,13.029152,77.585901,OZONE,1.0,2.0,2.0,2026-08,2026,8
India,Karnataka,Bengaluru,"Silk Board, Bengaluru - KSPCB",2026-08-23 11:00:00,12.917348,77.622813,PM2.5,26.0,51.0,37.0,2026-08,2026,8
India,Karnataka,Bengaluru,"Silk Board, Bengaluru - KSPCB",2026-08-23 11:00:00,12.917348,77.622813,PM10,50.0,137.0,100.0,2026-08,2026,8
India,Karnataka,Bengaluru,"Silk Board, Bengaluru - KSPCB",2026-08-23 11:00:00,12.917348,77.622813,OZONE,11.0,17.0,14.0,2026-08,2026,8
India,Karnataka,Bengaluru,"Bapuji Nagar, Bengaluru - KSPCB",2026-08-23 11:00:00,12.951913,77.539784,NH3,3.0,3.0,3.0,2026-08,2026,8
India,Karnataka,Chikkaballapur,"Chikkaballapur Rural, Chikkaballapur - KSPCB",2026-08-23 11:00:00,13.428828,77.731418,NO2,12.0,26.0,20.0,2026-08,2026,8
India,Karnataka,Chikkaballapur,"Chikkaballapur Rural, Chikkaballapur - KSPCB",2026-08-23 11:00:00,13.428828,77.731418,NH3,12.0,26.0,20.0,2026-08,2026,8
India,Karnataka,Chikkamagaluru,"Kalyana Nagara, Chikkamagaluru - KSPCB",2026-08-23 11:00:00,13.328028,75.797056,NO2,15.0,25.0,16.0,2026-08,2026,8
India,Karnataka,Chikkamagaluru,"Kalyana Nagara, Chikkamagaluru - KSPCB",2026-08-23 11:00:00,13.328028,75.797056,SO2,2.0,3.0,2.0,2026-08,2026,8
India,Karnataka,Gadag,"Panchal Nagar, Gadag - KSPCB",2026-08-23 11:00:00,15.411456,75.638133,SO2,25.0,34.0,30.0,2026-08,2026,8
India,Karnataka,Hubballi,"Lingaraj Nagar, Hubballi - KSPCB",2026-08-23 11:00:00,15.3714823,75.1160168,SO2,2.0,2.0,2.0,2026-08,2026,8
India,Karnataka,Kalaburagi,"Mahatma Basaveswar Colony, Kalaburgi - KSPCB",2026-08-23 11:00:00,17.336318,76.847397,SO2,4.0,5.0,5.0,2026-08,2026,8
India,Karnataka,Karwar,"KHB Colony, Karwar - KSPCB",2026-08-23 11:00:00,14.816666,74.141003,PM10,1.0,32.0,17.0,2026-08,2026,8
India,Karnataka,Madikeri,"Stuart Hill, Madikeri - KSPCB",2026-08-23 11:00:00,12.415911,75.73505,PM2.5,2.0,19.0,9.0,2026-08,2026,8
India,Karnataka,Mangalore,"Kadri, Mangalore - KSPCB",2026-08-23 11:00:00,12.88925,74.853,PM2.5,15.0,55.0,34.0,2026-08,2026,8
India,Karnataka,Mysuru,"Hebbal 1st Stage, Mysuru - KSPCB",2026-08-23 11:00:00,12.21041,76.37376,PM10,25.0,75.0,47.0,2026-08,2026,8
India,Karnataka,Mysuru,"Hebbal 1st Stage, Mysuru - KSPCB",2026-08-23 11:00:00,12.21041,76.37376,NH3,2.0,8.0,5.0,2026-08,2026,8
India,Haryana,Kurukshetra,"Sector-7, Kurukshetra - HSPCB",2026-08-23 11:00:00,29.966942,76.875879,PM2.5,41.0,81.0,59.0,2026-08,2026,8
India,Haryana,Kurukshetra,"Sector-7, Kurukshetra - HSPCB",2026-08-23 11:00:00,29.966942,76.875879,OZONE,4.0,9.0,5.0,2026-08,2026,8
India,Haryana,Mandikhera,"General Hospital, Mandikhera(Nuh) - HSPCB",2026-08-23 11:00:00,27.9002,76.9938,PM2.5,17.0,18.0,17.0,2026-08,2026,8
India,Haryana,Mandikhera,"General Hospital, Mandikhera(Nuh) - HSPCB",2026-08-23 11:00:00,27.9002,76.9938,NH3,6.0,9.0,7.0,2026-08,2026,8
India,Haryana,Mandikhera,"General Hospital, Mandikhera(Nuh) - HSPCB",2026-08-23 11:00:00,27.9002,76.9938,SO2,17.0,18.0,17.0,2026-08,2026,8
India,Haryana,Mandikhera,"General Hospital, Mandikhera(Nuh) - HSPCB",2026-08-23 11:00:00,27.9002,76.9938,CO,49.0,50.0,49.0,2026-08,2026,8
India,Haryana,Panchgaon,"Amity University, Panchgaon - IITM",2026-08-23 11:00:00,28.3153,76.9143,PM2.5,40.0,73.0,51.0,2026-08,2026,8
India,Maharashtra,Pimpri-Chinchwad,"Transport Nagar-Nigdi, Pune - IITM",2026-08-23 11:00:00,18.664282,73.763966,PM2.5,9.0,56.0,25.0,2026-08,2026,8
India,Maharashtra,Pimpri-Chinchwad,"Transport Nagar-Nigdi, Pune - IITM",2026-08-23 11:00:00,18.664282,73.763966,PM10,32.0,107.0,53.0,2026-08,2026,8
India,Maharashtra,Pimpri-Chinchwad,"Park Street Wakad, Pimpri Chinchwad - MPCB",2026-08-23 11:00:00,18.59051,73.77946,PM10,28.0,42.0,34.0,2026-08,2026,8
India,Maharashtra,Pimpri-Chinchwad,"Savta Mali Nagar, Pimpri-Chinchwad - IITM",2026-08-23 11:00:00,18.614767,73.799516,PM2.5,15.0,33.0,22.0,2026-08,2026,8
India,Maharashtra,Pimpri-Chinchwad,"Savta Mali Nagar, Pimpri-Chinchwad - IITM",2026-08-23 11:00:00,18.614767,73.799516,PM10,31.0,78.0,51.0,2026-08,2026,8
India,Maharashtra,Pimpri-Chinchwad,"Savta Mali Nagar, Pimpri-Chinchwad - IITM",2026-08-23 11:00:00,18.614767,73.799516,NO2,13.0,40.0,23.0,2026-08,2026,8
India,Maharashtra,Pimpri-Chinchwad,"Savta Mali Nagar, Pimpri-Chinchwad - IITM",2026-08-23 11:00:00,18.614767,73.799516,SO2,12.0,26.0,20.0,2026-08,2026,8
India,Maharashtra,Pune,"Katraj Dairy, Pune - MPCB",2026-08-23 11:00:00,18.45445,73.854155,PM2.5,10.0,24.0,17.0,2026-08,2026,8
India,Maharashtra,Pune,"Katraj Dairy, Pune - MPCB",2026-08-23 11:00:00,18.45445,73.854155,PM10,17.0,43.0,30.0,2026-08,2026,8
India,Maharashtra,Pune,"Katraj Dairy, Pune - MPCB",2026-08-23 11:00:00,18.45445,73.854155,NO2,9.0,11.0,10.0,2026-08,2026,8
India,Maharashtra,Pune,"Katraj Dairy, Pune - MPCB",2026-08-23 11:00:00,18.45445,73.854155,CO,21.0,31.0,26.0,2026-08,2026,8
India,Maharashtra,Pune,"Hadapsar, Pune - IITM",2026-08-23 11:00:00,18.501793,73.927532,PM2.5,15.0,56.0,39.0,2026-08,2026,8
India,Maharashtra,Pune,"Revenue Colony-Shivajinagar, Pune - IITM",2026-08-23 11:00:00,18.530085,73.849598,PM2.5,16.0,55.0,27.0,2026-08,2026,8
India,Maharashtra,Pune,"Revenue Colony-Shivajinagar, Pune - IITM",2026-08-23 11:00:00,18.530085,73.849598,PM10,36.0,78.0,59.0,2026-08,2026,8
India,Maharashtra,Pune,"Revenue Colony-Shivajinagar, Pune - IITM",2026-08-23 11:00:00,18.530085,73.849598,NH3,12.0,26.0,20.0,2026-08,2026,8
India,Maharashtra,Pune,"Revenue Colony-Shivajinagar, Pune - IITM",2026-08-23 11:00:00,18.530085,73.849598,SO2,5.0,17.0,13.0,2026-08,2026,8
India,Maharashtra,Pune,"Mhada Colony, Pune - IITM",2026-08-23 11:00:00,18.57304,73.927715,PM10,39.0,76.0,59.0,2026-08,2026,8
India,Maharashtra,Jalna,"Old MIDC, Jalna - MPCB",2026-08-23 11:00:00,19.854616,75.905894,NH3,3.0,5.0,4.0,2026-08,2026,8
India,Maharashtra,Kalyan,"Pimpleshwar Mandir, Kalyan - MPCB",2026-08-23 11:00:00,19.192056,72.9585188,NO2,11.0,22.0,16.0,2026-08,2026,8
India,Maharashtra,Kolhapur,"Shivaji University, Kolhapur - MPCB",2026-08-23 11:00:00,16.6870449,74.2505872,PM2.5,7.0,21.0,12.0,2026-08,2026,8
India,Maharashtra,Kolhapur,"Shivaji University, Kolhapur - MPCB",2026-08-23 11:00:00,16.6870449,74.2505872,PM10,20.0,59.0,41.0,2026-08,2026,8
India,Maharashtra,Kolhapur,"Shivaji University, Kolhapur - MPCB",2026-08-23 11:00:00,16.6870449,74.2505872,NO2,3.0,19.0,12.0,2026-08,2026,8
India,Maharashtra,Kolhapur,"Shivaji University, Kolhapur - MPCB",2026-08-23 11:00:00,16.6870449,74.2505872,CO,7.0,19.0,12.0,2026-08,2026,8
India,Maharashtra,Kolhapur,"Shivaji University, Kolhapur - MPCB",2026-08-23 11:00:00,16.6870449,74.2505872,OZONE,6.0,14.0,9.0,2026-08,2026,8
India,Maharashtra,Mahad,"Kamble Tarf Birwadi, Mahad - MPCB",2026-08-23 11:00:00,18.1023399,73.4783687,PM2.5,15.0,44.0,28.0,2026-08,2026,8
India,Maharashtra,Mahad,"Kamble Tarf Birwadi, Mahad - MPCB",2026-08-23 11:00:00,18.1023399,73.4783687,OZONE,7.0,7.0,7.0,2026-08,2026,8
India,Maharashtra,Malegaon,"Mahesh Nagar, Malegaon - MPCB",2026-08-23 11:00:00,20.555712,74.529236,SO2,0.0,3.0,1.0,2026-08,2026,8
India,Maharashtra,Mira-Bhayandar,"Bhayandar West, Mira-Bhayandar - MPCB",2026-08-23 11:00:00,19.296481,72.840923,SO2,2.0,5.0,3.0,2026-08,2026,8
India,Maharashtra,Mira-Bhayandar,"Bhayandar West, Mira-Bhayandar - MPCB",2026-08-23 11:00:00,19.296481,72.840923,OZONE,2.0,7.0,4.0,2026-08,2026,8
India,Maharashtra,Mumbai,"Shivaji Nagar, Mumbai - BMC",2026-08-23 11:00:00,19.060498,72.923356,NO2,6.0,14.0,9.0,2026-08,2026,8
India,Maharashtra,Mumbai,"Shivaji Nagar, Mumbai - BMC",2026-08-23 11:00:00,19.060498,72.923356,NH3,2.0,6.0,3.0,2026-08,2026,8
India,Maharashtra,Mumbai,"Shivaji Nagar, Mumbai - BMC",2026-08-23 11:00:00,19.060498,72.923356,SO2,0.0,11.0,5.0,2026-08,2026,8
India,Maharashtra,Mumbai,"Shivaji Nagar, Mumbai - BMC",2026-08-23 11:00:00,19.060498,72.923356,CO,9.0,22.0,15.0,2026-08,2026,8
India,Maharashtra,Mumbai,"Shivaji Nagar, Mumbai - BMC",2026-08-23 11:00:00,19.060498,72.923356,OZONE,11.0,12.0,11.0,2026-08,2026,8
India,Maharashtra,Nagpur,"Opp GPO Civil Lines, Nagpur - MPCB",2026-08-23 11:00:00,21.152875,79.0517531,SO2,1.0,8.0,5.0,2026-08,2026,8
India,Maharashtra,Nagpur,"Opp GPO Civil Lines, Nagpur - MPCB",2026-08-23 11:00:00,21.152875,79.0517531,OZONE,5.0,7.0,7.0,2026-08,2026,8
India,Maharashtra,Nagpur,"Ambazari, Nagpur - MPCB",2026-08-23 11:00:00,21.121801,79.04952,PM10,33.0,52.0,43.0,2026-08,2026,8
India,Maharashtra,Nanded,"Sneh Nagar, Nanded - MPCB",2026-08-23 11:00:00,19.173852,77.296291,NH3,1.0,3.0,2.0,2026-08,2026,8
India,Maharashtra,Nanded,"Sneh Nagar, Nanded - MPCB",2026-08-23 11:00:00,19.173852,77.296291,SO2,12.0,26.0,20.0,2026-08,2026,8
India,Maharashtra,Nanded,"Sneh Nagar, Nanded - MPCB",2026-08-23 11:00:00,19.173852,77.296291,CO,17.0,26.0,22.0,2026-08,2026,8
India,Maharashtra,Nashik,"Gangapur Road, Nashik - MPCB",2026-08-23 11:00:00,20.0073285,73.7762427,OZONE,19.0,20.0,19.0,2026-08,2026,8
India,Maharashtra,Nashik,"Pandav Nagari, Nashik - MPCB",2026-08-23 11:00:00,19.9591346,73.7788008,NO2,3.0,7.0,4.0,2026-08,2026,8
India,Maharashtra,Nashik,"Pandav Nagari, Nashik - MPCB",2026-08-23 11:00:00,19.9591346,73.7788008,CO,11.0,17.0,14.0,2026-08,2026,8
India,Maharashtra,Nashik,"Hirawadi, Nashik - MPCB",2026-08-23 11:00:00,20.021503,73.813844,CO,31.0,38.0,35.0,2026-08,2026,8
India,Maharashtra,Nashik,"MIDC Ambad, Nashik - MPCB",2026-08-23 11:00:00,19.95022,73.73148,PM10,17.0,30.0,24.0,2026-08,2026,8
India,Maharashtra,Nashik,"MIDC Ambad, Nashik - MPCB",2026-08-23 11:00:00,19.95022,73.73148,SO2,0.0,4.0,2.0,2026-08,2026,8
India,Maharashtra,Nashik,"MIDC Ambad, Nashik - MPCB",2026-08-23 11:00:00,19.95022,73.73148,CO,18.0,23.0,21.0,2026-08,2026,8
India,Maharashtra,Navi Mumbai,"Kopripada-Vashi, Navi Mumbai - MPCB",2026-08-23 11:00:00,19.090337,73.014232,PM2.5,10.0,31.0,18.0,2026-08,2026,8
India,Maharashtra,Navi Mumbai,"Kopripada-Vashi, Navi Mumbai - MPCB",2026-08-23 11:00:00,19.090337,73.014232,CO,21.0,33.0,26.0,2026-08,2026,8
India,Maharashtra,Mumbai,"Sewri, Mumbai - BMC",2026-08-23 11:00:00,19.000084,72.85673,SO2,12.0,26.0,20.0,2026-08,2026,8
India,Maharashtra,Mumbai,"Sewri, Mumbai - BMC",2026-08-23 11:00:00,19.000084,72.85673,OZONE,8.0,12.0,10.0,2026-08,2026,8
India,Maharashtra,Mumbai,"Khindipada-Bhandup West, Mumbai - IITM",2026-08-23 11:00:00,19.1653323,72.922099,NO2,10.0,13.0,11.0,2026-08,2026,8
India,Maharashtra,Mumbai,"Khindipada-Bhandup West, Mumbai - IITM",2026-08-23 11:00:00,19.1653323,72.922099,NH3,1.0,2.0,1.0,2026-08,2026,8
India,Maharashtra,Mumbai,"Khindipada-Bhandup West, Mumbai - IITM",2026-08-23 11:00:00,19.1653323,72.922099,SO2,3.0,10.0,7.0,2026-08,2026,8
India,Maharashtra,Mumbai,"Borivali East, Mumbai - IITM",2026-08-23 11:00:00,19.23241,72.86895,SO2,12.0,26.0,20.0,2026-08,2026,8
India,Maharashtra,Mumbai,"Chakala-Andheri East, Mumbai - IITM",2026-08-23 11:00:00,19.11074,72.86084,PM2.5,8.0,39.0,20.0,2026-08,2026,8
India,Maharashtra,Mumbai,"Bandra Kurla Complex, Mumbai - IITM",2026-08-23 11:00:00,19.053536,72.84643,CO,10.0,19.0,14.0,2026-08,2026,8
India,Maharashtra,Mumbai,"Kurla, Mumbai - MPCB",2026-08-23 11:00:00,19.0863,72.8888,NO2,9.0,9.0,9.0,2026-08,2026,8
India,Maharashtra,Mumbai,"Kurla, Mumbai - MPCB",2026-08-23 11:00:00,19.0863,72.8888,SO2,29.0,29.0,29.0,2026-08,2026,8
India,Maharashtra,Mumbai,"Ghatkopar, Mumbai - BMC",2026-08-23 11:00:00,19.083694,72.920967,NO2,4.0,7.0,5.0,2026-08,2026,8
India,Maharashtra,Mumbai,"Ghatkopar, Mumbai - BMC",2026-08-23 11:00:00,19.083694,72.920967,NH3,4.0,6.0,4.0,2026-08,2026,8
India,Maharashtra,Mumbai,"Deonar, Mumbai - IITM",2026-08-23 11:00:00,19.04946,72.923,PM10,21.0,85.0,45.0,2026-08,2026,8
India,Maharashtra,Mumbai,"Deonar, Mumbai - IITM",2026-08-23 11:00:00,19.04946,72.923,SO2,2.0,4.0,3.0,2026-08,2026,8
India,Maharashtra,Mumbai,"Deonar, Mumbai - IITM",2026-08-23 11:00:00,19.04946,72.923,OZONE,7.0,7.0,7.0,2026-08,2026,8
India,Maharashtra,Nagpur,"Mahal, Nagpur - MPCB",2026-08-23 11:00:00,21.14472,79.107595,OZONE,3.0,8.0,4.0,2026-08,2026,8
India,Maharashtra,Mumbai,"Siddharth Nagar-Worli, Mumbai - IITM",2026-08-23 11:00:00,19.000083,72.813993,PM10,30.0,46.0,38.0,2026-08,2026,8
India,Maharashtra,Mumbai,"Bandra Kurla Complex, Mumbai - MPCB",2026-08-23 11:00:00,19.065931,72.862131,NO2,6.0,7.0,6.0,2026-08,2026,8
India,Maharashtra,Mumbai,"Bandra Kurla Complex, Mumbai - MPCB",2026-08-23 11:00:00,19.065931,72.862131,NH3,7.0,7.0,7.0,2026-08,2026,8
India,Maharashtra,Mumbai,"Kherwadi_Bandra East, Mumbai - MPCB",2026-08-23 11:00:00,19.0632143,72.8456324,NO2,3.0,7.0,5.0,2026-08,2026,8
India,Maharashtra,Mumbai,"Kherwadi_Bandra East, Mumbai - MPCB",2026-08-23 11:00:00,19.0632143,72.8456324,NH3,5.0,5.0,5.0,2026-08,2026,8
India,Maharashtra,Mumbai,"Kherwadi_Bandra East, Mumbai - MPCB",2026-08-23 11:00:00,19.0632143,72.8456324,OZONE,11.0,15.0,13.0,2026-08,2026,8
India,Maharashtra,Mumbai,"Byculla, Mumbai - BMC",2026-08-23 11:00:00,18.9767,72.838,PM10,22.0,42.0,28.0,2026-08,2026,8
India,Maharashtra,Mumbai,"Byculla, Mumbai - BMC",2026-08-23 11:00:00,18.9767,72.838,NH3,1.0,2.0,2.0,2026-08,2026,8
India,Maharashtra,Mumbai,"Mindspace-Malad West, Mumbai - MPCB",2026-08-23 11:00:00,19.1878657,72.8304069,NH3,7.0,8.0,8.0,2026-08,2026,8
India,Maharashtra,Mumbai,"Worli, Mumbai - MPCB",2026-08-23 11:00:00,18.9936162,72.8128113,OZONE,6.0,9.0,8.0,2026-08,2026,8
India,Maharashtra,Mumbai,"Navy Nagar-Colaba, Mumbai - IITM",2026-08-23 11:00:00,18.897756,72.81332,NO2,23.0,72.0,41.0,2026-08,2026,8
India,Maharashtra,Mumbai,"Mulund West, Mumbai - MPCB",2026-08-23 11:00:00,19.175,72.9419,PM10,12.0,26.0,20.0,2026-08,2026,8
India,Maharashtra,Mumbai,"Chembur, Mumbai - MPCB",2026-08-23 11:00:00,19.0364585,72.8954371,PM2.5,10.0,23.0,16.0,2026-08,2026,8
India,Maharashtra,Mumbai,"Chembur, Mumbai - MPCB",2026-08-23 11:00:00,19.0364585,72.8954371,NO2,6.0,18.0,10.0,2026-08,2026,8
India,Maharashtra,Badlapur,"Katrap, Badlapur - MPCB",2026-08-23 11:00:00,19.16485,73.23409,PM10,15.0,17.0,15.0,2026-08,2026,8
India,Maharashtra,Beed,"Bir, Beed - MPCB",2026-08-23 11:00:00,18.988474,75.753873,SO2,5.0,9.0,7.0,2026-08,2026,8
India,Maharashtra,Beed,"Bir, Beed - MPCB",2026-08-23 11:00:00,18.988474,75.753873,CO,6.0,14.0,11.0,2026-08,2026,8
India,Maharashtra,Belapur,"CBD Belapur, Belapur - MPCB",2026-08-23 11:00:00,19.0243902,73.0406721,PM10,25.0,65.0,42.0,2026-08,2026,8
India,Maharashtra,Belapur,"CBD Belapur, Belapur - MPCB",2026-08-23 11:00:00,19.0243902,73.0406721,SO2,12.0,26.0,20.0,2026-08,2026,8
India,Maharashtra,Belapur,"CBD Belapur, Belapur - MPCB",2026-08-23 11:00:00,19.0243902,73.0406721,CO,14.0,30.0,22.0,2026-08,2026,8
India,Maharashtra,Belapur,"CBD Belapur, Belapur - MPCB",2026-08-23 11:00:00,19.0243902,73.0406721,OZONE,9.0,11.0,10.0,2026-08,2026,8
India,Maharashtra,Bhiwandi,"Gokul Nagar, Bhiwandi - MPCB",2026-08-23 11:00:00,19.309073,73.057223,NO2,5.0,15.0,6.0,2026-08,2026,8
India,Maharashtra,Boisar,"Khaira, Boisar - MPCB",2026-08-23 11:00:00,19.786089,72.757971,NO2,21.0,23.0,22.0,2026-08,2026,8
India,Maharashtra,Chandrapur,"Chauhan Colony, Chandrapur - MPCB",2026-08-23 11:00:00,19.9629,79.298714,PM10,17.0,57.0,33.0,2026-08,2026,8
India,Maharashtra,Chandrapur,"Chauhan Colony, Chandrapur - MPCB",2026-08-23 11:00:00,19.9629,79.298714,NO2,12.0,14.0,13.0,2026-08,2026,8
India,Maharashtra,Dhule,"Deopur, Dhule - MPCB",2026-08-23 11:00:00,20.918946,74.776388,PM2.5,16.0,49.0,26.0,2026-08,2026,8
India,Maharashtra,Dhule,"Deopur, Dhule - MPCB",2026-08-23 11:00:00,20.918946,74.776388,CO,2.0,10.0,7.0,2026-08,2026,8
India,Maharashtra,Dhule,"Deopur, Dhule - MPCB",2026-08-23 11:00:00,20.918946,74.776388,OZONE,9.0,11.0,11.0,2026-08,2026,8
India,Maharashtra,Navi Mumbai,"Tondare-Taloja, Navi Mumbai - MPCB",2026-08-23 11:00:00,19.063,73.1209,CO,39.0,46.0,43.0,2026-08,2026,8
India,Maharashtra,Navi Mumbai,"Sanpada, Navi Mumbai - MPCB",2026-08-23 11:00:00,19.0575752,73.0151367,PM10,20.0,50.0,34.0,2026-08,2026,8
India,Maharashtra,Navi Mumbai,"Sanpada, Navi Mumbai - MPCB",2026-08-23 11:00:00,19.0575752,73.0151367,NO2,3.0,12.0,5.0,2026-08,2026,8
India,Maharashtra,Navi Mumbai,"Sector-2E Kalamboli, Navi Mumbai - MPCB",2026-08-23 11:00:00,19.02579,73.10297,PM2.5,16.0,31.0,24.0,2026-08,2026,8
India,Maharashtra,Navi Mumbai,"Sector-2E Kalamboli, Navi Mumbai - MPCB",2026-08-23 11:00:00,19.02579,73.10297,NH3,6.0,16.0,9.0,2026-08,2026,8
India,Maharashtra,Navi Mumbai,"Sector-2E Kalamboli, Navi Mumbai - MPCB",2026-08-23 11:00:00,19.02579,73.10297,CO,13.0,18.0,16.0,2026-08,2026,8
India,Maharashtra,Parbhani,"Masoom Colony, Parbhani - MPCB",2026-08-23 11:00:00,19.265594,76.761463,NO2,4.0,6.0,5.0,2026-08,2026,8
India,Maharashtra,Parbhani,"Masoom Colony, Parbhani - MPCB",2026-08-23 11:00:00,19.265594,76.761463,NH3,0.0,1.0,0.0,2026-08,2026,8
India,Maharashtra,Pimpri-Chinchwad,"Bhosari, Pune - IITM",2026-08-23 11:00:00,18.640051,73.848956,NH3,12.0,26.0,20.0,2026-08,2026,8
India,Maharashtra,Pimpri-Chinchwad,"Bhosari, Pune - IITM",2026-08-23 11:00:00,18.640051,73.848956,SO2,12.0,26.0,20.0,2026-08,2026,8
India,Maharashtra,Pimpri-Chinchwad,"Bhosari, Pune - IITM",2026-08-23 11:00:00,18.640051,73.848956,OZONE,8.0,17.0,11.0,2026-08,2026,8
India,Maharashtra,Pimpri-Chinchwad,"Thergaon, Pimpri Chinchwad - MPCB",2026-08-23 11:00:00,18.616318,73.765797,NO2,12.0,26.0,20.0,2026-08,2026,8
India,Maharashtra,Pimpri-Chinchwad,"Thergaon, Pimpri Chinchwad - MPCB",2026-08-23 11:00:00,18.616318,73.765797,CO,14.0,45.0,29.0,2026-08,2026,8
India,Maharashtra,Solapur,"Ratandeep Housing Society, Solapur - MPCB",2026-08-23 11:00:00,17.65439,75.90649,NO2,6.0,29.0,14.0,2026-08,2026,8
India,Maharashtra,Solapur,"Ratandeep Housing Society, Solapur - MPCB",2026-08-23 11:00:00,17.65439,75.90649,CO,12.0,23.0,17.0,2026-08,2026,8
India,Maharashtra,Solapur,"Ratandeep Housing Society, Solapur - MPCB",2026-08-23 11:00:00,17.65439,75.90649,OZONE,7.0,19.0,11.0,2026-08,2026,8
India,Maharashtra,Thane,"Upvan Fort, Thane - MPCB",2026-08-23 11:00:00,19.222279,72.957979,NH3,1.0,4.0,1.0,2026-08,2026,8
India,Maharashtra,Thane,"Upvan Fort, Thane - MPCB",2026-08-23 11:00:00,19.222279,72.957979,CO,6.0,20.0,11.0,2026-08,2026,8
India,Maharashtra,Sangli,"Vijay Nagar, Sangli - MPCB",2026-08-23 11:00:00,16.5038,74.3623,PM10,18.0,34.0,26.0,2026-08,2026,8
India,Maharashtra,Sangli,"Vijay Nagar, Sangli - MPCB",2026-08-23 11:00:00,16.5038,74.3623,NO2,2.0,10.0,4.0,2026-08,2026,8
India,Maharashtra,Satara,"Koyana Nagar, Satara - MPCB",2026-08-23 11:00:00,17.696651,74.003387,PM10,20.0,114.0,68.0,2026-08,2026,8
India,Maharashtra,Solapur,"Dnyaneshwar Nagar, Solapur - MPCB",2026-08-23 11:00:00,17.6336264,75.9132495,SO2,0.0,5.0,2.0,2026-08,2026,8
India,Rajasthan,Hanumangarh,"Housing Board, Hanumangarh - RSPCB",2026-08-23 11:00:00,29.61075,74.283608,PM10,42.0,72.0,57.0,2026-08,2026,8
India,Rajasthan,Hanumangarh,"Housing Board, Hanumangarh - RSPCB",2026-08-23 11:00:00,29.61075,74.283608,NH3,7.0,7.0,7.0,2026-08,2026,8
India,Rajasthan,Jaipur,"Mansarovar Sector-12, Jaipur - RSPCB",2026-08-23 11:00:00,26.843698,75.766894,NO2,1.0,35.0,15.0,2026-08,2026,8
India,Rajasthan,Jaipur,"Mansarovar Sector-12, Jaipur - RSPCB",2026-08-23 11:00:00,26.843698,75.766894,SO2,1.0,2.0,1.0,2026-08,2026,8
India,Rajasthan,Jaipur,"Sector-2 Murlipura, Jaipur - RSPCB",2026-08-23 11:00:00,26.960669,75.771817,NH3,3.0,11.0,6.0,2026-08,2026,8
India,Rajasthan,Jaipur,"Sector-2 Murlipura, Jaipur - RSPCB",2026-08-23 11:00:00,26.960669,75.771817,SO2,12.0,26.0,20.0,2026-08,2026,8
India,Rajasthan,Jaipur,"Police Commissionerate, Jaipur - RSPCB",2026-08-23 11:00:00,26.9164092,75.7994901,NO2,35.0,59.0,51.0,2026-08,2026,8
India,Rajasthan,Jaipur,"Police Commissionerate, Jaipur - RSPCB",2026-08-23 11:00:00,26.9164092,75.7994901,SO2,6.0,21.0,15.0,2026-08,2026,8
India,Rajasthan,Jaipur,"RIICO Sitapura, Jaipur - RSPCB",2026-08-23 11:00:00,26.786682,75.827928,PM10,62.0,145.0,97.0,2026-08,2026,8
India,Rajasthan,Jaipur,"RIICO Sitapura, Jaipur - RSPCB",2026-08-23 11:00:00,26.786682,75.827928,CO,12.0,25.0,19.0,2026-08,2026,8
India,Rajasthan,Jaipur,"Shastri Nagar, Jaipur - RSPCB",2026-08-23 11:00:00,26.9502929,75.730943,PM2.5,60.0,98.0,79.0,2026-08,2026,8
India,Rajasthan,Jaipur,"Shastri Nagar, Jaipur - RSPCB",2026-08-23 11:00:00,26.9502929,75.730943,PM10,81.0,118.0,98.0,2026-08,2026,8
India,Rajasthan,Jaipur,"Shastri Nagar, Jaipur - RSPCB",2026-08-23 11:00:00,26.9502929,75.730943,SO2,4.0,30.0,21.0,2026-08,2026,8
India,Rajasthan,Jaipur,"Adarsh Nagar, Jaipur - RSPCB",2026-08-23 11:00:00,26.902909,75.836858,PM10,69.0,99.0,83.0,2026-08,2026,8
India,Rajasthan,Jaipur,"Adarsh Nagar, Jaipur - RSPCB",2026-08-23 11:00:00,26.902909,75.836858,NH3,4.0,6.0,5.0,2026-08,2026,8
India,Rajasthan,Jaipur,"Adarsh Nagar, Jaipur - RSPCB",2026-08-23 11:00:00,26.902909,75.836858,SO2,6.0,36.0,22.0,2026-08,2026,8
India,Rajasthan,Jaipur,"Adarsh Nagar, Jaipur - RSPCB",2026-08-23 11:00:00,26.902909,75.836858,OZONE,18.0,27.0,23.0,2026-08,2026,8
India,Rajasthan,Jalore,"Mudtra Sili, Jalore - RSPCB",2026-08-23 11:00:00,25.344694,72.626208,NH3,2.0,4.0,3.0,2026-08,2026,8
India,Rajasthan,Bhiwadi,"RIICO Ind. Area III, Bhiwadi - RSPCB",2026-08-23 11:00:00,28.194909,76.862296,NO2,29.0,73.0,48.0,2026-08,2026,8
India,Rajasthan,Bikaner,"MM Ground, Bikaner - RSPCB",2026-08-23 11:00:00,28.018792,73.292658,NO2,3.0,25.0,9.0,2026-08,2026,8
India,Rajasthan,Bikaner,"MM Ground, Bikaner - RSPCB",2026-08-23 11:00:00,28.018792,73.292658,NH3,3.0,7.0,4.0,2026-08,2026,8
India,Rajasthan,Bundi,"New Colony, Bundi - RSPCB",2026-08-23 11:00:00,25.435774,75.644272,SO2,3.0,7.0,6.0,2026-08,2026,8
India,Rajasthan,Chittorgarh,"Shastri Nagar, Chittorgarh - RSPCB",2026-08-23 11:00:00,24.892047,74.623527,NO2,7.0,43.0,15.0,2026-08,2026,8
India,Rajasthan,Churu,"Subash Chowk, Churu - RSPCB",2026-08-23 11:00:00,28.296139,74.961696,SO2,3.0,6.0,4.0,2026-08,2026,8
India,Rajasthan,Churu,"Subash Chowk, Churu - RSPCB",2026-08-23 11:00:00,28.296139,74.961696,OZONE,28.0,30.0,29.0,2026-08,2026,8
India,Rajasthan,Dausa,"Khatikan Mohalla, Dausa - RSPCB",2026-08-23 11:00:00,26.895552,76.334753,NO2,7.0,45.0,21.0,2026-08,2026,8
India,Rajasthan,Dholpur,"Raja Ganj, Dholpur - RSPCB",2026-08-23 11:00:00,26.699557,77.898881,PM2.5,18.0,48.0,28.0,2026-08,2026,8
India,Rajasthan,Dholpur,"Raja Ganj, Dholpur - RSPCB",2026-08-23 11:00:00,26.699557,77.898881,NO2,5.0,18.0,8.0,2026-08,2026,8
India,Rajasthan,Dungarpur,"Bhoiwada, Dungarpur - RSPCB",2026-08-23 11:00:00,23.837789,73.714926,PM10,22.0,47.0,33.0,2026-08,2026,8
India,Rajasthan,Dungarpur,"Bhoiwada, Dungarpur - RSPCB",2026-08-23 11:00:00,23.837789,73.714926,SO2,4.0,5.0,4.0,2026-08,2026,8
India,Meghalaya,Shillong,"JN Stadium, Shillong - Meghalaya PCB",2026-08-23 11:00:00,25.5803419,91.8942571,OZONE,53.0,61.0,58.0,2026-08,2026,8
India,Meghalaya,Shillong,"Lumpyngngad, Shillong - Meghalaya PCB",2026-08-23 11:00:00,25.5586,91.8985,CO,8.0,10.0,9.0,2026-08,2026,8
India,Nagaland,Kohima,"PWD Junction, Kohima - NPCB",2026-08-23 11:00:00,25.6635413,94.0989878,NH3,0.0,1.0,1.0,2026-08,2026,8
India,Odisha,Angul,"Hakimapada, Angul - OSPCB",2026-08-23 11:00:00,20.832874,85.104082,PM2.5,2.0,55.0,16.0,2026-08,2026,8
India,Odisha,Angul,"Hakimapada, Angul - OSPCB",2026-08-23 11:00:00,20.832874,85.104082,SO2,1.0,24.0,8.0,2026-08,2026,8
India,Odisha,Angul,"Hakimapada, Angul - OSPCB",2026-08-23 11:00:00,20.832874,85.104082,OZONE,28.0,31.0,30.0,2026-08,2026,8
India,Odisha,Balasore,"Kalidaspur, Balasore - OSPCB",2026-08-23 11:00:00,21.51161,86.89088,PM2.5,5.0,63.0,40.0,2026-08,2026,8
India,Odisha,Balasore,"Kalidaspur, Balasore - OSPCB",2026-08-23 11:00:00,21.51161,86.89088,PM10,7.0,115.0,48.0,2026-08,2026,8
India,Odisha,Barbil,"Forest Office, Barbil - OSPCB",2026-08-23 11:00:00,22.1166054,85.3945546,PM10,55.0,131.0,84.0,2026-08,2026,8
India,Odisha,Barbil,"Forest Office, Barbil - OSPCB",2026-08-23 11:00:00,22.1166054,85.3945546,NO2,2.0,8.0,4.0,2026-08,2026,8
India,Odisha,Barbil,"Forest Office, Barbil - OSPCB",2026-08-23 11:00:00,22.1166054,85.3945546,SO2,9.0,27.0,16.0,2026-08,2026,8
India,Rajasthan,Jhalawar,"Rajlaxmi Nagar, Jhalawar - RSPCB",2026-08-23 11:00:00,24.588397,76.172782,SO2,6.0,12.0,8.0,2026-08,2026,8
India,Rajasthan,Jhunjhunu,"Indra Nagar, Jhunjhunu - RSPCB",2026-08-23 11:00:00,28.108988,75.386577,PM10,59.0,99.0,77.0,2026-08,2026,8
India,Rajasthan,Jhunjhunu,"Indra Nagar, Jhunjhunu - RSPCB",2026-08-23 11:00:00,28.108988,75.386577,SO2,4.0,5.0,4.0,2026-08,2026,8
India,Rajasthan,Jhunjhunu,"Indra Nagar, Jhunjhunu - RSPCB",2026-08-23 11:00:00,28.108988,75.386577,OZONE,21.0,44.0,28.0,2026-08,2026,8
India,Rajasthan,Jodhpur,"Digari Kalan, Jodhpur - RSPCB",2026-08-23 11:00:00,26.29581,73.082283,NH3,4.0,6.0,5.0,2026-08,2026,8
India,Rajasthan,Jodhpur,"Digari Kalan, Jodhpur - RSPCB",2026-08-23 11:00:00,26.29581,73.082283,SO2,7.0,10.0,8.0,2026-08,2026,8
India,Rajasthan,Jodhpur,"Jhalamand, Jodhpur - RSPCB",2026-08-23 11:00:00,26.215415,73.070156,SO2,4.0,7.0,5.0,2026-08,2026,8
India,Rajasthan,Jodhpur,"Mandor, Jodhpur - RSPCB",2026-08-23 11:00:00,26.358805,73.047444,NO2,3.0,11.0,6.0,2026-08,2026,8
India,Rajasthan,Jodhpur,"Collectorate, Jodhpur - RSPCB",2026-08-23 11:00:00,26.268249,73.0193853,PM10,45.0,98.0,67.0,2026-08,2026,8
India,Rajasthan,Jodhpur,"Collectorate, Jodhpur - RSPCB",2026-08-23 11:00:00,26.268249,73.0193853,NO2,17.0,37.0,24.0,2026-08,2026,8
India,Rajasthan,Jodhpur,"Samrat Ashok Udhyan, Jodhpur - RSPCB",2026-08-23 11:00:00,26.253384,72.976571,PM10,63.0,124.0,80.0,2026-08,2026,8
India,Odisha,Rairangpur,"Divisional Forest Office, Rairangpur - OSPCB",2026-08-23 11:00:00,22.265816,86.174829,CO,12.0,33.0,19.0,2026-08,2026,8
India,Odisha,Rourkela,"Sector-2, Rourkela - OSPCB",2026-08-23 11:00:00,22.245,84.88111111,PM10,32.0,32.0,32.0,2026-08,2026,8
India,Odisha,Rourkela,"Sector-2, Rourkela - OSPCB",2026-08-23 11:00:00,22.245,84.88111111,NO2,11.0,11.0,11.0,2026-08,2026,8
India,Odisha,Rourkela,"Sector-2, Rourkela - OSPCB",2026-08-23 11:00:00,22.245,84.88111111,NH3,12.0,26.0,20.0,2026-08,2026,8
India,Odisha,Rourkela,"Sector-2, Rourkela - OSPCB",2026-08-23 11:00:00,22.245,84.88111111,SO2,12.0,26.0,20.0,2026-08,2026,8
India,Odisha,Rourkela,"Raghunathpali, Rourkela - OSPCB",2026-08-23 11:00:00,22.220833,84.809444,PM2.5,38.0,101.0,67.0,2026-08,2026,8
India,Odisha,Rourkela,"Raghunathpali, Rourkela - OSPCB",2026-08-23 11:00:00,22.220833,84.809444,NO2,13.0,13.0,13.0,2026-08,2026,8
India,Odisha,Rourkela,"Fertilizer Township, Rourkela - OSPCB",2026-08-23 11:00:00,22.18972222,84.86277778,PM2.5,12.0,26.0,20.0,2026-08,2026,8
India,Odisha,Talcher,"Talcher Coalfields,Talcher - OSPCB",2026-08-23 11:00:00,20.9360711,85.1707021,SO2,38.0,47.0,44.0,2026-08,2026,8
India,Odisha,Talcher,"Talcher Coalfields,Talcher - OSPCB",2026-08-23 11:00:00,20.9360711,85.1707021,OZONE,16.0,18.0,17.0,2026-08,2026,8
India,Puducherry,Puducherry,"Jawahar Nagar, Puducherry - PPCC",2026-08-23 11:00:00,11.9309,79.8027,PM10,23.0,69.0,40.0,2026-08,2026,8
India,Puducherry,Puducherry,"Jawahar Nagar, Puducherry - PPCC",2026-08-23 11:00:00,11.9309,79.8027,NH3,2.0,6.0,3.0,2026-08,2026,8
India,Puducherry,Puducherry,"Jawahar Nagar, Puducherry - PPCC",2026-08-23 11:00:00,11.9309,79.8027,OZONE,12.0,50.0,25.0,2026-08,2026,8
India,Punjab,Bathinda,"Hardev Nagar, Bathinda - PPCB",2026-08-23 11:00:00,30.233011,74.907758,CO,14.0,26.0,19.0,2026-08,2026,8
India,Punjab,Jalandhar,"Civil Line, Jalandhar - PPCB",2026-08-23 11:00:00,31.321907,75.578914,CO,66.0,99.0,85.0,2026-08,2026,8
India,Punjab,Mandi Gobindgarh,"RIMT University, Mandi Gobindgarh - PPCB",2026-08-23 11:00:00,30.649961,76.331442,PM10,75.0,195.0,161.0,2026-08,2026,8
India,Punjab,Mandi Gobindgarh,"RIMT University, Mandi Gobindgarh - PPCB",2026-08-23 11:00:00,30.649961,76.331442,NO2,24.0,25.0,25.0,2026-08,2026,8
India,Punjab,Mandi Gobindgarh,"RIMT University, Mandi Gobindgarh - PPCB",2026-08-23 11:00:00,30.649961,76.331442,OZONE,28.0,37.0,31.0,2026-08,2026,8
India,Punjab,Patiala,"Model Town, Patiala - PPCB",2026-08-23 11:00:00,30.349388,76.366642,PM2.5,15.0,35.0,26.0,2026-08,2026,8
India,Punjab,Patiala,"Model Town, Patiala - PPCB",2026-08-23 11:00:00,30.349388,76.366642,SO2,3.0,29.0,13.0,2026-08,2026,8
India,Odisha,Baripada,"Meher Colony, Baripada - OSPCB",2026-08-23 11:00:00,21.941841,86.728318,NH3,0.0,4.0,3.0,2026-08,2026,8
India,Odisha,Baripada,"Meher Colony, Baripada - OSPCB",2026-08-23 11:00:00,21.941841,86.728318,OZONE,26.0,53.0,37.0,2026-08,2026,8
India,Odisha,Bhubaneswar,"Patia, Bhubaneswar - OSPCB",2026-08-23 11:00:00,20.34652,85.8163,PM10,10.0,89.0,40.0,2026-08,2026,8
India,Odisha,Bhubaneswar,"Patia, Bhubaneswar - OSPCB",2026-08-23 11:00:00,20.34652,85.8163,NO2,6.0,20.0,11.0,2026-08,2026,8
India,Odisha,Bhubaneswar,"Patia, Bhubaneswar - OSPCB",2026-08-23 11:00:00,20.34652,85.8163,NH3,3.0,9.0,5.0,2026-08,2026,8
India,Odisha,Bhubaneswar,"Patia, Bhubaneswar - OSPCB",2026-08-23 11:00:00,20.34652,85.8163,SO2,6.0,18.0,9.0,2026-08,2026,8
India,Odisha,Bhubaneswar,"Lingraj Mandir, Bhubaneswar - OSPCB",2026-08-23 11:00:00,20.24079,85.836784,PM10,16.0,141.0,52.0,2026-08,2026,8
India,Odisha,Bhubaneswar,"Lingraj Mandir, Bhubaneswar - OSPCB",2026-08-23 11:00:00,20.24079,85.836784,CO,35.0,42.0,38.0,2026-08,2026,8
India,Odisha,Brajrajnagar,"GM Office, Brajrajnagar - OSPCB",2026-08-23 11:00:00,21.8004996,83.8396977,PM10,13.0,51.0,31.0,2026-08,2026,8
India,Odisha,Cuttack,"CDA Area, Cuttack - OSPCB",2026-08-23 11:00:00,20.48891,85.84768,PM2.5,20.0,95.0,54.0,2026-08,2026,8
India,Rajasthan,Ajmer,"Civil Lines,  Ajmer - RSPCB",2026-08-23 11:00:00,26.470859,74.646594,NH3,5.0,6.0,6.0,2026-08,2026,8
India,Rajasthan,Alwar,"Moti Doongri, Alwar - RSPCB",2026-08-23 11:00:00,27.554793,76.611536,NO2,28.0,83.0,45.0,2026-08,2026,8
India,Rajasthan,Alwar,"Vigyan Nagar, Alwar - RSPCB",2026-08-23 11:00:00,27.598796,76.63861,NO2,9.0,14.0,10.0,2026-08,2026,8
India,Rajasthan,Bhilwara,"Pratap Nagar, Bhilwara - RSPCB",2026-08-23 11:00:00,25.339605,74.618883,NO2,16.0,24.0,19.0,2026-08,2026,8
India,Maharashtra,Thane,"Kasarvadavali, Thane - MPCB",2026-08-23 11:00:00,19.26777,72.97182,CO,26.0,35.0,30.0,2026-08,2026,8
India,Maharashtra,Thane,"Kasarvadavali, Thane - MPCB",2026-08-23 11:00:00,19.26777,72.97182,OZONE,5.0,12.0,8.0,2026-08,2026,8
India,Maharashtra,Ulhasnagar,"Sidhi Vinayak Nagar, Ulhasnagar - MPCB",2026-08-23 11:00:00,19.235581,73.159121,SO2,1.0,12.0,4.0,2026-08,2026,8
India,Maharashtra,Ulhasnagar,"Vithalwadi, Ulhasnagar - MPCB",2026-08-23 11:00:00,19.2307571,73.155192,PM2.5,10.0,35.0,21.0,2026-08,2026,8
India,Rajasthan,Sikar,"Radhakishan Pura, Sikar - RSPCB",2026-08-23 11:00:00,27.608912,75.153302,OZONE,19.0,31.0,24.0,2026-08,2026,8
India,Rajasthan,Sirohi,"Vedhaynath Colony, Sirohi - RSPCB",2026-08-23 11:00:00,24.885261,72.857549,CO,7.0,13.0,9.0,2026-08,2026,8
India,Rajasthan,Sirohi,"Vedhaynath Colony, Sirohi - RSPCB",2026-08-23 11:00:00,24.885261,72.857549,OZONE,16.0,37.0,26.0,2026-08,2026,8
India,Rajasthan,Sri Ganganagar,"Old City, Sri Ganganagar - RSPCB",2026-08-23 11:00:00,29.931624,73.864511,PM2.5,5.0,37.0,20.0,2026-08,2026,8
India,Rajasthan,Sri Ganganagar,"Old City, Sri Ganganagar - RSPCB",2026-08-23 11:00:00,29.931624,73.864511,PM10,58.0,159.0,99.0,2026-08,2026,8
India,Rajasthan,Sri Ganganagar,"Old City, Sri Ganganagar - RSPCB",2026-08-23 11:00:00,29.931624,73.864511,NO2,12.0,45.0,24.0,2026-08,2026,8
India,Rajasthan,Tonk,"Shastri Nagar, Tonk - RSPCB",2026-08-23 11:00:00,26.159933,75.780517,SO2,2.0,3.0,2.0,2026-08,2026,8
India,Rajasthan,Tonk,"Shastri Nagar, Tonk - RSPCB",2026-08-23 11:00:00,26.159933,75.780517,CO,33.0,47.0,42.0,2026-08,2026,8
India,Rajasthan,Tonk,"Shastri Nagar, Tonk - RSPCB",2026-08-23 11:00:00,26.159933,75.780517,OZONE,17.0,50.0,28.0,2026-08,2026,8
India,Rajasthan,Udaipur,"Ashok Nagar, Udaipur - RSPCB",2026-08-23 11:00:00,24.5886166,73.6321397,NO2,19.0,83.0,40.0,2026-08,2026,8
India,Sikkim,Gangtok,"Zero Point GICI, Gangtok - SSPCB",2026-08-23 11:00:00,27.33853,88.614099,PM10,12.0,26.0,20.0,2026-08,2026,8
India,Sikkim,Gangtok,"Zero Point GICI, Gangtok - SSPCB",2026-08-23 11:00:00,27.33853,88.614099,NH3,1.0,1.0,1.0,2026-08,2026,8
India,Sikkim,Gangtok,"Zero Point GICI, Gangtok - SSPCB",2026-08-23 11:00:00,27.33853,88.614099,OZONE,1.0,2.0,1.0,2026-08,2026,8
India,Tamil Nadu,Chennai,"Arumbakkam, Chennai - TNPCB",2026-08-23 11:00:00,13.0664,80.2112,PM2.5,20.0,52.0,34.0,2026-08,2026,8
India,Tamil Nadu,Chennai,"Arumbakkam, Chennai - TNPCB",2026-08-23 11:00:00,13.0664,80.2112,PM10,54.0,105.0,82.0,2026-08,2026,8
India,Tamil Nadu,Chennai,"Arumbakkam, Chennai - TNPCB",2026-08-23 11:00:00,13.0664,80.2112,NO2,13.0,25.0,18.0,2026-08,2026,8
India,Tamil Nadu,Chennai,"Arumbakkam, Chennai - TNPCB",2026-08-23 11:00:00,13.0664,80.2112,CO,12.0,26.0,20.0,2026-08,2026,8
India,Tamil Nadu,Chennai,"Velachery Res. Area, Chennai - CPCB",2026-08-23 11:00:00,13.0052189,80.2398125,PM2.5,54.0,54.0,54.0,2026-08,2026,8
India,Tamil Nadu,Chennai,"Velachery Res. Area, Chennai - CPCB",2026-08-23 11:00:00,13.0052189,80.2398125,OZONE,8.0,12.0,9.0,2026-08,2026,8
India,Tamil Nadu,Chennai,"Perungudi, Chennai - TNPCB",2026-08-23 11:00:00,12.9533,80.2357,CO,28.0,37.0,34.0,2026-08,2026,8
India,Uttar Pradesh,Ghaziabad,"Wave City, Ghaziabad - UPPCB",2026-08-23 11:00:00,28.646675,77.489049,SO2,1.0,4.0,3.0,2026-08,2026,8
India,Uttar Pradesh,Ghaziabad,"Loni, Ghaziabad - UPPCB",2026-08-23 11:00:00,28.757294,77.278792,NH3,2.0,10.0,4.0,2026-08,2026,8
India,Uttar Pradesh,Ghaziabad,"Loni, Ghaziabad - UPPCB",2026-08-23 11:00:00,28.757294,77.278792,OZONE,15.0,29.0,21.0,2026-08,2026,8
India,Uttar Pradesh,Ghaziabad,"Govindpuram, Ghaziabad - UPPCB",2026-08-23 11:00:00,28.694528,77.494705,PM2.5,14.0,56.0,32.0,2026-08,2026,8
India,Uttar Pradesh,Ghaziabad,"Govindpuram, Ghaziabad - UPPCB",2026-08-23 11:00:00,28.694528,77.494705,PM10,14.0,54.0,31.0,2026-08,2026,8
India,Uttar Pradesh,Gorakhpur,"Madan Mohan Malaviya University of Technology, Gorakhpur - UPPCB",2026-08-23 11:00:00,26.730136,83.433859,PM10,22.0,121.0,62.0,2026-08,2026,8
India,Uttar Pradesh,Gorakhpur,"Madan Mohan Malaviya University of Technology, Gorakhpur - UPPCB",2026-08-23 11:00:00,26.730136,83.433859,SO2,47.0,49.0,48.0,2026-08,2026,8
India,Uttar Pradesh,Gorakhpur,"Madan Mohan Malaviya University of Technology, Gorakhpur - UPPCB",2026-08-23 11:00:00,26.730136,83.433859,CO,6.0,6.0,6.0,2026-08,2026,8
India,Uttar Pradesh,Greater Noida,"Knowledge Park - V, Greater Noida - UPPCB",2026-08-23 11:00:00,28.557054,77.453663,CO,9.0,23.0,15.0,2026-08,2026,8
India,Uttar Pradesh,Greater Noida,"Knowledge Park - III, Greater Noida - UPPCB",2026-08-23 11:00:00,28.47272,77.482,PM10,10.0,144.0,62.0,2026-08,2026,8
India,Uttar Pradesh,Greater Noida,"Knowledge Park - III, Greater Noida - UPPCB",2026-08-23 11:00:00,28.47272,77.482,NH3,6.0,10.0,8.0,2026-08,2026,8
India,Uttar Pradesh,Jhansi,"Shivaji Nagar, Jhansi - UPPCB",2026-08-23 11:00:00,25.4547,78.6039,PM2.5,12.0,26.0,20.0,2026-08,2026,8
India,Uttar Pradesh,Jhansi,"Shivaji Nagar, Jhansi - UPPCB",2026-08-23 11:00:00,25.4547,78.6039,NO2,5.0,7.0,6.0,2026-08,2026,8
India,Uttar Pradesh,Jhansi,"Shivaji Nagar, Jhansi - UPPCB",2026-08-23 11:00:00,25.4547,78.6039,NH3,4.0,4.0,4.0,2026-08,2026,8
India,Uttar Pradesh,Jhansi,"Shivaji Nagar, Jhansi - UPPCB",2026-08-23 11:00:00,25.4547,78.6039,CO,6.0,11.0,9.0,2026-08,2026,8
India,Uttar Pradesh,Kanpur,"FTI Kidwai Nagar, Kanpur - UPPCB",2026-08-23 11:00:00,26.428282,80.327067,PM2.5,9.0,143.0,51.0,2026-08,2026,8
India,Uttar Pradesh,Kanpur,"NSI Kalyanpur, Kanpur - UPPCB",2026-08-23 11:00:00,26.509954,80.249612,PM10,29.0,70.0,51.0,2026-08,2026,8
India,Uttar Pradesh,Kanpur,"Nehru Nagar, Kanpur - UPPCB",2026-08-23 11:00:00,26.4703136,80.3229863,PM2.5,15.0,40.0,27.0,2026-08,2026,8
India,Uttar Pradesh,Bulandshahr,"Yamunapuram, Bulandshahr - UPPCB",2026-08-23 11:00:00,28.406963,77.849831,PM10,33.0,142.0,74.0,2026-08,2026,8
India,Uttar Pradesh,Bulandshahr,"Yamunapuram, Bulandshahr - UPPCB",2026-08-23 11:00:00,28.406963,77.849831,NH3,8.0,12.0,9.0,2026-08,2026,8
India,Uttar Pradesh,Bulandshahr,"Yamunapuram, Bulandshahr - UPPCB",2026-08-23 11:00:00,28.406963,77.849831,CO,24.0,32.0,28.0,2026-08,2026,8
India,Uttar Pradesh,Bulandshahr,"Yamunapuram, Bulandshahr - UPPCB",2026-08-23 11:00:00,28.406963,77.849831,OZONE,21.0,46.0,33.0,2026-08,2026,8
India,Uttar Pradesh,Fatehpur Sikri,"Dadupura, Fatehpur Sikri - UPPCB",2026-08-23 11:00:00,27.097694,77.671335,CO,10.0,14.0,12.0,2026-08,2026,8
India,Uttar Pradesh,Firozabad,"Nagla Bhau, Firozabad - UPPCB",2026-08-23 11:00:00,27.168897,78.37696,PM10,12.0,26.0,20.0,2026-08,2026,8
India,Uttar Pradesh,Firozabad,"Nagla Bhau, Firozabad - UPPCB",2026-08-23 11:00:00,27.168897,78.37696,NO2,14.0,19.0,17.0,2026-08,2026,8
India,Uttar Pradesh,Firozabad,"Vibhab Nagar, Firozabad - UPPCB",2026-08-23 11:00:00,27.1594,78.3953,NH3,6.0,7.0,7.0,2026-08,2026,8
India,Uttar Pradesh,Firozabad,"Vibhab Nagar, Firozabad - UPPCB",2026-08-23 11:00:00,27.1594,78.3953,CO,20.0,25.0,24.0,2026-08,2026,8
India,Uttar Pradesh,Gajraula,"Rajanpur, Gajraula - UPPCB",2026-08-23 11:00:00,28.829109,78.248796,PM2.5,15.0,68.0,43.0,2026-08,2026,8
India,Uttar Pradesh,Gajraula,"Rajanpur, Gajraula - UPPCB",2026-08-23 11:00:00,28.829109,78.248796,NH3,1.0,3.0,2.0,2026-08,2026,8
India,Uttar Pradesh,Gajraula,"Rajanpur, Gajraula - UPPCB",2026-08-23 11:00:00,28.829109,78.248796,CO,52.0,62.0,58.0,2026-08,2026,8
India,Uttar Pradesh,Ghaziabad,"Ved Vihar-Loni, Ghaziabad - UPPCB",2026-08-23 11:00:00,28.739153,77.273668,PM10,25.0,142.0,84.0,2026-08,2026,8
India,Uttar Pradesh,Ghaziabad,"Sanjay Nagar, Ghaziabad - UPPCB",2026-08-23 11:00:00,28.685382,77.453839,PM2.5,3.0,67.0,28.0,2026-08,2026,8
India,Uttar Pradesh,Ghaziabad,"Sanjay Nagar, Ghaziabad - UPPCB",2026-08-23 11:00:00,28.685382,77.453839,PM10,3.0,68.0,28.0,2026-08,2026,8
India,Uttar Pradesh,Ghaziabad,"Sanjay Nagar, Ghaziabad - UPPCB",2026-08-23 11:00:00,28.685382,77.453839,OZONE,23.0,30.0,26.0,2026-08,2026,8
India,Uttar Pradesh,Ghaziabad,"Vasundhara, Ghaziabad - UPPCB",2026-08-23 11:00:00,28.6603346,77.3572563,OZONE,24.0,49.0,37.0,2026-08,2026,8
India,Uttar Pradesh,Ghaziabad,"Wave City, Ghaziabad - UPPCB",2026-08-23 11:00:00,28.646675,77.489049,NO2,15.0,20.0,17.0,2026-08,2026,8
India,Tamil Nadu,Chennai,"Manali, Chennai - CPCB",2026-08-23 11:00:00,13.164544,80.26285,NH3,6.0,7.0,6.0,2026-08,2026,8
India,Tamil Nadu,Chennai,"Manali, Chennai - CPCB",2026-08-23 11:00:00,13.164544,80.26285,OZONE,9.0,10.0,9.0,2026-08,2026,8
India,Tamil Nadu,Chennai,"Royapuram, Chennai - TNPCB",2026-08-23 11:00:00,13.1036,80.2909,PM2.5,33.0,52.0,45.0,2026-08,2026,8
India,Tamil Nadu,Chennai,"Royapuram, Chennai - TNPCB",2026-08-23 11:00:00,13.1036,80.2909,CO,26.0,56.0,45.0,2026-08,2026,8
India,Tamil Nadu,Cuddalore,"Kudikadu, Cuddalore - TNPCB",2026-08-23 11:00:00,11.6829898,79.7532099,NH3,12.0,26.0,20.0,2026-08,2026,8
India,Tamil Nadu,Cuddalore,"Semmandalam, Cuddalore - TNPCB",2026-08-23 11:00:00,11.7637683,79.7499835,NO2,12.0,26.0,20.0,2026-08,2026,8
India,Tamil Nadu,Cuddalore,"Semmandalam, Cuddalore - TNPCB",2026-08-23 11:00:00,11.7637683,79.7499835,NH3,12.0,26.0,20.0,2026-08,2026,8
India,Tamil Nadu,Gummidipoondi,"Anthoni Pillai Nagar, Gummidipoondi - TNPCB",2026-08-23 11:00:00,13.4127,80.1081,PM2.5,30.0,186.0,83.0,2026-08,2026,8
India,Tamil Nadu,Gummidipoondi,"Anthoni Pillai Nagar, Gummidipoondi - TNPCB",2026-08-23 11:00:00,13.4127,80.1081,OZONE,12.0,26.0,20.0,2026-08,2026,8
India,Tamil Nadu,Thoothukudi,"Meelavittan, Thoothukudi - TNPCB",2026-08-23 11:00:00,8.816428,78.099039,SO2,1.0,19.0,11.0,2026-08,2026,8
India,Tamil Nadu,Thoothukudi,"Meelavittan, Thoothukudi - TNPCB",2026-08-23 11:00:00,8.816428,78.099039,CO,36.0,43.0,40.0,2026-08,2026,8
India,Telangana,Hyderabad,"Zoo Park, Hyderabad - TSPCB",2026-08-23 11:00:00,17.349694,78.451437,PM10,4.0,154.0,32.0,2026-08,2026,8
India,Telangana,Hyderabad,"Zoo Park, Hyderabad - TSPCB",2026-08-23 11:00:00,17.349694,78.451437,NO2,5.0,9.0,8.0,2026-08,2026,8
India,Telangana,Hyderabad,"Central University, Hyderabad - TSPCB",2026-08-23 11:00:00,17.460103,78.334361,NO2,3.0,39.0,17.0,2026-08,2026,8
India,Telangana,Hyderabad,"Nacharam_TSIIC IALA, Hyderabad - TSPCB",2026-08-23 11:00:00,17.429398,78.569354,PM2.5,12.0,26.0,20.0,2026-08,2026,8
India,Telangana,Hyderabad,"Nacharam_TSIIC IALA, Hyderabad - TSPCB",2026-08-23 11:00:00,17.429398,78.569354,OZONE,20.0,20.0,20.0,2026-08,2026,8
India,Telangana,Hyderabad,"New Malakpet, Hyderabad - TSPCB",2026-08-23 11:00:00,17.37206,78.50864,PM2.5,30.0,63.0,36.0,2026-08,2026,8
India,Rajasthan,Khairthal,"New Anaj Mandi, Khairthal - RSPCB",2026-08-23 11:00:00,27.8015617,76.6365217,OZONE,30.0,46.0,34.0,2026-08,2026,8
India,Rajasthan,Kota,"Nayapura, Kota - RSPCB",2026-08-23 11:00:00,25.196024,75.855668,CO,9.0,25.0,17.0,2026-08,2026,8
India,Rajasthan,Kota,"Shrinath Puram, Kota - RSPCB",2026-08-23 11:00:00,25.14389,75.821256,NH3,1.0,7.0,5.0,2026-08,2026,8
India,Rajasthan,Kota,"Shrinath Puram, Kota - RSPCB",2026-08-23 11:00:00,25.14389,75.821256,SO2,4.0,6.0,5.0,2026-08,2026,8
India,Rajasthan,Nagaur,"Karni Colony, Nagaur - RSPCB",2026-08-23 11:00:00,27.213494,73.734444,PM10,73.0,128.0,100.0,2026-08,2026,8
India,Rajasthan,Nagaur,"Karni Colony, Nagaur - RSPCB",2026-08-23 11:00:00,27.213494,73.734444,SO2,1.0,7.0,4.0,2026-08,2026,8
India,Rajasthan,Nagaur,"Karni Colony, Nagaur - RSPCB",2026-08-23 11:00:00,27.213494,73.734444,OZONE,14.0,30.0,20.0,2026-08,2026,8
India,Rajasthan,Pali,"Indira Colony Vistar, Pali - RSPCB",2026-08-23 11:00:00,25.771061,73.340227,NH3,3.0,10.0,6.0,2026-08,2026,8
India,Rajasthan,Pratapgarh,"Pragati Nagar, Pratapgarh - RSPCB",2026-08-23 11:00:00,24.041198,74.780702,PM2.5,37.0,87.0,60.0,2026-08,2026,8
India,Rajasthan,Pratapgarh,"Pragati Nagar, Pratapgarh - RSPCB",2026-08-23 11:00:00,24.041198,74.780702,PM10,73.0,123.0,91.0,2026-08,2026,8
India,Rajasthan,Pratapgarh,"Pragati Nagar, Pratapgarh - RSPCB",2026-08-23 11:00:00,24.041198,74.780702,SO2,1.0,4.0,2.0,2026-08,2026,8
India,Rajasthan,Sawai Madhopur,"Sahu Nagar, Sawai Madhopur - RSPCB",2026-08-23 11:00:00,26.031443,76.359327,SO2,4.0,10.0,6.0,2026-08,2026,8
India,Rajasthan,Sikar,"Radhakishan Pura, Sikar - RSPCB",2026-08-23 11:00:00,27.608912,75.153302,PM2.5,47.0,77.0,59.0,2026-08,2026,8
India,Uttar Pradesh,Mathura,"Pali Dungra, Mathura - UPPCB",2026-08-23 11:00:00,27.410954,77.550619,PM2.5,8.0,34.0,20.0,2026-08,2026,8
India,Uttar Pradesh,Mathura,"Pali Dungra, Mathura - UPPCB",2026-08-23 11:00:00,27.410954,77.550619,PM10,24.0,73.0,53.0,2026-08,2026,8
India,Uttar Pradesh,Mathura,"Pali Dungra, Mathura - UPPCB",2026-08-23 11:00:00,27.410954,77.550619,NO2,4.0,6.0,5.0,2026-08,2026,8
India,Uttar Pradesh,Mathura,"Pali Dungra, Mathura - UPPCB",2026-08-23 11:00:00,27.410954,77.550619,SO2,4.0,13.0,9.0,2026-08,2026,8
India,Uttar Pradesh,Mathura,"Pali Dungra, Mathura - UPPCB",2026-08-23 11:00:00,27.410954,77.550619,OZONE,4.0,7.0,7.0,2026-08,2026,8
India,Uttar Pradesh,Meerut,"Jai Bhim Nagar, Meerut - UPPCB",2026-08-23 11:00:00,28.9535882,77.7622941,PM10,5.0,47.0,26.0,2026-08,2026,8
India,Uttar Pradesh,Meerut,"Jai Bhim Nagar, Meerut - UPPCB",2026-08-23 11:00:00,28.9535882,77.7622941,CO,11.0,18.0,15.0,2026-08,2026,8
India,Uttar Pradesh,Meerut,"Jai Bhim Nagar, Meerut - UPPCB",2026-08-23 11:00:00,28.9535882,77.7622941,OZONE,17.0,64.0,42.0,2026-08,2026,8
India,Uttar Pradesh,Meerut,"MIET College, Meerut - UPPCB",2026-08-23 11:00:00,28.972677,77.641018,PM10,12.0,26.0,20.0,2026-08,2026,8
India,Uttar Pradesh,Meerut,"Pallavpuram Phase 2, Meerut - UPPCB",2026-08-23 11:00:00,29.06351,77.709723,PM2.5,13.0,85.0,51.0,2026-08,2026,8
India,Uttar Pradesh,Moradabad,"Eco Herbal Park, Moradabad - UPPCB",2026-08-23 11:00:00,28.840739,78.697531,PM2.5,5.0,54.0,31.0,2026-08,2026,8
India,Uttar Pradesh,Moradabad,"Eco Herbal Park, Moradabad - UPPCB",2026-08-23 11:00:00,28.840739,78.697531,NH3,6.0,8.0,7.0,2026-08,2026,8
India,Uttar Pradesh,Moradabad,"Buddhi Vihar, Moradabad - UPPCB",2026-08-23 11:00:00,28.83526,78.7446,SO2,32.0,35.0,34.0,2026-08,2026,8
India,Uttar Pradesh,Moradabad,"Buddhi Vihar, Moradabad - UPPCB",2026-08-23 11:00:00,28.83526,78.7446,OZONE,18.0,23.0,21.0,2026-08,2026,8
India,Uttar Pradesh,Agra,"Sector-3B Avas Vikas Colony, Agra - UPPCB",2026-08-23 11:00:00,27.19412,77.96237,SO2,26.0,27.0,26.0,2026-08,2026,8
India,Uttar Pradesh,Agra,"Shahjahan Garden, Agra - UPPCB",2026-08-23 11:00:00,27.169338,78.03582,NO2,25.0,28.0,26.0,2026-08,2026,8
India,Uttar Pradesh,Agra,"Shahjahan Garden, Agra - UPPCB",2026-08-23 11:00:00,27.169338,78.03582,OZONE,1.0,1.0,1.0,2026-08,2026,8
India,Uttar Pradesh,Agra,"Manoharpur, Agra - UPPCB",2026-08-23 11:00:00,27.23711,78.01936,NH3,2.0,2.0,2.0,2026-08,2026,8
India,Uttar Pradesh,Agra,"Manoharpur, Agra - UPPCB",2026-08-23 11:00:00,27.23711,78.01936,OZONE,6.0,6.0,6.0,2026-08,2026,8
India,Uttar Pradesh,Agra,"Shastripuram, Agra - UPPCB",2026-08-23 11:00:00,27.19862,77.92066,NH3,3.0,3.0,3.0,2026-08,2026,8
India,Uttar Pradesh,Agra,"Shastripuram, Agra - UPPCB",2026-08-23 11:00:00,27.19862,77.92066,SO2,53.0,60.0,57.0,2026-08,2026,8
India,Uttar Pradesh,Baghpat,"Sardar Patel Inter College, Baghpat - UPPCB",2026-08-23 11:00:00,28.964949,77.278761,CO,8.0,11.0,10.0,2026-08,2026,8
India,Uttar Pradesh,Baraut,"Nagar Palika Parishad, Baraut - UPPCB",2026-08-23 11:00:00,29.09956,77.26235,PM2.5,40.0,209.0,111.0,2026-08,2026,8
India,Uttar Pradesh,Baraut,"Nagar Palika Parishad, Baraut - UPPCB",2026-08-23 11:00:00,29.09956,77.26235,SO2,2.0,3.0,2.0,2026-08,2026,8
India,Uttar Pradesh,Bareilly,"Civil Lines, Bareilly - UPPCB",2026-08-23 11:00:00,28.359581,79.414455,PM2.5,22.0,47.0,34.0,2026-08,2026,8
India,Uttar Pradesh,Bareilly,"Civil Lines, Bareilly - UPPCB",2026-08-23 11:00:00,28.359581,79.414455,PM10,19.0,38.0,30.0,2026-08,2026,8
India,Uttar Pradesh,Bareilly,"Civil Lines, Bareilly - UPPCB",2026-08-23 11:00:00,28.359581,79.414455,OZONE,12.0,26.0,20.0,2026-08,2026,8
India,Telangana,Hyderabad,"Kokapet, Hyderabad - TSPCB",2026-08-23 11:00:00,17.393559,78.339194,NH3,2.0,3.0,3.0,2026-08,2026,8
India,Telangana,Hyderabad,"Ramachandrapuram, Hyderabad - TSPCB",2026-08-23 11:00:00,17.528544,78.286195,NH3,2.0,5.0,3.0,2026-08,2026,8
India,Telangana,Hyderabad,"Ramachandrapuram, Hyderabad - TSPCB",2026-08-23 11:00:00,17.528544,78.286195,SO2,7.0,17.0,12.0,2026-08,2026,8
India,Telangana,Hyderabad,"Ramachandrapuram, Hyderabad - TSPCB",2026-08-23 11:00:00,17.528544,78.286195,OZONE,19.0,28.0,22.0,2026-08,2026,8
India,Telangana,Hyderabad,"Kompally Municipal Office, Hyderabad - TSPCB",2026-08-23 11:00:00,17.544899,78.486949,CO,12.0,21.0,17.0,2026-08,2026,8
India,Telangana,Hyderabad,"Somajiguda, Hyderabad - TSPCB",2026-08-23 11:00:00,17.417094,78.457437,PM2.5,44.0,53.0,48.0,2026-08,2026,8
India,Telangana,Hyderabad,"Somajiguda, Hyderabad - TSPCB",2026-08-23 11:00:00,17.417094,78.457437,NH3,3.0,5.0,3.0,2026-08,2026,8
India,Telangana,Hyderabad,"Somajiguda, Hyderabad - TSPCB",2026-08-23 11:00:00,17.417094,78.457437,CO,10.0,10.0,10.0,2026-08,2026,8
India,Telangana,Hyderabad,"Sanathnagar, Hyderabad - TSPCB",2026-08-23 11:00:00,17.4559458,78.4332152,PM10,12.0,26.0,20.0,2026-08,2026,8
India,Telangana,Hyderabad,"ICRISAT Patancheru, Hyderabad - TSPCB",2026-08-23 11:00:00,17.5184,78.278777,OZONE,9.0,11.0,10.0,2026-08,2026,8
India,Tripura,Agartala,"Bardowali, Agartala - Tripura SPCB",2026-08-23 11:00:00,23.8175497,91.2726974,OZONE,2.0,4.0,3.0,2026-08,2026,8
India,Uttar Pradesh,Agra,"Rohta, Agra - UPPCB",2026-08-23 11:00:00,27.106972,78.000111,PM10,29.0,112.0,66.0,2026-08,2026,8
India,Uttar Pradesh,Khora,"Prashant Garden, Khora - UPPCB",2026-08-23 11:00:00,28.61119,77.34206,SO2,3.0,5.0,4.0,2026-08,2026,8
India,Uttar Pradesh,Khurja,"Kalindi Kunj, Khurja - UPPCB",2026-08-23 11:00:00,28.2348927,77.8683002,OZONE,10.0,12.0,11.0,2026-08,2026,8
India,Uttar Pradesh,Lucknow,"B R Ambedkar University, Lucknow - UPPCB",2026-08-23 11:00:00,26.766433,80.927299,NH3,3.0,3.0,3.0,2026-08,2026,8
India,Uttar Pradesh,Moradabad,"Jigar Colony, Moradabad - UPPCB",2026-08-23 11:00:00,28.856664,78.772638,NH3,6.0,6.0,6.0,2026-08,2026,8
India,Uttar Pradesh,Moradabad,"Jigar Colony, Moradabad - UPPCB",2026-08-23 11:00:00,28.856664,78.772638,CO,39.0,40.0,40.0,2026-08,2026,8
India,Uttar Pradesh,Moradabad,"Transport Nagar, Moradabad - UPPCB",2026-08-23 11:00:00,28.802625,78.753728,PM10,37.0,95.0,59.0,2026-08,2026,8
India,Uttar Pradesh,Moradabad,"Transport Nagar, Moradabad - UPPCB",2026-08-23 11:00:00,28.802625,78.753728,NH3,5.0,6.0,5.0,2026-08,2026,8
India,Uttar Pradesh,Moradabad,"Transport Nagar, Moradabad - UPPCB",2026-08-23 11:00:00,28.802625,78.753728,CO,30.0,47.0,44.0,2026-08,2026,8
India,Uttar Pradesh,Moradabad,"Kashiram Nagar, Moradabad - UPPCB",2026-08-23 11:00:00,28.849399,78.742362,SO2,32.0,66.0,46.0,2026-08,2026,8
India,Uttar Pradesh,Moradabad,"Kashiram Nagar, Moradabad - UPPCB",2026-08-23 11:00:00,28.849399,78.742362,CO,35.0,46.0,38.0,2026-08,2026,8
India,Uttar Pradesh,Moradabad,"Employment Office, Moradabad - UPPCB",2026-08-23 11:00:00,28.88528,78.7388,PM2.5,31.0,70.0,51.0,2026-08,2026,8
India,Uttar Pradesh,Moradabad,"Employment Office, Moradabad - UPPCB",2026-08-23 11:00:00,28.88528,78.7388,OZONE,19.0,45.0,34.0,2026-08,2026,8
India,Uttar Pradesh,Noida,"Sector - 125, Noida - UPPCB",2026-08-23 11:00:00,28.5447608,77.3231257,CO,2.0,15.0,8.0,2026-08,2026,8
India,Uttar Pradesh,Noida,"Sector - 125, Noida - UPPCB",2026-08-23 11:00:00,28.5447608,77.3231257,OZONE,20.0,21.0,20.0,2026-08,2026,8
India,Uttar Pradesh,Noida,"Sector - 62, Noida - IITM",2026-08-23 11:00:00,28.6245479,77.3577104,CO,15.0,22.0,18.0,2026-08,2026,8
India,Uttar Pradesh,Prayagraj,"Motilal Nehru NIT, Prayagraj - UPPCB",2026-08-23 11:00:00,25.494,81.863,PM10,21.0,69.0,41.0,2026-08,2026,8
India,Uttar Pradesh,Prayagraj,"Nagar Nigam, Prayagraj - UPPCB",2026-08-23 11:00:00,25.44919916,81.82735986,SO2,57.0,100.0,73.0,2026-08,2026,8
India,Uttar Pradesh,Prayagraj,"Jhunsi, Prayagraj - UPPCB",2026-08-23 11:00:00,25.425602,81.917152,PM10,23.0,156.0,62.0,2026-08,2026,8
India,Uttar Pradesh,Raebareli," Indira Nagar, Raebareli - NTPC Unchahar",2026-08-23 11:00:00,26.207781,81.245571,PM2.5,25.0,54.0,44.0,2026-08,2026,8
India,Uttar Pradesh,Raebareli," Indira Nagar, Raebareli - NTPC Unchahar",2026-08-23 11:00:00,26.207781,81.245571,PM10,39.0,96.0,66.0,2026-08,2026,8
India,Uttar Pradesh,Shamli,"New Tehsil, Shamli - UPPCB",2026-08-23 11:00:00,29.4603683,77.3410291,OZONE,16.0,18.0,17.0,2026-08,2026,8
India,Uttar Pradesh,Varanasi,"Bhelupur, Varanasi - UPPCB",2026-08-23 11:00:00,25.301778,82.996789,PM10,47.0,112.0,75.0,2026-08,2026,8
India,Uttar Pradesh,Varanasi,"Bhelupur, Varanasi - UPPCB",2026-08-23 11:00:00,25.301778,82.996789,NO2,7.0,8.0,8.0,2026-08,2026,8
India,Uttar Pradesh,Varanasi,"Bhelupur, Varanasi - UPPCB",2026-08-23 11:00:00,25.301778,82.996789,OZONE,7.0,10.0,8.0,2026-08,2026,8
India,Uttar Pradesh,Varanasi,"Maldahiya, Varanasi - UPPCB",2026-08-23 11:00:00,25.32393,82.99687,NH3,12.0,26.0,20.0,2026-08,2026,8
India,Uttar Pradesh,Varanasi,"IESD Banaras Hindu University, Varanasi - UPPCB",2026-08-23 11:00:00,25.262326,82.995408,NH3,0.0,0.0,0.0,2026-08,2026,8
India,Uttar Pradesh,Varanasi,"IESD Banaras Hindu University, Varanasi - UPPCB",2026-08-23 11:00:00,25.262326,82.995408,SO2,17.0,36.0,27.0,2026-08,2026,8
India,Uttarakhand,Dehradun,"Doon University, Dehradun - UKPCB",2026-08-23 11:00:00,30.269444,78.044167,PM2.5,1.0,92.0,49.0,2026-08,2026,8
India,Uttarakhand,Dehradun,"Doon University, Dehradun - UKPCB",2026-08-23 11:00:00,30.269444,78.044167,PM10,12.0,72.0,49.0,2026-08,2026,8
India,Uttarakhand,Kashipur,"Govt. Girls Inter College, Kashipur - UKPCB",2026-08-23 11:00:00,29.2124114,78.9611753,CO,8.0,18.0,12.0,2026-08,2026,8
India,Uttarakhand,Rishikesh,"Shivaji Nagar, Rishikesh - UKPCB",2026-08-23 11:00:00,30.075911,78.2859547,NH3,8.0,8.0,8.0,2026-08,2026,8
India,West Bengal,Asansol,"Asansol Court Area, Asansol - WBPCB",2026-08-23 11:00:00,23.685297,86.945968,NH3,4.0,7.0,5.0,2026-08,2026,8
India,West Bengal,Asansol,"Asansol Court Area, Asansol - WBPCB",2026-08-23 11:00:00,23.685297,86.945968,CO,33.0,60.0,47.0,2026-08,2026,8
India,West Bengal,Asansol,"Evelyn Lodge, Asansol - WBPCB",2026-08-23 11:00:00,23.697936,86.944395,PM2.5,26.0,60.0,41.0,2026-08,2026,8
India,West Bengal,Asansol,"Mahabir Colliery, Asansol - WBPCB",2026-08-23 11:00:00,23.618183,87.105718,PM10,33.0,75.0,52.0,2026-08,2026,8
India,West Bengal,Durgapur,"PCBL Residential Complex, Durgapur - WBPCB",2026-08-23 11:00:00,23.508764,87.35444,PM2.5,22.0,62.0,42.0,2026-08,2026,8
India,West Bengal,Durgapur,"PCBL Residential Complex, Durgapur - WBPCB",2026-08-23 11:00:00,23.508764,87.35444,PM10,29.0,64.0,47.0,2026-08,2026,8
India,West Bengal,Durgapur,"PCBL Residential Complex, Durgapur - WBPCB",2026-08-23 11:00:00,23.508764,87.35444,SO2,11.0,12.0,12.0,2026-08,2026,8
India,West Bengal,Durgapur,"Mahishkapur Road_B-Zone, Durgapur - WBPCB",2026-08-23 11:00:00,23.567923,87.306843,PM2.5,11.0,49.0,35.0,2026-08,2026,8
India,West Bengal,Durgapur,"Womens College_City Center, Durgapur - WBPCB",2026-08-23 11:00:00,23.549395,87.300496,PM2.5,0.0,90.0,48.0,2026-08,2026,8
India,West Bengal,Durgapur,"Womens College_City Center, Durgapur - WBPCB",2026-08-23 11:00:00,23.549395,87.300496,PM10,40.0,416.0,112.0,2026-08,2026,8
India,West Bengal,Haldia,"Priyambada Housing Estate, Haldia - WBPCB",2026-08-23 11:00:00,22.06047,88.109737,PM10,29.0,69.0,50.0,2026-08,2026,8
India,West Bengal,Howrah,"Belur Math, Howrah - WBPCB",2026-08-23 11:00:00,22.629801,88.352017,NH3,4.0,5.0,4.0,2026-08,2026,8
India,West Bengal,Howrah,"Belur Math, Howrah - WBPCB",2026-08-23 11:00:00,22.629801,88.352017,OZONE,9.0,10.0,9.0,2026-08,2026,8
India,West Bengal,Howrah,"Ghusuri, Howrah - WBPCB",2026-08-23 11:00:00,22.611968,88.347422,PM2.5,13.0,77.0,36.0,2026-08,2026,8
India,West Bengal,Howrah,"Ghusuri, Howrah - WBPCB",2026-08-23 11:00:00,22.611968,88.347422,PM10,33.0,99.0,65.0,2026-08,2026,8
India,West Bengal,Howrah,"Ghusuri, Howrah - WBPCB",2026-08-23 11:00:00,22.611968,88.347422,NH3,2.0,3.0,2.0,2026-08,2026,8
India,West Bengal,Howrah,"Ghusuri, Howrah - WBPCB",2026-08-23 11:00:00,22.611968,88.347422,OZONE,18.0,24.0,21.0,2026-08,2026,8
India,West Bengal,Howrah,"Padmapukur, Howrah - WBPCB",2026-08-23 11:00:00,22.5687319,88.2797276,SO2,4.0,7.0,5.0,2026-08,2026,8
India,West Bengal,Kolkata,"Jadavpur, Kolkata - WBPCB",2026-08-23 11:00:00,22.49929,88.36917,NH3,11.0,12.0,12.0,2026-08,2026,8
India,West Bengal,Kolkata,"Rabindra Bharati University, Kolkata - WBPCB",2026-08-23 11:00:00,22.627847,88.380669,PM2.5,19.0,69.0,43.0,2026-08,2026,8
India,West Bengal,Kolkata,"Rabindra Bharati University, Kolkata - WBPCB",2026-08-23 11:00:00,22.627847,88.380669,CO,27.0,29.0,28.0,2026-08,2026,8
India,West Bengal,Kolkata,"Rabindra Bharati University, Kolkata - WBPCB",2026-08-23 11:00:00,22.627847,88.380669,OZONE,10.0,21.0,15.0,2026-08,2026,8
India,West Bengal,Kolkata,"Fort William, Kolkata - WBPCB",2026-08-23 11:00:00,22.55664,88.342674,NO2,11.0,26.0,18.0,2026-08,2026,8
India,West Bengal,Kolkata,"Fort William, Kolkata - WBPCB",2026-08-23 11:00:00,22.55664,88.342674,SO2,5.0,6.0,5.0,2026-08,2026,8
India,West Bengal,Kolkata,"Rabindra Sarobar, Kolkata - WBPCB",2026-08-23 11:00:00,22.51106,88.35142,OZONE,9.0,17.0,12.0,2026-08,2026,8
India,West Bengal,Kolkata,"Ballygunge, Kolkata - WBPCB",2026-08-23 11:00:00,22.5367507,88.3638022,PM10,22.0,76.0,44.0,2026-08,2026,8
India,West Bengal,Kolkata,"Victoria, Kolkata - WBPCB",2026-08-23 11:00:00,22.5448082,88.3403691,NH3,5.0,6.0,6.0,2026-08,2026,8
India,West Bengal,Siliguri,"Ward-32 Bapupara, Siliguri - WBPCB",2026-08-23 11:00:00,26.6879226,88.4152495,SO2,12.0,13.0,13.0,2026-08,2026,8
India,Andhra Pradesh,Eluru,"District Court, Eluru - APPCB",2026-08-23 11:00:00,16.711754,81.092095,CO,8.0,11.0,10.0,2026-08,2026,8
India,Andhra Pradesh,Guntur,"Rajendra Nagar North, Guntur - APPCB",2026-08-23 11:00:00,16.316553,80.413302,CO,11.0,28.0,20.0,2026-08,2026,8
India,Andhra Pradesh,Kadapa,"Yerramukkapalli, Kadapa - APPCB",2026-08-23 11:00:00,14.465052,78.824187,CO,41.0,45.0,42.0,2026-08,2026,8
India,Andhra Pradesh,Kadapa,"Yerramukkapalli, Kadapa - APPCB",2026-08-23 11:00:00,14.465052,78.824187,OZONE,29.0,29.0,29.0,2026-08,2026,8
India,Andhra Pradesh,Nellore,"Ambedkar Nagar, Nellore - APPCB ",2026-08-23 11:00:00,14.438164,79.966814,CO,33.0,33.0,33.0,2026-08,2026,8
India,Andhra Pradesh,Rajamahendravaram,"Anand Kala Kshetram, Rajamahendravaram - APPCB",2026-08-23 11:00:00,16.9872867,81.7363176,OZONE,16.0,31.0,20.0,2026-08,2026,8
India,Andhra Pradesh,Srikakulam,"Chinna Bharatham Colony, Srikakulam - APPCB",2026-08-23 11:00:00,18.292191,83.897173,PM10,16.0,35.0,25.0,2026-08,2026,8
India,Andhra Pradesh,Srikakulam,"Chinna Bharatham Colony, Srikakulam - APPCB",2026-08-23 11:00:00,18.292191,83.897173,NO2,13.0,42.0,23.0,2026-08,2026,8
India,Andhra Pradesh,Srikakulam,"Chinna Bharatham Colony, Srikakulam - APPCB",2026-08-23 11:00:00,18.292191,83.897173,OZONE,4.0,17.0,9.0,2026-08,2026,8
India,Andhra Pradesh,Tirumala,"Toll Gate, Tirumala - APPCB",2026-08-23 11:00:00,13.67,79.35,PM2.5,10.0,46.0,20.0,2026-08,2026,8
India,Bihar,Sasaram,"Dada Peer, Sasaram - BSPCB",2026-08-23 11:00:00,24.952822,84.002396,NH3,3.0,5.0,3.0,2026-08,2026,8
India,Bihar,Sasaram,"Dada Peer, Sasaram - BSPCB",2026-08-23 11:00:00,24.952822,84.002396,CO,11.0,15.0,13.0,2026-08,2026,8
India,Bihar,Siwan,"Chitragupta Nagar, Siwan - BSPCB",2026-08-23 11:00:00,26.2271665,84.3570427,CO,94.0,97.0,96.0,2026-08,2026,8
India,Chandigarh,Chandigarh,"Sector 22, Chandigarh - CPCC",2026-08-23 11:00:00,30.735567,76.775714,NO2,3.0,11.0,7.0,2026-08,2026,8
India,Chandigarh,Chandigarh,"Sector-25, Chandigarh - CPCC",2026-08-23 11:00:00,30.751462,76.762879,SO2,4.0,8.0,6.0,2026-08,2026,8
India,Chandigarh,Chandigarh,"Sector-25, Chandigarh - CPCC",2026-08-23 11:00:00,30.751462,76.762879,OZONE,15.0,25.0,20.0,2026-08,2026,8
India,Chandigarh,Chandigarh,"Sector-53, Chandigarh - CPCC",2026-08-23 11:00:00,30.719859,76.738637,PM10,3.0,36.0,19.0,2026-08,2026,8
India,Chandigarh,Chandigarh,"Sector-53, Chandigarh - CPCC",2026-08-23 11:00:00,30.719859,76.738637,NO2,3.0,30.0,9.0,2026-08,2026,8
India,Chandigarh,Chandigarh,"Sector-53, Chandigarh - CPCC",2026-08-23 11:00:00,30.719859,76.738637,NH3,8.0,23.0,15.0,2026-08,2026,8
India,Chhattisgarh,Bhilai,"32Bungalows, Bhilai - CECB",2026-08-23 11:00:00,21.194815,81.31477,PM2.5,12.0,29.0,20.0,2026-08,2026,8
India,Chhattisgarh,Bhilai,"Hathkhoj, Bhilai - CECB",2026-08-23 11:00:00,21.224231,81.40835,PM10,22.0,42.0,32.0,2026-08,2026,8
India,Bihar,Gaya,"Kareemganj, Gaya - BSPCB",2026-08-23 11:00:00,24.792403,84.992416,NO2,12.0,26.0,20.0,2026-08,2026,8
India,Bihar,Gaya,"Kareemganj, Gaya - BSPCB",2026-08-23 11:00:00,24.792403,84.992416,OZONE,8.0,98.0,42.0,2026-08,2026,8
India,Bihar,Katihar,"Mirchaibari, Katihar - BSPCB",2026-08-23 11:00:00,25.560083,87.553265,PM2.5,20.0,37.0,32.0,2026-08,2026,8
India,Bihar,Kishanganj,"SDM Office_Khagra, Kishanganj - BSPCB",2026-08-23 11:00:00,26.0881305,87.93840336,PM2.5,30.0,68.0,47.0,2026-08,2026,8
India,Bihar,Kishanganj,"SDM Office_Khagra, Kishanganj - BSPCB",2026-08-23 11:00:00,26.0881305,87.93840336,NH3,3.0,3.0,3.0,2026-08,2026,8
India,Bihar,Manguraha,"Forest Rest House, Manguraha - BSPCB",2026-08-23 11:00:00,27.308328,84.531742,PM10,59.0,155.0,74.0,2026-08,2026,8
India,Bihar,Manguraha,"Forest Rest House, Manguraha - BSPCB",2026-08-23 11:00:00,27.308328,84.531742,SO2,13.0,41.0,17.0,2026-08,2026,8
India,Bihar,Munger,"Town Hall, Munger - BSPCB",2026-08-23 11:00:00,25.376776,86.471523,PM10,3.0,103.0,37.0,2026-08,2026,8
India,Bihar,Munger,"Town Hall, Munger - BSPCB",2026-08-23 11:00:00,25.376776,86.471523,CO,32.0,39.0,35.0,2026-08,2026,8
India,Bihar,Muzaffarpur,"MIT-Daudpur Kothi, Muzaffarpur - BSPCB",2026-08-23 11:00:00,26.1403345,85.3650192,OZONE,9.0,9.0,9.0,2026-08,2026,8
India,Bihar,Begusarai,"Lohiyanagar, Begusarai - BSPCB",2026-08-23 11:00:00,25.42742023,86.13886079,PM2.5,47.0,140.0,79.0,2026-08,2026,8
India,Bihar,Begusarai,"Lohiyanagar, Begusarai - BSPCB",2026-08-23 11:00:00,25.42742023,86.13886079,NO2,7.0,11.0,9.0,2026-08,2026,8
India,Bihar,Begusarai,"Lohiyanagar, Begusarai - BSPCB",2026-08-23 11:00:00,25.42742023,86.13886079,SO2,19.0,23.0,21.0,2026-08,2026,8
India,Bihar,Bettiah,"Kamalnath Nagar, Bettiah - BSPCB",2026-08-23 11:00:00,26.80365,84.51954,NO2,17.0,34.0,26.0,2026-08,2026,8
India,Bihar,Bhagalpur,"Mayaganj, Bhagalpur - BSPCB",2026-08-23 11:00:00,25.265194,87.012947,PM10,21.0,433.0,147.0,2026-08,2026,8
India,Bihar,Bhagalpur,"Mayaganj, Bhagalpur - BSPCB",2026-08-23 11:00:00,25.265194,87.012947,NH3,4.0,5.0,4.0,2026-08,2026,8
India,Bihar,Bhagalpur,"DM Office_Kachari Chowk, Bhagalpur - BSPCB",2026-08-23 11:00:00,25.251013,86.989001,PM2.5,10.0,355.0,110.0,2026-08,2026,8
India,Bihar,Bhagalpur,"DM Office_Kachari Chowk, Bhagalpur - BSPCB",2026-08-23 11:00:00,25.251013,86.989001,SO2,16.0,26.0,22.0,2026-08,2026,8
India,Bihar,Chhapra,"Darshan Nagar, Chhapra - BSPCB",2026-08-23 11:00:00,25.7808257,84.7446768,SO2,27.0,31.0,29.0,2026-08,2026,8
India,Bihar,Gaya,"SFTI Kusdihra, Gaya - BSPCB",2026-08-23 11:00:00,24.762518,84.982348,NH3,7.0,9.0,8.0,2026-08,2026,8
India,Assam,Nalbari,"Bata Chowk, Nalbari - PCBA",2026-08-23 11:00:00,26.446912,91.439057,NH3,6.0,6.0,6.0,2026-08,2026,8
India,Assam,Silchar,"Tarapur, Silchar - PCBA",2026-08-23 11:00:00,24.82827,92.79525,PM2.5,31.0,45.0,37.0,2026-08,2026,8
India,Assam,Sivasagar,"Girls College, Sivasagar - PCBA",2026-08-23 11:00:00,26.987634,94.636574,SO2,7.0,9.0,8.0,2026-08,2026,8
India,Assam,Sivasagar,"Girls College, Sivasagar - PCBA",2026-08-23 11:00:00,26.987634,94.636574,OZONE,18.0,30.0,23.0,2026-08,2026,8
India,Bihar,Araria,"Kharahiya Basti, Araria - BSPCB",2026-08-23 11:00:00,26.146529,87.454184,PM2.5,25.0,130.0,44.0,2026-08,2026,8
India,Bihar,Araria,"Kharahiya Basti, Araria - BSPCB",2026-08-23 11:00:00,26.146529,87.454184,PM10,32.0,121.0,52.0,2026-08,2026,8
India,Bihar,Araria,"Kharahiya Basti, Araria - BSPCB",2026-08-23 11:00:00,26.146529,87.454184,CO,21.0,34.0,27.0,2026-08,2026,8
India,Bihar,Arrah,"New DM Office, Arrah - BSPCB",2026-08-23 11:00:00,25.5626095,84.663264,PM10,40.0,46.0,42.0,2026-08,2026,8
India,Bihar,Aurangabad,"Gurdeo Nagar, Aurangabad - BSPCB",2026-08-23 11:00:00,24.75746,84.366208,OZONE,0.0,4.0,1.0,2026-08,2026,8
India,Chhattisgarh,Bhilai,"Hathkhoj, Bhilai - CECB",2026-08-23 11:00:00,21.224231,81.40835,NO2,11.0,38.0,24.0,2026-08,2026,8
India,Chhattisgarh,Bilaspur,"Mangala, Bilaspur - NTPC",2026-08-23 11:00:00,22.08815,82.13737,NO2,17.0,22.0,20.0,2026-08,2026,8
India,Chhattisgarh,Bilaspur,"Mangala, Bilaspur - NTPC",2026-08-23 11:00:00,22.08815,82.13737,CO,4.0,23.0,15.0,2026-08,2026,8
India,Chhattisgarh,Korba,"Urja Nagar, Korba - CECB",2026-08-23 11:00:00,22.348441,82.549611,NO2,3.0,6.0,4.0,2026-08,2026,8
India,Chhattisgarh,Korba,"Urja Nagar, Korba - CECB",2026-08-23 11:00:00,22.348441,82.549611,SO2,9.0,15.0,12.0,2026-08,2026,8
India,Chhattisgarh,Korba,"Rampur, Korba - CECB",2026-08-23 11:00:00,22.368195,82.746431,CO,6.0,12.0,9.0,2026-08,2026,8
India,Chhattisgarh,Milupara,"Govt. Higher Secondary School, Milupara - CECB",2026-08-23 11:00:00,22.1910172,83.5197009,NO2,13.0,48.0,28.0,2026-08,2026,8
India,Chhattisgarh,Raipur,"Krishak Nagar, Raipur - CECB",2026-08-23 11:00:00,21.237755,81.705301,PM2.5,20.0,53.0,31.0,2026-08,2026,8
India,Chhattisgarh,Raipur,"Krishak Nagar, Raipur - CECB",2026-08-23 11:00:00,21.237755,81.705301,PM10,14.0,61.0,31.0,2026-08,2026,8
India,Andhra Pradesh,Tirumala,"Toll Gate, Tirumala - APPCB",2026-08-23 11:00:00,13.67,79.35,NO2,24.0,54.0,43.0,2026-08,2026,8
India,Andhra Pradesh,Tirumala,"Toll Gate, Tirumala - APPCB",2026-08-23 11:00:00,13.67,79.35,CO,13.0,24.0,17.0,2026-08,2026,8
India,Andhra Pradesh,Tirupati,"Vaikuntapuram, Tirupati - APPCB",2026-08-23 11:00:00,13.615387,79.40923,NH3,5.0,5.0,5.0,2026-08,2026,8
India,Andhra Pradesh,Vijayawada,"Rajiv Nagar, Vijayawada - APPCB",2026-08-23 11:00:00,16.554731,80.64911,NH3,3.0,5.0,3.0,2026-08,2026,8
India,Andhra Pradesh,Vijayawada,"Rajiv Nagar, Vijayawada - APPCB",2026-08-23 11:00:00,16.554731,80.64911,OZONE,18.0,24.0,20.0,2026-08,2026,8
India,Andhra Pradesh,Vijayawada,"Rajiv Gandhi Park, Vijayawada - APPCB",2026-08-23 11:00:00,16.509717,80.612222,PM2.5,46.0,82.0,67.0,2026-08,2026,8
India,Andhra Pradesh,Vijayawada,"Rajiv Gandhi Park, Vijayawada - APPCB",2026-08-23 11:00:00,16.509717,80.612222,CO,26.0,34.0,29.0,2026-08,2026,8
India,Andhra Pradesh,Visakhapatnam,"GVM Corporation, Visakhapatnam - APPCB",2026-08-23 11:00:00,17.72,83.3,SO2,3.0,33.0,11.0,2026-08,2026,8
India,Assam,Byrnihat,"Central Academy for SFS, Byrnihat - PCBA",2026-08-23 11:00:00,26.071318,91.87488,PM2.5,81.0,236.0,115.0,2026-08,2026,8
India,Assam,Guwahati,"IITG, Guwahati - PCBA",2026-08-23 11:00:00,26.2028636,91.70046436,NH3,1.0,1.0,1.0,2026-08,2026,8
India,Assam,Guwahati,"Pan Bazaar, Guwahati - PCBA",2026-08-23 11:00:00,26.1875,91.744194,NH3,1.0,1.0,1.0,2026-08,2026,8
India,Assam,Guwahati,"Railway Colony, Guwahati - PCBA",2026-08-23 11:00:00,26.181742,91.78063,PM2.5,17.0,72.0,40.0,2026-08,2026,8
India,Assam,Nagaon,"Christianpatty, Nagaon - PCBA",2026-08-23 11:00:00,26.349082,92.68449,PM10,34.0,66.0,51.0,2026-08,2026,8
India,Assam,Nagaon,"Christianpatty, Nagaon - PCBA",2026-08-23 11:00:00,26.349082,92.68449,NO2,1.0,1.0,1.0,2026-08,2026,8
India,Bihar,Patna,"Rajbansi Nagar, Patna - BSPCB",2026-08-23 11:00:00,25.599486,85.113666,SO2,12.0,26.0,20.0,2026-08,2026,8
India,Bihar,Patna,"Muradpur, Patna - BSPCB",2026-08-23 11:00:00,25.619651,85.147382,NO2,5.0,6.0,5.0,2026-08,2026,8
India,Bihar,Patna,"Samanpura, Patna - BSPCB",2026-08-23 11:00:00,25.596727,85.085624,PM10,44.0,130.0,102.0,2026-08,2026,8
India,Bihar,Purnia,"Mariam Nagar, Purnia - BSPCB",2026-08-23 11:00:00,25.366336,87.117468,CO,56.0,57.0,56.0,2026-08,2026,8
India,Bihar,Purnia,"Mariam Nagar, Purnia - BSPCB",2026-08-23 11:00:00,25.366336,87.117468,OZONE,20.0,41.0,26.0,2026-08,2026,8
India,Andhra Pradesh,Anantapur,"Gulzarpet, Anantapur - APPCB",2026-08-23 11:00:00,14.675886,77.593027,PM2.5,47.0,353.0,69.0,2026-08,2026,8
India,Andhra Pradesh,Anantapur,"Gulzarpet, Anantapur - APPCB",2026-08-23 11:00:00,14.675886,77.593027,PM10,53.0,272.0,69.0,2026-08,2026,8
India,Andhra Pradesh,Chittoor,"Gangineni Cheruvu, Chittoor - APPCB",2026-08-23 11:00:00,13.20488,79.097889,SO2,22.0,23.0,22.0,2026-08,2026,8
India,Delhi,Delhi,"Sri Aurobindo Marg, Delhi - DPCC",2026-08-23 11:00:00,28.531346,77.190156,CO,34.0,47.0,39.0,2026-08,2026,8
India,Delhi,Delhi,"Nehru Nagar, Delhi - DPCC",2026-08-23 11:00:00,28.56789,77.250515,PM10,42.0,195.0,117.0,2026-08,2026,8
India,Delhi,Delhi,"Nehru Nagar, Delhi - DPCC",2026-08-23 11:00:00,28.56789,77.250515,NH3,5.0,8.0,7.0,2026-08,2026,8
India,Delhi,Delhi,"Nehru Nagar, Delhi - DPCC",2026-08-23 11:00:00,28.56789,77.250515,SO2,1.0,108.0,10.0,2026-08,2026,8
India,Delhi,Delhi,"Patparganj, Delhi - DPCC",2026-08-23 11:00:00,28.623763,77.287209,NO2,10.0,44.0,19.0,2026-08,2026,8
India,Delhi,Delhi,"Patparganj, Delhi - DPCC",2026-08-23 11:00:00,28.623763,77.287209,SO2,3.0,12.0,7.0,2026-08,2026,8
India,Delhi,Delhi,"Patparganj, Delhi - DPCC",2026-08-23 11:00:00,28.623763,77.287209,OZONE,11.0,15.0,12.0,2026-08,2026,8
India,Delhi,Delhi,"Jawaharlal Nehru Stadium, Delhi - DPCC",2026-08-23 11:00:00,28.58028,77.233829,PM10,30.0,143.0,100.0,2026-08,2026,8
India,Delhi,Delhi,"Jawaharlal Nehru Stadium, Delhi - DPCC",2026-08-23 11:00:00,28.58028,77.233829,NO2,4.0,61.0,15.0,2026-08,2026,8
India,Delhi,Delhi,"Jawaharlal Nehru Stadium, Delhi - DPCC",2026-08-23 11:00:00,28.58028,77.233829,SO2,3.0,14.0,8.0,2026-08,2026,8
India,Delhi,Delhi,"Jawaharlal Nehru Stadium, Delhi - DPCC",2026-08-23 11:00:00,28.58028,77.233829,CO,22.0,39.0,30.0,2026-08,2026,8
India,Delhi,Delhi,"Najafgarh, Delhi - DPCC",2026-08-23 11:00:00,28.570173,76.933762,PM2.5,13.0,160.0,47.0,2026-08,2026,8
India,Delhi,Delhi,"Najafgarh, Delhi - DPCC",2026-08-23 11:00:00,28.570173,76.933762,NH3,5.0,13.0,7.0,2026-08,2026,8
India,Delhi,Delhi,"Najafgarh, Delhi - DPCC",2026-08-23 11:00:00,28.570173,76.933762,CO,14.0,18.0,16.0,2026-08,2026,8
India,Delhi,Delhi,"Wazirpur, Delhi - DPCC",2026-08-23 11:00:00,28.699793,77.165453,PM10,67.0,286.0,160.0,2026-08,2026,8
India,Delhi,Delhi,"Wazirpur, Delhi - DPCC",2026-08-23 11:00:00,28.699793,77.165453,SO2,8.0,24.0,20.0,2026-08,2026,8
India,Delhi,Delhi,"NSUT Jaffarpur, Delhi - DPCC",2026-08-23 11:00:00,28.594004,76.909423,PM2.5,35.0,112.0,58.0,2026-08,2026,8
India,Delhi,Delhi,"Mundka, Delhi - DPCC",2026-08-23 11:00:00,28.684678,77.076574,NH3,6.0,10.0,8.0,2026-08,2026,8
India,Delhi,Delhi,"Commonwealth Sports Complex, Delhi - DPCC",2026-08-23 11:00:00,28.615828,77.271992,PM10,36.0,139.0,85.0,2026-08,2026,8
India,Delhi,Delhi,"Commonwealth Sports Complex, Delhi - DPCC",2026-08-23 11:00:00,28.615828,77.271992,SO2,4.0,8.0,6.0,2026-08,2026,8
India,Delhi,Delhi,"Commonwealth Sports Complex, Delhi - DPCC",2026-08-23 11:00:00,28.615828,77.271992,OZONE,7.0,20.0,14.0,2026-08,2026,8
India,Delhi,Delhi,"Talkatora Garden, Delhi - DPCC",2026-08-23 11:00:00,28.62181,77.1944633,PM2.5,34.0,95.0,61.0,2026-08,2026,8
India,Delhi,Delhi,"Talkatora Garden, Delhi - DPCC",2026-08-23 11:00:00,28.62181,77.1944633,PM10,35.0,114.0,78.0,2026-08,2026,8
India,Delhi,Delhi,"Talkatora Garden, Delhi - DPCC",2026-08-23 11:00:00,28.62181,77.1944633,NO2,6.0,42.0,16.0,2026-08,2026,8
India,Delhi,Delhi,"Talkatora Garden, Delhi - DPCC",2026-08-23 11:00:00,28.62181,77.1944633,NH3,0.0,5.0,1.0,2026-08,2026,8
India,Delhi,Delhi,"Talkatora Garden, Delhi - DPCC",2026-08-23 11:00:00,28.62181,77.1944633,OZONE,6.0,9.0,8.0,2026-08,2026,8
India,Delhi,Delhi,"NSIT Dwarka, Delhi - CPCB",2026-08-23 11:00:00,28.60909,77.0325413,NH3,3.0,8.0,6.0,2026-08,2026,8
India,Delhi,Delhi,"Aya Nagar, Delhi - IITM",2026-08-23 11:00:00,28.4706914,77.1099364,NO2,28.0,36.0,32.0,2026-08,2026,8
India,Delhi,Delhi,"Aya Nagar, Delhi - IITM",2026-08-23 11:00:00,28.4706914,77.1099364,SO2,12.0,26.0,20.0,2026-08,2026,8
India,Delhi,Delhi,"Aya Nagar, Delhi - IITM",2026-08-23 11:00:00,28.4706914,77.1099364,OZONE,6.0,26.0,13.0,2026-08,2026,8
India,Delhi,Delhi,"CRRI Mathura Road, Delhi - IITM",2026-08-23 11:00:00,28.5512005,77.2735737,PM2.5,23.0,88.0,58.0,2026-08,2026,8
India,Delhi,Delhi,"CRRI Mathura Road, Delhi - IITM",2026-08-23 11:00:00,28.5512005,77.2735737,NO2,1.0,95.0,43.0,2026-08,2026,8
India,Delhi,Delhi,"Burari Crossing, Delhi - IITM",2026-08-23 11:00:00,28.7256504,77.2011573,PM2.5,1.0,147.0,54.0,2026-08,2026,8
India,Delhi,Delhi,"Burari Crossing, Delhi - IITM",2026-08-23 11:00:00,28.7256504,77.2011573,NO2,10.0,81.0,40.0,2026-08,2026,8
India,Delhi,Delhi,"Punjabi Bagh, Delhi - DPCC",2026-08-23 11:00:00,28.674045,77.131023,PM10,32.0,175.0,112.0,2026-08,2026,8
India,Delhi,Delhi,"Punjabi Bagh, Delhi - DPCC",2026-08-23 11:00:00,28.674045,77.131023,CO,35.0,42.0,38.0,2026-08,2026,8
India,Delhi,Delhi,"Ashok Vihar, Delhi - DPCC",2026-08-23 11:00:00,28.695381,77.181665,PM10,36.0,149.0,104.0,2026-08,2026,8
India,Delhi,Delhi,"Ashok Vihar, Delhi - DPCC",2026-08-23 11:00:00,28.695381,77.181665,SO2,13.0,18.0,15.0,2026-08,2026,8
India,Delhi,Delhi,"Anand Vihar, Delhi - DPCC",2026-08-23 11:00:00,28.647622,77.315809,NH3,7.0,18.0,10.0,2026-08,2026,8
India,Delhi,Delhi,"Anand Vihar, Delhi - DPCC",2026-08-23 11:00:00,28.647622,77.315809,SO2,23.0,35.0,30.0,2026-08,2026,8
India,Delhi,Delhi,"Anand Vihar, Delhi - DPCC",2026-08-23 11:00:00,28.647622,77.315809,OZONE,2.0,3.0,3.0,2026-08,2026,8
India,Delhi,Delhi,"Shadipur, Delhi - CPCB",2026-08-23 11:00:00,28.6514781,77.1473105,NH3,6.0,13.0,8.0,2026-08,2026,8
India,Delhi,Delhi,"Shadipur, Delhi - CPCB",2026-08-23 11:00:00,28.6514781,77.1473105,SO2,8.0,21.0,16.0,2026-08,2026,8
India,Delhi,Delhi,"Mandir Marg, Delhi - DPCC",2026-08-23 11:00:00,28.636429,77.201067,PM2.5,33.0,133.0,86.0,2026-08,2026,8
India,Delhi,Delhi,"Mandir Marg, Delhi - DPCC",2026-08-23 11:00:00,28.636429,77.201067,NH3,7.0,9.0,8.0,2026-08,2026,8
India,Delhi,Delhi,"Mandir Marg, Delhi - DPCC",2026-08-23 11:00:00,28.636429,77.201067,SO2,29.0,37.0,33.0,2026-08,2026,8
India,Delhi,Delhi,"Mandir Marg, Delhi - DPCC",2026-08-23 11:00:00,28.636429,77.201067,OZONE,9.0,16.0,12.0,2026-08,2026,8
India,Delhi,Delhi,"Pusa, Delhi - DPCC",2026-08-23 11:00:00,28.639652,77.146275,NH3,4.0,12.0,9.0,2026-08,2026,8
India,Delhi,Delhi,"Pusa, Delhi - DPCC",2026-08-23 11:00:00,28.639652,77.146275,SO2,0.0,11.0,7.0,2026-08,2026,8
India,Delhi,Delhi,"Sirifort, Delhi - CPCB",2026-08-23 11:00:00,28.5504249,77.2159377,NH3,3.0,8.0,5.0,2026-08,2026,8
India,Delhi,Delhi,"IMD Lodhi Road, Delhi - IITM",2026-08-23 11:00:00,28.5918245,77.2273074,PM2.5,12.0,26.0,20.0,2026-08,2026,8
India,Delhi,Delhi,"IMD Lodhi Road, Delhi - IITM",2026-08-23 11:00:00,28.5918245,77.2273074,NO2,3.0,26.0,12.0,2026-08,2026,8
India,Delhi,Delhi,"IMD Lodhi Road, Delhi - IITM",2026-08-23 11:00:00,28.5918245,77.2273074,NH3,12.0,26.0,20.0,2026-08,2026,8
India,Delhi,Delhi,"Alipur, Delhi - DPCC",2026-08-23 11:00:00,28.815329,77.15301,PM10,11.0,154.0,88.0,2026-08,2026,8
India,Delhi,Delhi,"Alipur, Delhi - DPCC",2026-08-23 11:00:00,28.815329,77.15301,NH3,5.0,8.0,7.0,2026-08,2026,8
India,Delhi,Delhi,"Alipur, Delhi - DPCC",2026-08-23 11:00:00,28.815329,77.15301,SO2,6.0,10.0,8.0,2026-08,2026,8
India,Delhi,Delhi,"North Campus, DU, Delhi - IITM",2026-08-23 11:00:00,28.6573814,77.1585447,PM10,9.0,300.0,109.0,2026-08,2026,8
India,Delhi,Delhi,"North Campus, DU, Delhi - IITM",2026-08-23 11:00:00,28.6573814,77.1585447,NO2,43.0,260.0,114.0,2026-08,2026,8
India,Delhi,Delhi,"R K Puram, Delhi - DPCC",2026-08-23 11:00:00,28.563262,77.186937,CO,36.0,45.0,40.0,2026-08,2026,8
India,Gujarat,Ahmedabad,"SVPI Airport Hansol, Ahmedabad - IITM",2026-08-23 11:00:00,23.076793,72.627874,PM10,67.0,130.0,102.0,2026-08,2026,8
India,Gujarat,Ahmedabad,"SVPI Airport Hansol, Ahmedabad - IITM",2026-08-23 11:00:00,23.076793,72.627874,NO2,15.0,47.0,27.0,2026-08,2026,8
India,Gujarat,Ahmedabad,"SVPI Airport Hansol, Ahmedabad - IITM",2026-08-23 11:00:00,23.076793,72.627874,NH3,2.0,3.0,2.0,2026-08,2026,8
India,Gujarat,Ahmedabad,"SVPI Airport Hansol, Ahmedabad - IITM",2026-08-23 11:00:00,23.076793,72.627874,CO,3.0,24.0,15.0,2026-08,2026,8
India,Gujarat,Ahmedabad,"Maninagar, Ahmedabad - GPCB",2026-08-23 11:00:00,23.002657,72.591912,NH3,12.0,26.0,20.0,2026-08,2026,8
India,Gujarat,Ahmedabad,"Chandkheda, Ahmedabad - IITM",2026-08-23 11:00:00,23.107969,72.574648,OZONE,4.0,8.0,6.0,2026-08,2026,8
India,Gujarat,Ahmedabad,"SAC ISRO Bopal, Ahmedabad - IITM",2026-08-23 11:00:00,23.041137,72.456691,PM10,25.0,77.0,49.0,2026-08,2026,8
India,Gujarat,Ahmedabad,"SAC ISRO Bopal, Ahmedabad - IITM",2026-08-23 11:00:00,23.041137,72.456691,NO2,23.0,27.0,25.0,2026-08,2026,8
India,Gujarat,Ahmedabad,"SAC ISRO Satellite, Ahmedabad - IITM",2026-08-23 11:00:00,23.023389,72.515201,OZONE,14.0,19.0,16.0,2026-08,2026,8
India,Gujarat,Ahmedabad,"Gyaspur, Ahmedabad - IITM",2026-08-23 11:00:00,22.977134,72.553024,NH3,2.0,6.0,4.0,2026-08,2026,8
India,Gujarat,Ahmedabad,"Gyaspur, Ahmedabad - IITM",2026-08-23 11:00:00,22.977134,72.553024,SO2,4.0,21.0,10.0,2026-08,2026,8
India,Gujarat,Ahmedabad,"Gyaspur, Ahmedabad - IITM",2026-08-23 11:00:00,22.977134,72.553024,OZONE,15.0,32.0,22.0,2026-08,2026,8
India,Gujarat,Ahmedabad,"Raikhad, Ahmedabad - IITM",2026-08-23 11:00:00,23.020509,72.579261,PM10,57.0,105.0,74.0,2026-08,2026,8
India,Gujarat,Ankleshwar,"GIDC, Ankleshwar - GPCB",2026-08-23 11:00:00,21.613267,73.010555,PM10,12.0,26.0,20.0,2026-08,2026,8
India,Gujarat,Ankleshwar,"GIDC, Ankleshwar - GPCB",2026-08-23 11:00:00,21.613267,73.010555,OZONE,30.0,33.0,32.0,2026-08,2026,8
India,Gujarat,Bhavnagar,"Vidhyanagar, Bhavnagar - Nexteng Enviro",2026-08-23 11:00:00,21.755417,72.139056,NO2,39.0,52.0,46.0,2026-08,2026,8
India,Gujarat,Gandhinagar,"Sector-10, Gandhinagar - GPCB",2026-08-23 11:00:00,23.221714,72.654328,PM2.5,26.0,63.0,47.0,2026-08,2026,8
India,Delhi,Delhi,"Chandni Chowk, Delhi - IITM",2026-08-23 11:00:00,28.656756,77.227234,CO,71.0,81.0,77.0,2026-08,2026,8
India,Delhi,Delhi,"Pusa, Delhi - IITM",2026-08-23 11:00:00,28.63611,77.173332,PM10,11.0,130.0,80.0,2026-08,2026,8
India,Delhi,Delhi,"DTU, Delhi - CPCB",2026-08-23 11:00:00,28.7500499,77.1112615,PM10,23.0,128.0,72.0,2026-08,2026,8
India,Delhi,Delhi,"DTU, Delhi - CPCB",2026-08-23 11:00:00,28.7500499,77.1112615,NH3,1.0,14.0,8.0,2026-08,2026,8
India,Delhi,Delhi,"Dwarka-Sector 8, Delhi - DPCC ",2026-08-23 11:00:00,28.5710274,77.0719006,PM2.5,8.0,88.0,37.0,2026-08,2026,8
India,Delhi,Delhi,"Dr. Karni Singh Shooting Range, Delhi - DPCC",2026-08-23 11:00:00,28.498571,77.26484,CO,21.0,35.0,28.0,2026-08,2026,8
India,Delhi,Delhi,"Dr. Karni Singh Shooting Range, Delhi - DPCC",2026-08-23 11:00:00,28.498571,77.26484,OZONE,6.0,13.0,10.0,2026-08,2026,8
India,Delhi,Delhi,"IIT Delhi, Delhi - IITM",2026-08-23 11:00:00,28.54246,77.191651,SO2,12.0,26.0,20.0,2026-08,2026,8
India,Delhi,Delhi,"IGI Airport (T3), Delhi - IITM",2026-08-23 11:00:00,28.5627763,77.1180053,PM10,45.0,197.0,100.0,2026-08,2026,8
India,Delhi,Delhi,"IGI Airport (T3), Delhi - IITM",2026-08-23 11:00:00,28.5627763,77.1180053,SO2,12.0,26.0,20.0,2026-08,2026,8
India,Delhi,Delhi,"IGNOU_Maidan Garhi, Delhi - DPCC",2026-08-23 11:00:00,28.493624,77.201159,PM2.5,10.0,78.0,32.0,2026-08,2026,8
India,Chhattisgarh,Raipur,"Bhatagaon New ISBT, Raipur - CECB",2026-08-23 11:00:00,21.219665,81.630094,PM2.5,9.0,18.0,14.0,2026-08,2026,8
India,Chhattisgarh,Raipur,"Siltara Phase-II, Raipur - CECB",2026-08-23 11:00:00,21.371751,81.664929,PM2.5,23.0,69.0,45.0,2026-08,2026,8
India,Chhattisgarh,Raipur,"Siltara Phase-II, Raipur - CECB",2026-08-23 11:00:00,21.371751,81.664929,OZONE,5.0,9.0,6.0,2026-08,2026,8
India,Chhattisgarh,Raipur,"AIIMS, Raipur - CECB",2026-08-23 11:00:00,21.258815,81.578979,PM2.5,17.0,31.0,24.0,2026-08,2026,8
India,Chhattisgarh,Raipur,"AIIMS, Raipur - CECB",2026-08-23 11:00:00,21.258815,81.578979,OZONE,5.0,6.0,6.0,2026-08,2026,8
India,Chhattisgarh,Tumidih,"OP Jindal Industrial Park, Tumidih - CECB",2026-08-23 11:00:00,22.06631475,83.33820077,PM10,31.0,121.0,57.0,2026-08,2026,8
India,Chhattisgarh,Tumidih,"OP Jindal Industrial Park, Tumidih - CECB",2026-08-23 11:00:00,22.06631475,83.33820077,NO2,19.0,54.0,34.0,2026-08,2026,8
India,Chhattisgarh,Tumidih,"OP Jindal Industrial Park, Tumidih - CECB",2026-08-23 11:00:00,22.06631475,83.33820077,SO2,5.0,5.0,5.0,2026-08,2026,8
India,Delhi,Delhi,"ITO, Delhi - CPCB",2026-08-23 11:00:00,28.628624,77.24106,SO2,2.0,35.0,19.0,2026-08,2026,8
India,Delhi,Delhi,"Major Dhyan Chand National Stadium, Delhi - DPCC",2026-08-23 11:00:00,28.611281,77.237738,PM2.5,22.0,92.0,50.0,2026-08,2026,8
India,Delhi,Delhi,"Major Dhyan Chand National Stadium, Delhi - DPCC",2026-08-23 11:00:00,28.611281,77.237738,PM10,30.0,125.0,90.0,2026-08,2026,8
India,Delhi,Delhi,"Major Dhyan Chand National Stadium, Delhi - DPCC",2026-08-23 11:00:00,28.611281,77.237738,NO2,12.0,55.0,30.0,2026-08,2026,8
India,Delhi,Delhi,"Sonia Vihar, Delhi - DPCC",2026-08-23 11:00:00,28.710508,77.249485,NO2,20.0,77.0,37.0,2026-08,2026,8
India,Delhi,Delhi,"Bawana, Delhi - DPCC",2026-08-23 11:00:00,28.7762,77.051074,NH3,12.0,26.0,20.0,2026-08,2026,8
India,Delhi,Delhi,"Rohini, Delhi - DPCC",2026-08-23 11:00:00,28.732528,77.11992,CO,36.0,50.0,40.0,2026-08,2026,8
India,Delhi,Delhi,"Vivek Vihar, Delhi - DPCC",2026-08-23 11:00:00,28.672342,77.31526,PM10,24.0,150.0,95.0,2026-08,2026,8
India,Delhi,Delhi,"Jahangirpuri, Delhi - DPCC",2026-08-23 11:00:00,28.73282,77.170633,PM10,48.0,214.0,133.0,2026-08,2026,8
India,Gujarat,Gandhinagar,"Sector-10, Gandhinagar - GPCB",2026-08-23 11:00:00,23.221714,72.654328,SO2,3.0,3.0,3.0,2026-08,2026,8
India,Gujarat,Gandhinagar,"GIFT City, Gandhinagar - IITM",2026-08-23 11:00:00,23.163798,72.677768,PM2.5,20.0,91.0,50.0,2026-08,2026,8
India,Gujarat,Nandesari,"GIDC, Nandesari - Nandesari Ind. Association",2026-08-23 11:00:00,22.410802,73.097923,NO2,0.0,19.0,9.0,2026-08,2026,8
India,Gujarat,Surat,"Science Center, Surat - SMC",2026-08-23 11:00:00,21.170046,72.795405,PM2.5,27.0,62.0,44.0,2026-08,2026,8
India,Gujarat,Surat,"Science Center, Surat - SMC",2026-08-23 11:00:00,21.170046,72.795405,CO,35.0,39.0,38.0,2026-08,2026,8
India,Gujarat,Surat,"Katargam, Surat - Nexteng Enviro",2026-08-23 11:00:00,21.217779,72.834787,OZONE,8.0,9.0,8.0,2026-08,2026,8
India,Jammu and Kashmir,Pampore,"Khrew, Pampore - JKPCC",2026-08-23 11:00:00,34.031606,75.009712,PM10,21.0,68.0,42.0,2026-08,2026,8
India,Jammu and Kashmir,Pampore,"Khrew, Pampore - JKPCC",2026-08-23 11:00:00,34.031606,75.009712,NO2,7.0,26.0,13.0,2026-08,2026,8
India,Jammu and Kashmir,Pampore,"Khrew, Pampore - JKPCC",2026-08-23 11:00:00,34.031606,75.009712,SO2,12.0,26.0,20.0,2026-08,2026,8
India,Jammu and Kashmir,Pampore,"Khrew, Pampore - JKPCC",2026-08-23 11:00:00,34.031606,75.009712,OZONE,12.0,26.0,20.0,2026-08,2026,8
India,Jammu and Kashmir,Srinagar,"Rajbagh, Srinagar - JKPCC",2026-08-23 11:00:00,34.066206,74.81982,OZONE,1.0,2.0,1.0,2026-08,2026,8
India,Jharkhand,Dhanbad,"Sardar Patel Nagar, Dhanbad - JSPCB",2026-08-23 11:00:00,23.80569,86.44268,PM10,12.0,26.0,20.0,2026-08,2026,8
India,Jharkhand,Dhanbad,"Sardar Patel Nagar, Dhanbad - JSPCB",2026-08-23 11:00:00,23.80569,86.44268,CO,3.0,11.0,7.0,2026-08,2026,8
India,Jharkhand,Jorapokhar,"Tata Stadium, Jorapokhar - JSPCB",2026-08-23 11:00:00,23.707909,86.41467,PM2.5,58.0,83.0,63.0,2026-08,2026,8
India,Jharkhand,Jorapokhar,"Tata Stadium, Jorapokhar - JSPCB",2026-08-23 11:00:00,23.707909,86.41467,PM10,55.0,131.0,106.0,2026-08,2026,8
India,Jharkhand,Jorapokhar,"Tata Stadium, Jorapokhar - JSPCB",2026-08-23 11:00:00,23.707909,86.41467,CO,39.0,40.0,39.0,2026-08,2026,8
India,Karnataka,Belgaum,"Ramteerth Nagar, Belgaum - KSPCB",2026-08-23 11:00:00,15.888653,74.541751,NH3,12.0,26.0,20.0,2026-08,2026,8
India,Karnataka,Bengaluru,"Jigani, Bengaluru - KSPCB",2026-08-23 11:00:00,12.7816279,77.6299145,SO2,16.0,17.0,16.0,2026-08,2026,8
India,Karnataka,Bengaluru,"Jigani, Bengaluru - KSPCB",2026-08-23 11:00:00,12.7816279,77.6299145,OZONE,21.0,22.0,21.0,2026-08,2026,8
India,Karnataka,Bengaluru,"City Railway Station, Bengaluru - KSPCB",2026-08-23 11:00:00,12.9756843,77.5660749,PM10,78.0,93.0,92.0,2026-08,2026,8
India,Karnataka,Bengaluru,"City Railway Station, Bengaluru - KSPCB",2026-08-23 11:00:00,12.9756843,77.5660749,CO,54.0,59.0,56.0,2026-08,2026,8
India,Karnataka,Bengaluru,"Jayanagar 5th Block, Bengaluru - KSPCB",2026-08-23 11:00:00,12.920984,77.584908,NO2,4.0,13.0,8.0,2026-08,2026,8
India,Karnataka,Bengaluru,"Jayanagar 5th Block, Bengaluru - KSPCB",2026-08-23 11:00:00,12.920984,77.584908,SO2,17.0,32.0,24.0,2026-08,2026,8
India,Karnataka,Chikkaballapur,"Chikkaballapur Rural, Chikkaballapur - KSPCB",2026-08-23 11:00:00,13.428828,77.731418,PM10,12.0,26.0,20.0,2026-08,2026,8
India,Karnataka,Chikkamagaluru,"Kalyana Nagara, Chikkamagaluru - KSPCB",2026-08-23 11:00:00,13.328028,75.797056,PM2.5,27.0,40.0,28.0,2026-08,2026,8
India,Karnataka,Chikkamagaluru,"Kalyana Nagara, Chikkamagaluru - KSPCB",2026-08-23 11:00:00,13.328028,75.797056,PM10,37.0,50.0,39.0,2026-08,2026,8
India,Karnataka,Gadag,"Panchal Nagar, Gadag - KSPCB",2026-08-23 11:00:00,15.411456,75.638133,PM2.5,57.0,116.0,85.0,2026-08,2026,8
India,Karnataka,Gadag,"Panchal Nagar, Gadag - KSPCB",2026-08-23 11:00:00,15.411456,75.638133,CO,37.0,76.0,66.0,2026-08,2026,8
India,Karnataka,Kalaburagi,"Mahatma Basaveswar Colony, Kalaburgi - KSPCB",2026-08-23 11:00:00,17.336318,76.847397,PM2.5,12.0,39.0,16.0,2026-08,2026,8
India,Karnataka,Kalaburagi,"Mahatma Basaveswar Colony, Kalaburgi - KSPCB",2026-08-23 11:00:00,17.336318,76.847397,NO2,10.0,17.0,12.0,2026-08,2026,8
India,Karnataka,Kalaburagi,"Mahatma Basaveswar Colony, Kalaburgi - KSPCB",2026-08-23 11:00:00,17.336318,76.847397,CO,26.0,28.0,27.0,2026-08,2026,8
India,Karnataka,Kalaburagi,"Mahatma Basaveswar Colony, Kalaburgi - KSPCB",2026-08-23 11:00:00,17.336318,76.847397,OZONE,13.0,14.0,13.0,2026-08,2026,8
India,Karnataka,Karwar,"KHB Colony, Karwar - KSPCB",2026-08-23 11:00:00,14.816666,74.141003,NH3,3.0,119.0,34.0,2026-08,2026,8
India,Karnataka,Karwar,"KHB Colony, Karwar - KSPCB",2026-08-23 11:00:00,14.816666,74.141003,CO,12.0,26.0,20.0,2026-08,2026,8
India,Karnataka,Mangalore,"Kadri, Mangalore - KSPCB",2026-08-23 11:00:00,12.88925,74.853,CO,12.0,26.0,20.0,2026-08,2026,8
India,Haryana,Ballabgarh,"Nathu Colony, Ballabgarh - HSPCB",2026-08-23 11:00:00,28.3419248,77.319699,CO,15.0,18.0,17.0,2026-08,2026,8
India,Haryana,Dharuhera,"Municipal Corporation Office, Dharuhera -  HSPCB",2026-08-23 11:00:00,28.2068,76.7997,SO2,6.0,10.0,8.0,2026-08,2026,8
India,Haryana,Faridabad,"New Industrial Town, Faridabad - HSPCB",2026-08-23 11:00:00,28.39072,77.30059,PM2.5,42.0,99.0,72.0,2026-08,2026,8
India,Haryana,Faridabad,"New Industrial Town, Faridabad - HSPCB",2026-08-23 11:00:00,28.39072,77.30059,NO2,24.0,27.0,25.0,2026-08,2026,8
India,Haryana,Faridabad,"New Industrial Town, Faridabad - HSPCB",2026-08-23 11:00:00,28.39072,77.30059,NH3,11.0,12.0,11.0,2026-08,2026,8
India,Haryana,Faridabad,"New Industrial Town, Faridabad - HSPCB",2026-08-23 11:00:00,28.39072,77.30059,SO2,2.0,106.0,16.0,2026-08,2026,8
India,Haryana,Gurugram,"Teri Gram, Gurugram - HSPCB",2026-08-23 11:00:00,28.4275,77.1465,NH3,9.0,17.0,12.0,2026-08,2026,8
India,Haryana,Gurugram,"NISE Gwal Pahari, Gurugram - IITM",2026-08-23 11:00:00,28.422681,77.148944,NH3,12.0,26.0,20.0,2026-08,2026,8
India,Haryana,Gurugram,"Sector-51, Gurugram - HSPCB",2026-08-23 11:00:00,28.4227,77.0667,PM2.5,46.0,276.0,110.0,2026-08,2026,8
India,Gujarat,Vadodara,"Bapunagar, Vadodara - Nexteng Enviro",2026-08-23 11:00:00,22.320153,73.216285,NH3,2.0,2.0,2.0,2026-08,2026,8
India,Gujarat,Vapi,"Phase-1 GIDC, Vapi - GPCB",2026-08-23 11:00:00,20.362421,72.918013,NO2,10.0,22.0,12.0,2026-08,2026,8
India,Gujarat,Vatva,"Phase-4 GIDC, Vatva - GPCB",2026-08-23 11:00:00,22.969611,72.6435,NO2,25.0,43.0,36.0,2026-08,2026,8
India,Gujarat,Vatva,"Phase-4 GIDC, Vatva - GPCB",2026-08-23 11:00:00,22.969611,72.6435,NH3,5.0,5.0,5.0,2026-08,2026,8
India,Gujarat,Vatva,"Phase-4 GIDC, Vatva - GPCB",2026-08-23 11:00:00,22.969611,72.6435,SO2,15.0,32.0,23.0,2026-08,2026,8
India,Gujarat,Vatva,"Phase-4 GIDC, Vatva - GPCB",2026-08-23 11:00:00,22.969611,72.6435,OZONE,11.0,11.0,11.0,2026-08,2026,8
India,Haryana,Ambala,"Patti Mehar, Ambala - HSPCB",2026-08-23 11:00:00,30.379589,76.778328,PM2.5,30.0,76.0,51.0,2026-08,2026,8
India,Haryana,Ambala,"Patti Mehar, Ambala - HSPCB",2026-08-23 11:00:00,30.379589,76.778328,SO2,59.0,104.0,88.0,2026-08,2026,8
India,Haryana,Bahadurgarh,"Arya Nagar, Bahadurgarh - HSPCB",2026-08-23 11:00:00,28.6701,76.9254,PM10,38.0,198.0,81.0,2026-08,2026,8
India,Haryana,Bahadurgarh,"Arya Nagar, Bahadurgarh - HSPCB",2026-08-23 11:00:00,28.6701,76.9254,CO,29.0,35.0,32.0,2026-08,2026,8
India,Karnataka,Bengaluru,"Jayanagar 5th Block, Bengaluru - KSPCB",2026-08-23 11:00:00,12.920984,77.584908,CO,4.0,12.0,9.0,2026-08,2026,8
India,Karnataka,Bengaluru,"Peenya, Bengaluru - CPCB",2026-08-23 11:00:00,13.0270199,77.494094,NO2,10.0,24.0,17.0,2026-08,2026,8
India,Karnataka,Bengaluru,"Peenya, Bengaluru - CPCB",2026-08-23 11:00:00,13.0270199,77.494094,CO,32.0,35.0,34.0,2026-08,2026,8
India,Karnataka,Bengaluru,"Shivapura_Peenya, Bengaluru - KSPCB",2026-08-23 11:00:00,13.0246342,77.5080115,PM10,66.0,66.0,66.0,2026-08,2026,8
India,Karnataka,Bengaluru,"Hebbal, Bengaluru - KSPCB",2026-08-23 11:00:00,13.029152,77.585901,PM10,18.0,37.0,28.0,2026-08,2026,8
India,Karnataka,Bengaluru,"Hebbal, Bengaluru - KSPCB",2026-08-23 11:00:00,13.029152,77.585901,NO2,3.0,21.0,16.0,2026-08,2026,8
India,Karnataka,Bengaluru,"Hebbal, Bengaluru - KSPCB",2026-08-23 11:00:00,13.029152,77.585901,NH3,2.0,2.0,2.0,2026-08,2026,8
India,Karnataka,Bengaluru,"Silk Board, Bengaluru - KSPCB",2026-08-23 11:00:00,12.917348,77.622813,NO2,17.0,19.0,18.0,2026-08,2026,8
India,Karnataka,Chamarajanagar,"Urban, Chamarajanagar - KSPCB",2026-08-23 11:00:00,11.55358,76.55521,NH3,2.0,2.0,2.0,2026-08,2026,8
India,Karnataka,Mysuru,"Hebbal 1st Stage, Mysuru - KSPCB",2026-08-23 11:00:00,12.21041,76.37376,NO2,9.0,39.0,21.0,2026-08,2026,8
India,Karnataka,Mysuru,"Hebbal 1st Stage, Mysuru - KSPCB",2026-08-23 11:00:00,12.21041,76.37376,CO,5.0,14.0,7.0,2026-08,2026,8
India,Karnataka,Ramanagara,"Vijay Nagar, Ramanagara - KSPCB",2026-08-23 11:00:00,12.733409,77.298051,PM2.5,5.0,37.0,19.0,2026-08,2026,8
India,Karnataka,Shivamogga,"Vinoba Nagara, Shivamogga - KSPCB",2026-08-23 11:00:00,13.94,75.555917,NO2,18.0,29.0,19.0,2026-08,2026,8
India,Kerala,Eloor,"Udyogamandal, Eloor - Kerala PCB",2026-08-23 11:00:00,10.073232,76.302765,PM2.5,53.0,62.0,56.0,2026-08,2026,8
India,Kerala,Eloor,"Udyogamandal, Eloor - Kerala PCB",2026-08-23 11:00:00,10.073232,76.302765,NO2,6.0,7.0,6.0,2026-08,2026,8
India,Kerala,Eloor,"Udyogamandal, Eloor - Kerala PCB",2026-08-23 11:00:00,10.073232,76.302765,OZONE,27.0,30.0,29.0,2026-08,2026,8
India,Kerala,Thiruvananthapuram,"Plammoodu, Thiruvananthapuram - Kerala PCB",2026-08-23 11:00:00,8.5149093,76.9435879,SO2,10.0,21.0,15.0,2026-08,2026,8
India,Haryana,Panchkula,"Sector-6, Panchkula - HSPCB ",2026-08-23 11:00:00,30.7057778,76.8531805555555,PM10,12.0,26.0,20.0,2026-08,2026,8
India,Haryana,Panchkula,"Sector-6, Panchkula - HSPCB ",2026-08-23 11:00:00,30.7057778,76.8531805555555,NO2,26.0,32.0,30.0,2026-08,2026,8
India,Haryana,Panipat,"Sector-18, Panipat - HSPCB",2026-08-23 11:00:00,29.432304,76.972765,SO2,35.0,67.0,48.0,2026-08,2026,8
India,Haryana,Sirsa,"F-Block, Sirsa - HSPCB",2026-08-23 11:00:00,29.5364,75.0158,PM10,63.0,93.0,78.0,2026-08,2026,8
India,Haryana,Sirsa,"F-Block, Sirsa - HSPCB",2026-08-23 11:00:00,29.5364,75.0158,NO2,17.0,23.0,20.0,2026-08,2026,8
India,Haryana,Sonipat,"Murthal, Sonipat - HSPCB",2026-08-23 11:00:00,29.0272,77.0621,OZONE,49.0,51.0,50.0,2026-08,2026,8
India,Himachal Pradesh,Baddi,"HIMUDA Complex Phase-1, Baddi - HPPCB",2026-08-23 11:00:00,30.943887,76.801991,PM10,25.0,425.0,101.0,2026-08,2026,8
India,Haryana,Mandikhera,"General Hospital, Mandikhera(Nuh) - HSPCB",2026-08-23 11:00:00,27.9002,76.9938,NO2,14.0,17.0,16.0,2026-08,2026,8
India,Haryana,Manesar,"Sector-2 IMT, Manesar - HSPCB",2026-08-23 11:00:00,28.360699,76.93609,SO2,5.0,33.0,12.0,2026-08,2026,8
India,Haryana,Narnaul,"Shastri Nagar, Narnaul - HSPCB",2026-08-23 11:00:00,28.060249,76.113115,PM10,96.0,123.0,109.0,2026-08,2026,8
India,Haryana,Narnaul,"Shastri Nagar, Narnaul - HSPCB",2026-08-23 11:00:00,28.060249,76.113115,NH3,3.0,8.0,5.0,2026-08,2026,8
India,Haryana,Narnaul,"Shastri Nagar, Narnaul - HSPCB",2026-08-23 11:00:00,28.060249,76.113115,SO2,5.0,18.0,10.0,2026-08,2026,8
India,Haryana,Narnaul,"Shastri Nagar, Narnaul - HSPCB",2026-08-23 11:00:00,28.060249,76.113115,CO,11.0,14.0,13.0,2026-08,2026,8
India,Haryana,Palwal,"Shyam Nagar, Palwal - HSPCB",2026-08-23 11:00:00,28.1485564,77.3320667,PM2.5,35.0,95.0,49.0,2026-08,2026,8
India,Haryana,Palwal,"Shyam Nagar, Palwal - HSPCB",2026-08-23 11:00:00,28.1485564,77.3320667,SO2,1.0,52.0,21.0,2026-08,2026,8
India,Haryana,Gurugram,"Sector-51, Gurugram - HSPCB",2026-08-23 11:00:00,28.4227,77.0667,PM10,55.0,184.0,104.0,2026-08,2026,8
India,Haryana,Gurugram,"Sector-51, Gurugram - HSPCB",2026-08-23 11:00:00,28.4227,77.0667,OZONE,12.0,46.0,22.0,2026-08,2026,8
India,Haryana,Hisar,"Urban Estate-II, Hisar - HSPCB",2026-08-23 11:00:00,29.14056,75.744941,PM2.5,30.0,69.0,46.0,2026-08,2026,8
India,Haryana,Hisar,"Urban Estate-II, Hisar - HSPCB",2026-08-23 11:00:00,29.14056,75.744941,CO,12.0,14.0,13.0,2026-08,2026,8
India,Haryana,Kaithal,"Rishi Nagar, Kaithal - HSPCB",2026-08-23 11:00:00,29.8006,76.4155,NH3,4.0,6.0,5.0,2026-08,2026,8
India,Haryana,Karnal,"Sector-12, Karnal - HSPCB",2026-08-23 11:00:00,29.6953,77.0027,OZONE,11.0,13.0,12.0,2026-08,2026,8
India,Haryana,Kurukshetra,"Sector-7, Kurukshetra - HSPCB",2026-08-23 11:00:00,29.966942,76.875879,SO2,3.0,12.0,7.0,2026-08,2026,8
India,Maharashtra,Mumbai,"Chembur, Mumbai - MPCB",2026-08-23 11:00:00,19.0364585,72.8954371,CO,35.0,38.0,37.0,2026-08,2026,8
India,Maharashtra,Mumbai,"Kandivali West, Mumbai - BMC",2026-08-23 11:00:00,19.215859,72.831718,PM10,10.0,26.0,16.0,2026-08,2026,8
India,Maharashtra,Mumbai,"Sewri, Mumbai - BMC",2026-08-23 11:00:00,19.000084,72.85673,NO2,12.0,26.0,20.0,2026-08,2026,8
India,Maharashtra,Mumbai,"Sewri, Mumbai - BMC",2026-08-23 11:00:00,19.000084,72.85673,NH3,2.0,4.0,3.0,2026-08,2026,8
India,Maharashtra,Mumbai,"Khindipada-Bhandup West, Mumbai - IITM",2026-08-23 11:00:00,19.1653323,72.922099,OZONE,8.0,17.0,10.0,2026-08,2026,8
India,Maharashtra,Mumbai,"Malad West, Mumbai - IITM",2026-08-23 11:00:00,19.19709,72.82204,PM10,17.0,76.0,33.0,2026-08,2026,8
India,Maharashtra,Mumbai,"Malad West, Mumbai - IITM",2026-08-23 11:00:00,19.19709,72.82204,NO2,8.0,18.0,11.0,2026-08,2026,8
India,Maharashtra,Mumbai,"Malad West, Mumbai - IITM",2026-08-23 11:00:00,19.19709,72.82204,SO2,9.0,15.0,11.0,2026-08,2026,8
India,Maharashtra,Mumbai,"Borivali East, Mumbai - IITM",2026-08-23 11:00:00,19.23241,72.86895,PM10,24.0,65.0,41.0,2026-08,2026,8
India,Maharashtra,Mumbai,"Borivali East, Mumbai - IITM",2026-08-23 11:00:00,19.23241,72.86895,CO,26.0,41.0,34.0,2026-08,2026,8
India,Maharashtra,Mumbai,"Borivali East, Mumbai - IITM",2026-08-23 11:00:00,19.23241,72.86895,OZONE,15.0,38.0,23.0,2026-08,2026,8
India,Maharashtra,Mumbai,"Mazgaon, Mumbai - IITM",2026-08-23 11:00:00,18.96702,72.84214,OZONE,19.0,25.0,21.0,2026-08,2026,8
India,Maharashtra,Mumbai,"Chakala-Andheri East, Mumbai - IITM",2026-08-23 11:00:00,19.11074,72.86084,PM10,16.0,53.0,37.0,2026-08,2026,8
India,Maharashtra,Mumbai,"Chakala-Andheri East, Mumbai - IITM",2026-08-23 11:00:00,19.11074,72.86084,NO2,3.0,7.0,5.0,2026-08,2026,8
India,Maharashtra,Mumbai,"Bandra Kurla Complex, Mumbai - IITM",2026-08-23 11:00:00,19.053536,72.84643,PM10,48.0,85.0,65.0,2026-08,2026,8
India,Maharashtra,Mumbai,"Bandra Kurla Complex, Mumbai - IITM",2026-08-23 11:00:00,19.053536,72.84643,NO2,3.0,10.0,6.0,2026-08,2026,8
India,Maharashtra,Mumbai,"Bandra Kurla Complex, Mumbai - IITM",2026-08-23 11:00:00,19.053536,72.84643,OZONE,7.0,14.0,9.0,2026-08,2026,8
India,Maharashtra,Mumbai,"Ghatkopar, Mumbai - BMC",2026-08-23 11:00:00,19.083694,72.920967,PM10,33.0,53.0,42.0,2026-08,2026,8
India,Maharashtra,Mumbai,"Ghatkopar, Mumbai - BMC",2026-08-23 11:00:00,19.083694,72.920967,CO,18.0,21.0,20.0,2026-08,2026,8
India,Madhya Pradesh,Jabalpur,"Suhagi, Jabalpur - JMC",2026-08-23 11:00:00,23.218135,79.95777,OZONE,10.0,17.0,13.0,2026-08,2026,8
India,Madhya Pradesh,Katni,"Gole Bazar, Katni - MPPCB",2026-08-23 11:00:00,23.50016,80.23284,PM2.5,11.0,57.0,29.0,2026-08,2026,8
India,Madhya Pradesh,Maihar,"Sahilara, Maihar - KJS Cements",2026-08-23 11:00:00,24.2613009,80.7231783,CO,28.0,28.0,28.0,2026-08,2026,8
India,Madhya Pradesh,Mandideep,"Sector-D Industrial Area, Mandideep - MPPCB",2026-08-23 11:00:00,23.10844,77.511428,CO,15.0,40.0,22.0,2026-08,2026,8
India,Madhya Pradesh,Pithampur,"Sector-2 Industrial Area, Pithampur - MPPCB",2026-08-23 11:00:00,22.624758,75.675238,PM10,78.0,171.0,121.0,2026-08,2026,8
India,Madhya Pradesh,Pithampur,"Sector-2 Industrial Area, Pithampur - MPPCB",2026-08-23 11:00:00,22.624758,75.675238,NH3,7.0,8.0,8.0,2026-08,2026,8
India,Madhya Pradesh,Ratlam,"Shasthri Nagar, Ratlam - IPCA Lab",2026-08-23 11:00:00,23.331731,75.045981,NO2,39.0,55.0,44.0,2026-08,2026,8
India,Madhya Pradesh,Sagar,"Civil Lines, Sagar - MPPCB",2026-08-23 11:00:00,23.838586,78.759431,CO,15.0,18.0,17.0,2026-08,2026,8
India,Madhya Pradesh,Satna,"Bandhavgar Colony, Satna - Birla Cement",2026-08-23 11:00:00,24.58434363,80.8549414,NO2,12.0,13.0,12.0,2026-08,2026,8
India,Madhya Pradesh,Ujjain,"Mahashweta Nagar, Ujjain - MPPCB",2026-08-23 11:00:00,23.1633321,75.800225,PM2.5,15.0,59.0,41.0,2026-08,2026,8
India,Madhya Pradesh,Ujjain,"Mahashweta Nagar, Ujjain - MPPCB",2026-08-23 11:00:00,23.1633321,75.800225,PM10,31.0,87.0,52.0,2026-08,2026,8
India,Madhya Pradesh,Ujjain,"Mahashweta Nagar, Ujjain - MPPCB",2026-08-23 11:00:00,23.1633321,75.800225,NO2,5.0,20.0,10.0,2026-08,2026,8
India,Maharashtra,Ahmednagar,"Tarakpur, Ahmednagar - MPCB",2026-08-23 11:00:00,19.10122,74.73339,OZONE,10.0,18.0,14.0,2026-08,2026,8
India,Maharashtra,Mumbai,"Chhatrapati Shivaji Intl. Airport (T2), Mumbai - MPCB",2026-08-23 11:00:00,19.10078,72.87462,PM2.5,10.0,36.0,26.0,2026-08,2026,8
India,Maharashtra,Mumbai,"Chhatrapati Shivaji Intl. Airport (T2), Mumbai - MPCB",2026-08-23 11:00:00,19.10078,72.87462,PM10,9.0,43.0,29.0,2026-08,2026,8
India,Maharashtra,Mumbai,"Chhatrapati Shivaji Intl. Airport (T2), Mumbai - MPCB",2026-08-23 11:00:00,19.10078,72.87462,NH3,1.0,1.0,1.0,2026-08,2026,8
India,Maharashtra,Mumbai,"Chhatrapati Shivaji Intl. Airport (T2), Mumbai - MPCB",2026-08-23 11:00:00,19.10078,72.87462,CO,12.0,26.0,20.0,2026-08,2026,8
India,Maharashtra,Nagpur,"Mahal, Nagpur - MPCB",2026-08-23 11:00:00,21.14472,79.107595,NH3,1.0,5.0,2.0,2026-08,2026,8
India,Maharashtra,Nagpur,"Mahal, Nagpur - MPCB",2026-08-23 11:00:00,21.14472,79.107595,SO2,5.0,15.0,10.0,2026-08,2026,8
India,Maharashtra,Nagpur,"Mahal, Nagpur - MPCB",2026-08-23 11:00:00,21.14472,79.107595,CO,11.0,34.0,21.0,2026-08,2026,8
India,Maharashtra,Nagpur,"Ram Nagar, Nagpur - MPCB",2026-08-23 11:00:00,21.143383,79.048912,SO2,2.0,5.0,3.0,2026-08,2026,8
India,Maharashtra,Nagpur,"Opp GPO Civil Lines, Nagpur - MPCB",2026-08-23 11:00:00,21.152875,79.0517531,PM2.5,12.0,57.0,38.0,2026-08,2026,8
India,Maharashtra,Nanded,"Sneh Nagar, Nanded - MPCB",2026-08-23 11:00:00,19.173852,77.296291,PM10,16.0,60.0,36.0,2026-08,2026,8
India,Maharashtra,Nashik,"Gangapur Road, Nashik - MPCB",2026-08-23 11:00:00,20.0073285,73.7762427,PM2.5,7.0,33.0,16.0,2026-08,2026,8
India,Maharashtra,Nashik,"Gangapur Road, Nashik - MPCB",2026-08-23 11:00:00,20.0073285,73.7762427,SO2,4.0,8.0,6.0,2026-08,2026,8
India,Maharashtra,Nashik,"Pandav Nagari, Nashik - MPCB",2026-08-23 11:00:00,19.9591346,73.7788008,PM2.5,7.0,18.0,12.0,2026-08,2026,8
India,Maharashtra,Nashik,"Pandav Nagari, Nashik - MPCB",2026-08-23 11:00:00,19.9591346,73.7788008,OZONE,5.0,12.0,8.0,2026-08,2026,8
India,Maharashtra,Nashik,"Hirawadi, Nashik - MPCB",2026-08-23 11:00:00,20.021503,73.813844,PM2.5,7.0,30.0,15.0,2026-08,2026,8
India,Maharashtra,Nashik,"Hirawadi, Nashik - MPCB",2026-08-23 11:00:00,20.021503,73.813844,PM10,11.0,43.0,24.0,2026-08,2026,8
India,Maharashtra,Nashik,"MIDC Ambad, Nashik - MPCB",2026-08-23 11:00:00,19.95022,73.73148,PM2.5,10.0,31.0,19.0,2026-08,2026,8
India,Kerala,Thiruvananthapuram,"Kariavattom, Thiruvananthapuram - Kerala PCB",2026-08-23 11:00:00,8.5637,76.8865,PM10,34.0,121.0,75.0,2026-08,2026,8
India,Kerala,Thrissur,"Corporation Ground, Thrissur - Kerala PCB",2026-08-23 11:00:00,10.5324,76.2159,PM10,46.0,59.0,54.0,2026-08,2026,8
India,Kerala,Thrissur,"Corporation Ground, Thrissur - Kerala PCB",2026-08-23 11:00:00,10.5324,76.2159,NO2,8.0,11.0,9.0,2026-08,2026,8
India,Kerala,Thrissur,"Corporation Ground, Thrissur - Kerala PCB",2026-08-23 11:00:00,10.5324,76.2159,CO,24.0,28.0,26.0,2026-08,2026,8
India,Ladakh,Leh,"Skara Yokma, Leh - LPCC",2026-08-23 11:00:00,34.147096,77.55709,PM10,9.0,43.0,18.0,2026-08,2026,8
India,Ladakh,Leh,"Skara Yokma, Leh - LPCC",2026-08-23 11:00:00,34.147096,77.55709,CO,186.0,187.0,187.0,2026-08,2026,8
India,Madhya Pradesh,Bhopal,"Paryavaran Parisar, Bhopal - MPPCB",2026-08-23 11:00:00,23.210494,77.425409,PM2.5,30.0,60.0,43.0,2026-08,2026,8
India,Madhya Pradesh,Bhopal,"Paryavaran Parisar, Bhopal - MPPCB",2026-08-23 11:00:00,23.210494,77.425409,NO2,10.0,15.0,12.0,2026-08,2026,8
India,Madhya Pradesh,Bhopal,"Paryavaran Parisar, Bhopal - MPPCB",2026-08-23 11:00:00,23.210494,77.425409,OZONE,23.0,35.0,28.0,2026-08,2026,8
India,Madhya Pradesh,Bhopal,"T T Nagar, Bhopal - MPPCB",2026-08-23 11:00:00,23.233584,77.400574,NO2,10.0,26.0,17.0,2026-08,2026,8
India,Madhya Pradesh,Bhopal,"T T Nagar, Bhopal - MPPCB",2026-08-23 11:00:00,23.233584,77.400574,SO2,20.0,25.0,23.0,2026-08,2026,8
India,Madhya Pradesh,Bhopal,"T T Nagar, Bhopal - MPPCB",2026-08-23 11:00:00,23.233584,77.400574,CO,22.0,31.0,26.0,2026-08,2026,8
India,Madhya Pradesh,Damoh,"Shrivastav Colony, Damoh - MPPCB",2026-08-23 11:00:00,23.81748678,79.446246,PM10,8.0,42.0,19.0,2026-08,2026,8
India,Madhya Pradesh,Damoh,"Shrivastav Colony, Damoh - MPPCB",2026-08-23 11:00:00,23.81748678,79.446246,NO2,5.0,13.0,6.0,2026-08,2026,8
India,Madhya Pradesh,Dewas,"Bhopal Chauraha, Dewas - MPPCB",2026-08-23 11:00:00,22.9682591,76.064118,NO2,46.0,76.0,57.0,2026-08,2026,8
India,Maharashtra,Jalna,"Old MIDC, Jalna - MPCB",2026-08-23 11:00:00,19.854616,75.905894,PM2.5,31.0,91.0,57.0,2026-08,2026,8
India,Maharashtra,Kalyan,"Khadakpada, Kalyan - MPCB",2026-08-23 11:00:00,19.25292,73.142019,NO2,37.0,37.0,37.0,2026-08,2026,8
India,Maharashtra,Kalyan,"Khadakpada, Kalyan - MPCB",2026-08-23 11:00:00,19.25292,73.142019,CO,12.0,26.0,20.0,2026-08,2026,8
India,Maharashtra,Kalyan,"Pimpleshwar Mandir, Kalyan - MPCB",2026-08-23 11:00:00,19.192056,72.9585188,CO,40.0,40.0,40.0,2026-08,2026,8
India,Maharashtra,Kalyan,"Pimpleshwar Mandir, Kalyan - MPCB",2026-08-23 11:00:00,19.192056,72.9585188,OZONE,11.0,22.0,15.0,2026-08,2026,8
India,Maharashtra,Kolhapur,"Sinchan Bhavan, Kolhapur - MPCB",2026-08-23 11:00:00,16.7143745,74.2426398,NO2,3.0,10.0,5.0,2026-08,2026,8
India,Maharashtra,Kolhapur,"Sinchan Bhavan, Kolhapur - MPCB",2026-08-23 11:00:00,16.7143745,74.2426398,NH3,0.0,3.0,1.0,2026-08,2026,8
India,Maharashtra,Kolhapur,"Sinchan Bhavan, Kolhapur - MPCB",2026-08-23 11:00:00,16.7143745,74.2426398,CO,7.0,17.0,12.0,2026-08,2026,8
India,Maharashtra,Kolhapur,"Sinchan Bhavan, Kolhapur - MPCB",2026-08-23 11:00:00,16.7143745,74.2426398,OZONE,3.0,13.0,7.0,2026-08,2026,8
India,Maharashtra,Kolhapur,"Shivaji University, Kolhapur - MPCB",2026-08-23 11:00:00,16.6870449,74.2505872,SO2,1.0,1.0,1.0,2026-08,2026,8
India,Maharashtra,Latur,"Sawe Wadi, Latur - MPCB",2026-08-23 11:00:00,18.39963,76.57452,PM2.5,16.0,36.0,22.0,2026-08,2026,8
India,Maharashtra,Latur,"Sawe Wadi, Latur - MPCB",2026-08-23 11:00:00,18.39963,76.57452,NO2,5.0,21.0,10.0,2026-08,2026,8
India,Maharashtra,Latur,"Sawe Wadi, Latur - MPCB",2026-08-23 11:00:00,18.39963,76.57452,CO,7.0,17.0,11.0,2026-08,2026,8
India,Maharashtra,Mahad,"Kamble Tarf Birwadi, Mahad - MPCB",2026-08-23 11:00:00,18.1023399,73.4783687,PM10,30.0,55.0,43.0,2026-08,2026,8
India,Maharashtra,Mahad,"Kamble Tarf Birwadi, Mahad - MPCB",2026-08-23 11:00:00,18.1023399,73.4783687,SO2,7.0,20.0,11.0,2026-08,2026,8
India,Maharashtra,Akola,"Ramdaspeth, Akola - MPCB",2026-08-23 11:00:00,20.719516,77.000253,SO2,9.0,13.0,11.0,2026-08,2026,8
India,Maharashtra,Akola,"Ramdaspeth, Akola - MPCB",2026-08-23 11:00:00,20.719516,77.000253,CO,16.0,23.0,19.0,2026-08,2026,8
India,Maharashtra,Ambernath,"Chinchpada, Ambernath - MPCB",2026-08-23 11:00:00,19.215784,73.199781,OZONE,0.0,7.0,3.0,2026-08,2026,8
India,Maharashtra,Amravati,"Shri Shivaji Science College, Amravati - MPCB",2026-08-23 11:00:00,20.939198,77.765701,PM2.5,9.0,33.0,19.0,2026-08,2026,8
India,Maharashtra,Aurangabad,"MIDC Chilkalthana, Aurangabad - MPCB",2026-08-23 11:00:00,19.87562,75.38731,OZONE,11.0,30.0,20.0,2026-08,2026,8
India,Maharashtra,Aurangabad,"More Chowk Waluj, Aurangabad - MPCB",2026-08-23 11:00:00,19.8389439,75.244448,PM10,44.0,55.0,49.0,2026-08,2026,8
India,Maharashtra,Aurangabad,"More Chowk Waluj, Aurangabad - MPCB",2026-08-23 11:00:00,19.8389439,75.244448,OZONE,9.0,24.0,15.0,2026-08,2026,8
India,Maharashtra,Badlapur,"Katrap, Badlapur - MPCB",2026-08-23 11:00:00,19.16485,73.23409,NH3,11.0,22.0,16.0,2026-08,2026,8
India,Maharashtra,Beed,"Bir, Beed - MPCB",2026-08-23 11:00:00,18.988474,75.753873,PM10,13.0,53.0,32.0,2026-08,2026,8
India,Maharashtra,Beed,"Bir, Beed - MPCB",2026-08-23 11:00:00,18.988474,75.753873,NO2,3.0,15.0,10.0,2026-08,2026,8
India,Maharashtra,Belapur,"CBD Belapur, Belapur - MPCB",2026-08-23 11:00:00,19.0243902,73.0406721,PM2.5,17.0,45.0,29.0,2026-08,2026,8
India,Madhya Pradesh,Gwalior,"Maharaj Bada, Gwalior - MPPCB",2026-08-23 11:00:00,26.200388,78.147714,OZONE,1.0,23.0,7.0,2026-08,2026,8
India,Madhya Pradesh,Gwalior,"City Center, Gwalior - MPPCB",2026-08-23 11:00:00,26.203442,78.193251,PM2.5,35.0,69.0,50.0,2026-08,2026,8
India,Madhya Pradesh,Gwalior,"City Center, Gwalior - MPPCB",2026-08-23 11:00:00,26.203442,78.193251,NH3,1.0,3.0,2.0,2026-08,2026,8
India,Madhya Pradesh,Indore,"Regional Park, Indore - IMC",2026-08-23 11:00:00,22.678,75.8559,PM10,6.0,44.0,27.0,2026-08,2026,8
India,Madhya Pradesh,Indore,"Regional Park, Indore - IMC",2026-08-23 11:00:00,22.678,75.8559,CO,6.0,48.0,27.0,2026-08,2026,8
India,Madhya Pradesh,Indore,"Chhoti Gwaltoli, Indore - MPPCB",2026-08-23 11:00:00,22.431,75.5213,OZONE,14.0,25.0,18.0,2026-08,2026,8
India,Madhya Pradesh,Indore,"Residency Area, Indore - IMC",2026-08-23 11:00:00,22.7084,75.8815,NO2,12.0,26.0,20.0,2026-08,2026,8
India,Madhya Pradesh,Jabalpur,"Gupteshwar, Jabalpur - JMC",2026-08-23 11:00:00,23.142888,79.916147,NH3,4.0,9.0,5.0,2026-08,2026,8
India,Madhya Pradesh,Jabalpur,"Govindh Bhavan Colony, Jabalpur - JMC",2026-08-23 11:00:00,23.163174,79.973061,PM10,33.0,58.0,41.0,2026-08,2026,8
India,Madhya Pradesh,Jabalpur,"Govindh Bhavan Colony, Jabalpur - JMC",2026-08-23 11:00:00,23.163174,79.973061,NO2,16.0,25.0,20.0,2026-08,2026,8
India,Madhya Pradesh,Jabalpur,"Govindh Bhavan Colony, Jabalpur - JMC",2026-08-23 11:00:00,23.163174,79.973061,SO2,4.0,9.0,6.0,2026-08,2026,8
India,Madhya Pradesh,Jabalpur,"Govindh Bhavan Colony, Jabalpur - JMC",2026-08-23 11:00:00,23.163174,79.973061,CO,38.0,43.0,40.0,2026-08,2026,8
India,Maharashtra,Boisar,"Khaira, Boisar - MPCB",2026-08-23 11:00:00,19.786089,72.757971,PM10,32.0,59.0,45.0,2026-08,2026,8
India,Maharashtra,Boisar,"Khaira, Boisar - MPCB",2026-08-23 11:00:00,19.786089,72.757971,SO2,4.0,4.0,4.0,2026-08,2026,8
India,Maharashtra,Chandrapur,"MIDC Khutala, Chandrapur - MPCB",2026-08-23 11:00:00,19.9775302,79.2337086,PM2.5,12.0,26.0,20.0,2026-08,2026,8
India,Maharashtra,Chandrapur,"MIDC Khutala, Chandrapur - MPCB",2026-08-23 11:00:00,19.9775302,79.2337086,NO2,12.0,26.0,20.0,2026-08,2026,8
India,Maharashtra,Dhule,"Deopur, Dhule - MPCB",2026-08-23 11:00:00,20.918946,74.776388,PM10,19.0,65.0,38.0,2026-08,2026,8
India,Maharashtra,Dhule,"Deopur, Dhule - MPCB",2026-08-23 11:00:00,20.918946,74.776388,NH3,1.0,2.0,1.0,2026-08,2026,8
India,Maharashtra,Dombivli,"Kalu Nagar, Dombivli - MPCB",2026-08-23 11:00:00,19.2268427,73.0788456,PM2.5,3.0,10.0,6.0,2026-08,2026,8
India,Maharashtra,Hingoli,"Ashta Vinayak Nagar, Hingoli - MPCB",2026-08-23 11:00:00,19.710842,77.151824,SO2,3.0,5.0,4.0,2026-08,2026,8
India,Maharashtra,Jalgaon,"Prabhat Colony, Jalgaon - MPCB",2026-08-23 11:00:00,21.001264,75.565602,PM10,26.0,46.0,33.0,2026-08,2026,8
India,Maharashtra,Mumbai,"Sion, Mumbai - MPCB",2026-08-23 11:00:00,19.047,72.8746,CO,19.0,20.0,20.0,2026-08,2026,8
India,Maharashtra,Mumbai,"Kherwadi_Bandra East, Mumbai - MPCB",2026-08-23 11:00:00,19.0632143,72.8456324,SO2,1.0,3.0,3.0,2026-08,2026,8
India,Maharashtra,Mumbai,"Kherwadi_Bandra East, Mumbai - MPCB",2026-08-23 11:00:00,19.0632143,72.8456324,CO,29.0,33.0,31.0,2026-08,2026,8
India,Maharashtra,Mumbai,"Mindspace-Malad West, Mumbai - MPCB",2026-08-23 11:00:00,19.1878657,72.8304069,CO,15.0,15.0,15.0,2026-08,2026,8
India,Maharashtra,Mumbai,"Mindspace-Malad West, Mumbai - MPCB",2026-08-23 11:00:00,19.1878657,72.8304069,OZONE,18.0,18.0,18.0,2026-08,2026,8
India,Maharashtra,Mumbai,"Worli, Mumbai - MPCB",2026-08-23 11:00:00,18.9936162,72.8128113,NO2,1.0,8.0,5.0,2026-08,2026,8
India,Maharashtra,Mumbai,"Worli, Mumbai - MPCB",2026-08-23 11:00:00,18.9936162,72.8128113,SO2,7.0,11.0,9.0,2026-08,2026,8
India,Maharashtra,Mumbai,"Mulund West, Mumbai - MPCB",2026-08-23 11:00:00,19.175,72.9419,SO2,12.0,26.0,20.0,2026-08,2026,8
India,Maharashtra,Mumbai,"Chembur, Mumbai - MPCB",2026-08-23 11:00:00,19.0364585,72.8954371,PM10,26.0,49.0,40.0,2026-08,2026,8
India,Maharashtra,Ulhasnagar,"Sidhi Vinayak Nagar, Ulhasnagar - MPCB",2026-08-23 11:00:00,19.235581,73.159121,NO2,8.0,10.0,9.0,2026-08,2026,8
India,Maharashtra,Ulhasnagar,"Sidhi Vinayak Nagar, Ulhasnagar - MPCB",2026-08-23 11:00:00,19.235581,73.159121,CO,8.0,17.0,13.0,2026-08,2026,8
India,Maharashtra,Ulhasnagar,"Vithalwadi, Ulhasnagar - MPCB",2026-08-23 11:00:00,19.2307571,73.155192,NO2,4.0,7.0,5.0,2026-08,2026,8
India,Meghalaya,Byrnihat,"15th Mile-Nongthymmai, Byrnihat -Meghalaya PCB",2026-08-23 11:00:00,26.079047,91.875185,PM2.5,12.0,26.0,20.0,2026-08,2026,8
India,Meghalaya,Byrnihat,"15th Mile-Nongthymmai, Byrnihat -Meghalaya PCB",2026-08-23 11:00:00,26.079047,91.875185,PM10,12.0,26.0,20.0,2026-08,2026,8
India,Meghalaya,Byrnihat,"15th Mile-Nongthymmai, Byrnihat -Meghalaya PCB",2026-08-23 11:00:00,26.079047,91.875185,CO,12.0,26.0,20.0,2026-08,2026,8
India,Meghalaya,Shillong,"JN Stadium, Shillong - Meghalaya PCB",2026-08-23 11:00:00,25.5803419,91.8942571,PM10,12.0,26.0,20.0,2026-08,2026,8
India,Meghalaya,Shillong,"Lumpyngngad, Shillong - Meghalaya PCB",2026-08-23 11:00:00,25.5586,91.8985,PM2.5,12.0,26.0,20.0,2026-08,2026,8
India,Meghalaya,Shillong,"Lumpyngngad, Shillong - Meghalaya PCB",2026-08-23 11:00:00,25.5586,91.8985,NO2,0.0,1.0,0.0,2026-08,2026,8
India,Meghalaya,Shillong,"Lumpyngngad, Shillong - Meghalaya PCB",2026-08-23 11:00:00,25.5586,91.8985,NH3,0.0,0.0,0.0,2026-08,2026,8
India,Meghalaya,Shillong,"Lumpyngngad, Shillong - Meghalaya PCB",2026-08-23 11:00:00,25.5586,91.8985,SO2,10.0,11.0,11.0,2026-08,2026,8
India,Maharashtra,Pimpri-Chinchwad,"Thergaon, Pimpri Chinchwad - MPCB",2026-08-23 11:00:00,18.616318,73.765797,PM10,40.0,57.0,46.0,2026-08,2026,8
India,Maharashtra,Pimpri-Chinchwad,"Thergaon, Pimpri Chinchwad - MPCB",2026-08-23 11:00:00,18.616318,73.765797,NH3,3.0,6.0,5.0,2026-08,2026,8
India,Maharashtra,Pimpri-Chinchwad,"Transport Nagar-Nigdi, Pune - IITM",2026-08-23 11:00:00,18.664282,73.763966,NH3,12.0,26.0,20.0,2026-08,2026,8
India,Maharashtra,Pimpri-Chinchwad,"Transport Nagar-Nigdi, Pune - IITM",2026-08-23 11:00:00,18.664282,73.763966,OZONE,8.0,18.0,13.0,2026-08,2026,8
India,Maharashtra,Pimpri-Chinchwad,"Park Street Wakad, Pimpri Chinchwad - MPCB",2026-08-23 11:00:00,18.59051,73.77946,CO,10.0,25.0,16.0,2026-08,2026,8
India,Maharashtra,Pimpri-Chinchwad,"Park Street Wakad, Pimpri Chinchwad - MPCB",2026-08-23 11:00:00,18.59051,73.77946,OZONE,6.0,10.0,8.0,2026-08,2026,8
India,Maharashtra,Pimpri-Chinchwad,"Savta Mali Nagar, Pimpri-Chinchwad - IITM",2026-08-23 11:00:00,18.614767,73.799516,CO,27.0,44.0,36.0,2026-08,2026,8
India,Maharashtra,Pune,"Katraj Dairy, Pune - MPCB",2026-08-23 11:00:00,18.45445,73.854155,OZONE,10.0,10.0,10.0,2026-08,2026,8
India,Maharashtra,Pune,"Hadapsar, Pune - IITM",2026-08-23 11:00:00,18.501793,73.927532,OZONE,8.0,9.0,8.0,2026-08,2026,8
India,Mizoram,Aizawl,"Sikulpuikawn, Aizawl - Mizoram PCB",2026-08-23 11:00:00,23.7176342,92.7192841,OZONE,0.0,1.0,1.0,2026-08,2026,8
India,Odisha,Angul,"Hakimapada, Angul - OSPCB",2026-08-23 11:00:00,20.832874,85.104082,NO2,1.0,27.0,5.0,2026-08,2026,8
India,Odisha,Angul,"Hakimapada, Angul - OSPCB",2026-08-23 11:00:00,20.832874,85.104082,CO,45.0,49.0,47.0,2026-08,2026,8
India,Odisha,Balasore,"Kalidaspur, Balasore - OSPCB",2026-08-23 11:00:00,21.51161,86.89088,NH3,3.0,4.0,4.0,2026-08,2026,8
India,Odisha,Balasore,"Kalidaspur, Balasore - OSPCB",2026-08-23 11:00:00,21.51161,86.89088,SO2,3.0,4.0,4.0,2026-08,2026,8
India,Odisha,Baripada,"Meher Colony, Baripada - OSPCB",2026-08-23 11:00:00,21.941841,86.728318,PM2.5,37.0,88.0,58.0,2026-08,2026,8
India,Odisha,Baripada,"Meher Colony, Baripada - OSPCB",2026-08-23 11:00:00,21.941841,86.728318,PM10,47.0,101.0,68.0,2026-08,2026,8
India,Odisha,Baripada,"Meher Colony, Baripada - OSPCB",2026-08-23 11:00:00,21.941841,86.728318,NO2,1.0,20.0,9.0,2026-08,2026,8
India,Maharashtra,Navi Mumbai,"Tondare-Taloja, Navi Mumbai - MPCB",2026-08-23 11:00:00,19.063,73.1209,PM10,25.0,60.0,41.0,2026-08,2026,8
India,Maharashtra,Navi Mumbai,"Tondare-Taloja, Navi Mumbai - MPCB",2026-08-23 11:00:00,19.063,73.1209,OZONE,10.0,11.0,10.0,2026-08,2026,8
India,Maharashtra,Navi Mumbai,"Sanpada, Navi Mumbai - MPCB",2026-08-23 11:00:00,19.0575752,73.0151367,SO2,14.0,15.0,14.0,2026-08,2026,8
India,Maharashtra,Navi Mumbai,"Sanpada, Navi Mumbai - MPCB",2026-08-23 11:00:00,19.0575752,73.0151367,CO,8.0,15.0,11.0,2026-08,2026,8
India,Maharashtra,Navi Mumbai,"Nerul, Navi Mumbai - MPCB",2026-08-23 11:00:00,19.008751,73.01662,PM2.5,15.0,40.0,25.0,2026-08,2026,8
India,Maharashtra,Parbhani,"Masoom Colony, Parbhani - MPCB",2026-08-23 11:00:00,19.265594,76.761463,OZONE,20.0,23.0,22.0,2026-08,2026,8
India,Maharashtra,Pimpri-Chinchwad,"Gavalinagar, Pimpri Chinchwad - MPCB",2026-08-23 11:00:00,18.63673,73.82487,PM2.5,21.0,42.0,29.0,2026-08,2026,8
India,Odisha,Bhubaneswar,"Lingraj Mandir, Bhubaneswar - OSPCB",2026-08-23 11:00:00,20.24079,85.836784,SO2,7.0,10.0,9.0,2026-08,2026,8
India,Odisha,Bhubaneswar,"Lingraj Mandir, Bhubaneswar - OSPCB",2026-08-23 11:00:00,20.24079,85.836784,OZONE,15.0,16.0,16.0,2026-08,2026,8
India,Odisha,Byasanagar,"Ferro Chrome Colony, Byasanagar - OSPCB",2026-08-23 11:00:00,20.94185,86.1151,NH3,1.0,1.0,1.0,2026-08,2026,8
India,Odisha,Byasanagar,"Ferro Chrome Colony, Byasanagar - OSPCB",2026-08-23 11:00:00,20.94185,86.1151,SO2,10.0,21.0,14.0,2026-08,2026,8
India,Odisha,Cuttack,"CDA Area, Cuttack - OSPCB",2026-08-23 11:00:00,20.48891,85.84768,NO2,11.0,50.0,28.0,2026-08,2026,8
India,Odisha,Cuttack,"CDA Area, Cuttack - OSPCB",2026-08-23 11:00:00,20.48891,85.84768,OZONE,3.0,12.0,7.0,2026-08,2026,8
India,Maharashtra,Pune,"Mhada Colony, Pune - IITM",2026-08-23 11:00:00,18.57304,73.927715,CO,2.0,2.0,2.0,2026-08,2026,8
India,Maharashtra,Pune,"Dhankawadi, Pune - IITM",2026-08-23 11:00:00,18.459883,73.852193,CO,30.0,66.0,46.0,2026-08,2026,8
India,Maharashtra,Pune,"Dhankawadi, Pune - IITM",2026-08-23 11:00:00,18.459883,73.852193,OZONE,4.0,10.0,6.0,2026-08,2026,8
India,Maharashtra,Pune,"Panchawati_Pashan, Pune - IITM",2026-08-23 11:00:00,18.536457,73.805454,SO2,12.0,26.0,20.0,2026-08,2026,8
India,Maharashtra,Pune,"Panchawati_Pashan, Pune - IITM",2026-08-23 11:00:00,18.536457,73.805454,OZONE,0.0,5.0,2.0,2026-08,2026,8
India,Maharashtra,Satara,"Koyana Nagar, Satara - MPCB",2026-08-23 11:00:00,17.696651,74.003387,CO,14.0,28.0,20.0,2026-08,2026,8
India,Maharashtra,Satara,"Koyana Nagar, Satara - MPCB",2026-08-23 11:00:00,17.696651,74.003387,OZONE,6.0,19.0,14.0,2026-08,2026,8
India,Maharashtra,Solapur,"Dnyaneshwar Nagar, Solapur - MPCB",2026-08-23 11:00:00,17.6336264,75.9132495,CO,7.0,13.0,10.0,2026-08,2026,8
India,Maharashtra,Nashik,"MIDC Ambad, Nashik - MPCB",2026-08-23 11:00:00,19.95022,73.73148,OZONE,4.0,13.0,8.0,2026-08,2026,8
India,Maharashtra,Thane,"Kasarvadavali, Thane - MPCB",2026-08-23 11:00:00,19.26777,72.97182,SO2,7.0,8.0,7.0,2026-08,2026,8
India,Rajasthan,Jodhpur,"Jhalamand, Jodhpur - RSPCB",2026-08-23 11:00:00,26.215415,73.070156,NH3,3.0,4.0,4.0,2026-08,2026,8
India,Rajasthan,Jodhpur,"Jhalamand, Jodhpur - RSPCB",2026-08-23 11:00:00,26.215415,73.070156,CO,9.0,17.0,12.0,2026-08,2026,8
India,Rajasthan,Jodhpur,"Jhalamand, Jodhpur - RSPCB",2026-08-23 11:00:00,26.215415,73.070156,OZONE,29.0,39.0,33.0,2026-08,2026,8
India,Rajasthan,Jodhpur,"Mandor, Jodhpur - RSPCB",2026-08-23 11:00:00,26.358805,73.047444,PM2.5,12.0,40.0,23.0,2026-08,2026,8
India,Rajasthan,Jodhpur,"Mandor, Jodhpur - RSPCB",2026-08-23 11:00:00,26.358805,73.047444,PM10,78.0,129.0,99.0,2026-08,2026,8
India,Rajasthan,Jodhpur,"Mandor, Jodhpur - RSPCB",2026-08-23 11:00:00,26.358805,73.047444,SO2,12.0,26.0,20.0,2026-08,2026,8
India,Rajasthan,Jodhpur,"Mandor, Jodhpur - RSPCB",2026-08-23 11:00:00,26.358805,73.047444,OZONE,30.0,62.0,41.0,2026-08,2026,8
India,Rajasthan,Jodhpur,"Collectorate, Jodhpur - RSPCB",2026-08-23 11:00:00,26.268249,73.0193853,PM2.5,27.0,57.0,39.0,2026-08,2026,8
India,Rajasthan,Jodhpur,"Collectorate, Jodhpur - RSPCB",2026-08-23 11:00:00,26.268249,73.0193853,OZONE,13.0,15.0,14.0,2026-08,2026,8
India,Rajasthan,Jodhpur,"Samrat Ashok Udhyan, Jodhpur - RSPCB",2026-08-23 11:00:00,26.253384,72.976571,NO2,2.0,13.0,5.0,2026-08,2026,8
India,Rajasthan,Jodhpur,"Samrat Ashok Udhyan, Jodhpur - RSPCB",2026-08-23 11:00:00,26.253384,72.976571,NH3,12.0,26.0,20.0,2026-08,2026,8
India,Rajasthan,Jodhpur,"Samrat Ashok Udhyan, Jodhpur - RSPCB",2026-08-23 11:00:00,26.253384,72.976571,SO2,2.0,3.0,2.0,2026-08,2026,8
India,Rajasthan,Karauli,"Satyawati Vihar, Karauli - RSPCB",2026-08-23 11:00:00,26.506177,77.025989,CO,6.0,16.0,11.0,2026-08,2026,8
India,Rajasthan,Kota,"Nayapura, Kota - RSPCB",2026-08-23 11:00:00,25.196024,75.855668,OZONE,20.0,49.0,31.0,2026-08,2026,8
India,Rajasthan,Kota,"Dhanmandi, Kota - RSPCB",2026-08-23 11:00:00,25.16409,75.858137,NO2,6.0,32.0,16.0,2026-08,2026,8
India,Rajasthan,Kota,"Dhanmandi, Kota - RSPCB",2026-08-23 11:00:00,25.16409,75.858137,SO2,0.0,34.0,8.0,2026-08,2026,8
India,Rajasthan,Kota,"Dhanmandi, Kota - RSPCB",2026-08-23 11:00:00,25.16409,75.858137,CO,11.0,14.0,12.0,2026-08,2026,8
India,Rajasthan,Sri Ganganagar,"Old City, Sri Ganganagar - RSPCB",2026-08-23 11:00:00,29.931624,73.864511,NH3,5.0,10.0,7.0,2026-08,2026,8
India,Rajasthan,Udaipur,"Ashok Nagar, Udaipur - RSPCB",2026-08-23 11:00:00,24.5886166,73.6321397,SO2,0.0,4.0,1.0,2026-08,2026,8
India,Rajasthan,Udaipur,"Ashok Nagar, Udaipur - RSPCB",2026-08-23 11:00:00,24.5886166,73.6321397,OZONE,13.0,30.0,21.0,2026-08,2026,8
India,Sikkim,Gangtok,"Zero Point GICI, Gangtok - SSPCB",2026-08-23 11:00:00,27.33853,88.614099,PM2.5,12.0,26.0,20.0,2026-08,2026,8
India,Tamil Nadu,Chennai,"Arumbakkam, Chennai - TNPCB",2026-08-23 11:00:00,13.0664,80.2112,SO2,0.0,3.0,2.0,2026-08,2026,8
India,Tamil Nadu,Chennai,"Velachery Res. Area, Chennai - CPCB",2026-08-23 11:00:00,13.0052189,80.2398125,NH3,3.0,4.0,4.0,2026-08,2026,8
India,Tamil Nadu,Chennai,"Velachery Res. Area, Chennai - CPCB",2026-08-23 11:00:00,13.0052189,80.2398125,CO,12.0,26.0,20.0,2026-08,2026,8
India,Tamil Nadu,Chennai,"Perungudi, Chennai - TNPCB",2026-08-23 11:00:00,12.9533,80.2357,NO2,6.0,10.0,7.0,2026-08,2026,8
India,Tamil Nadu,Chennai,"Perungudi, Chennai - TNPCB",2026-08-23 11:00:00,12.9533,80.2357,NH3,0.0,1.0,0.0,2026-08,2026,8
India,Tamil Nadu,Chennai,"Manali Village, Chennai - TNPCB",2026-08-23 11:00:00,13.1662,80.2584,NO2,15.0,24.0,19.0,2026-08,2026,8
India,Tamil Nadu,Chennai,"Manali Village, Chennai - TNPCB",2026-08-23 11:00:00,13.1662,80.2584,OZONE,15.0,300.0,187.0,2026-08,2026,8
India,Tamil Nadu,Chennai,"Manali, Chennai - CPCB",2026-08-23 11:00:00,13.164544,80.26285,PM2.5,17.0,42.0,28.0,2026-08,2026,8
India,Punjab,Patiala,"Model Town, Patiala - PPCB",2026-08-23 11:00:00,30.349388,76.366642,PM10,27.0,80.0,57.0,2026-08,2026,8
India,Punjab,Patiala,"Model Town, Patiala - PPCB",2026-08-23 11:00:00,30.349388,76.366642,NO2,7.0,22.0,14.0,2026-08,2026,8
India,Punjab,Rupnagar,"Ratanpura, Rupnagar - Ambuja Cements",2026-08-23 11:00:00,31.0325454,76.5623046,PM2.5,7.0,89.0,26.0,2026-08,2026,8
India,Punjab,Rupnagar,"Ratanpura, Rupnagar - Ambuja Cements",2026-08-23 11:00:00,31.0325454,76.5623046,SO2,9.0,16.0,12.0,2026-08,2026,8
India,Rajasthan,Ajmer,"Civil Lines,  Ajmer - RSPCB",2026-08-23 11:00:00,26.470859,74.646594,SO2,2.0,14.0,10.0,2026-08,2026,8
India,Rajasthan,Ajmer,"Civil Lines,  Ajmer - RSPCB",2026-08-23 11:00:00,26.470859,74.646594,OZONE,28.0,88.0,47.0,2026-08,2026,8
India,Rajasthan,Alwar,"Moti Doongri, Alwar - RSPCB",2026-08-23 11:00:00,27.554793,76.611536,PM2.5,45.0,112.0,70.0,2026-08,2026,8
India,Rajasthan,Alwar,"Moti Doongri, Alwar - RSPCB",2026-08-23 11:00:00,27.554793,76.611536,PM10,84.0,116.0,99.0,2026-08,2026,8
India,Rajasthan,Alwar,"Moti Doongri, Alwar - RSPCB",2026-08-23 11:00:00,27.554793,76.611536,CO,21.0,97.0,50.0,2026-08,2026,8
India,Rajasthan,Alwar,"Vigyan Nagar, Alwar - RSPCB",2026-08-23 11:00:00,27.598796,76.63861,SO2,6.0,7.0,6.0,2026-08,2026,8
India,Rajasthan,Baran,"Bamboliya, Baran - RSPCB",2026-08-23 11:00:00,25.106006,76.469948,SO2,7.0,10.0,8.0,2026-08,2026,8
India,Rajasthan,Baran,"Bamboliya, Baran - RSPCB",2026-08-23 11:00:00,25.106006,76.469948,OZONE,9.0,22.0,18.0,2026-08,2026,8
India,Odisha,Tensa,"Barsua Iron Ore Mines, Tensa - OSPCB",2026-08-23 11:00:00,21.869985,85.167016,NO2,12.0,26.0,20.0,2026-08,2026,8
India,Puducherry,Puducherry,"Jawahar Nagar, Puducherry - PPCC",2026-08-23 11:00:00,11.9309,79.8027,NO2,6.0,13.0,10.0,2026-08,2026,8
India,Puducherry,Puducherry,"Jawahar Nagar, Puducherry - PPCC",2026-08-23 11:00:00,11.9309,79.8027,CO,13.0,23.0,18.0,2026-08,2026,8
India,Punjab,Bathinda,"Hardev Nagar, Bathinda - PPCB",2026-08-23 11:00:00,30.233011,74.907758,PM10,29.0,137.0,56.0,2026-08,2026,8
India,Punjab,Jalandhar,"Civil Line, Jalandhar - PPCB",2026-08-23 11:00:00,31.321907,75.578914,PM10,60.0,112.0,74.0,2026-08,2026,8
India,Punjab,Jalandhar,"Civil Line, Jalandhar - PPCB",2026-08-23 11:00:00,31.321907,75.578914,SO2,12.0,13.0,12.0,2026-08,2026,8
India,Punjab,Jalandhar,"Civil Line, Jalandhar - PPCB",2026-08-23 11:00:00,31.321907,75.578914,OZONE,17.0,25.0,23.0,2026-08,2026,8
India,Punjab,Khanna,"Kalal Majra, Khanna - PPCB",2026-08-23 11:00:00,30.736056,76.209694,PM2.5,50.0,63.0,58.0,2026-08,2026,8
India,Punjab,Khanna,"Kalal Majra, Khanna - PPCB",2026-08-23 11:00:00,30.736056,76.209694,PM10,43.0,54.0,49.0,2026-08,2026,8
India,Punjab,Khanna,"Kalal Majra, Khanna - PPCB",2026-08-23 11:00:00,30.736056,76.209694,NH3,5.0,17.0,11.0,2026-08,2026,8
India,Punjab,Ludhiana,"Punjab Agricultural University, Ludhiana - PPCB",2026-08-23 11:00:00,30.9028,75.8086,SO2,11.0,14.0,12.0,2026-08,2026,8
India,Rajasthan,Kota,"Shrinath Puram, Kota - RSPCB",2026-08-23 11:00:00,25.14389,75.821256,PM10,44.0,75.0,57.0,2026-08,2026,8
India,Rajasthan,Kota,"Shrinath Puram, Kota - RSPCB",2026-08-23 11:00:00,25.14389,75.821256,OZONE,9.0,21.0,16.0,2026-08,2026,8
India,Rajasthan,Nagaur,"Karni Colony, Nagaur - RSPCB",2026-08-23 11:00:00,27.213494,73.734444,PM2.5,12.0,50.0,29.0,2026-08,2026,8
India,Rajasthan,Nagaur,"Karni Colony, Nagaur - RSPCB",2026-08-23 11:00:00,27.213494,73.734444,NO2,5.0,9.0,7.0,2026-08,2026,8
India,Rajasthan,Nagaur,"Karni Colony, Nagaur - RSPCB",2026-08-23 11:00:00,27.213494,73.734444,NH3,3.0,5.0,4.0,2026-08,2026,8
India,Rajasthan,Pali,"Indira Colony Vistar, Pali - RSPCB",2026-08-23 11:00:00,25.771061,73.340227,PM10,12.0,26.0,20.0,2026-08,2026,8
India,Rajasthan,Pali,"Indira Colony Vistar, Pali - RSPCB",2026-08-23 11:00:00,25.771061,73.340227,NO2,11.0,27.0,18.0,2026-08,2026,8
India,Rajasthan,Pali,"Indira Colony Vistar, Pali - RSPCB",2026-08-23 11:00:00,25.771061,73.340227,CO,23.0,56.0,43.0,2026-08,2026,8
India,Rajasthan,Rajsamand,"Dhoinda, Rajsamand - RSPCB",2026-08-23 11:00:00,25.03636,73.883502,PM10,52.0,98.0,80.0,2026-08,2026,8
India,Rajasthan,Sawai Madhopur,"Sahu Nagar, Sawai Madhopur - RSPCB",2026-08-23 11:00:00,26.031443,76.359327,NO2,11.0,20.0,15.0,2026-08,2026,8
India,Rajasthan,Sawai Madhopur,"Sahu Nagar, Sawai Madhopur - RSPCB",2026-08-23 11:00:00,26.031443,76.359327,CO,12.0,59.0,23.0,2026-08,2026,8
India,Rajasthan,Jaipur,"Shastri Nagar, Jaipur - RSPCB",2026-08-23 11:00:00,26.9502929,75.730943,NO2,20.0,39.0,29.0,2026-08,2026,8
India,Rajasthan,Jaipur,"Shastri Nagar, Jaipur - RSPCB",2026-08-23 11:00:00,26.9502929,75.730943,OZONE,20.0,29.0,23.0,2026-08,2026,8
India,Rajasthan,Jaipur,"Adarsh Nagar, Jaipur - RSPCB",2026-08-23 11:00:00,26.902909,75.836858,NO2,13.0,25.0,18.0,2026-08,2026,8
India,Rajasthan,Jalore,"Mudtra Sili, Jalore - RSPCB",2026-08-23 11:00:00,25.344694,72.626208,PM10,69.0,90.0,80.0,2026-08,2026,8
India,Rajasthan,Jalore,"Mudtra Sili, Jalore - RSPCB",2026-08-23 11:00:00,25.344694,72.626208,NO2,4.0,8.0,6.0,2026-08,2026,8
India,Rajasthan,Jhalawar,"Rajlaxmi Nagar, Jhalawar - RSPCB",2026-08-23 11:00:00,24.588397,76.172782,PM2.5,43.0,75.0,62.0,2026-08,2026,8
India,Rajasthan,Jhalawar,"Rajlaxmi Nagar, Jhalawar - RSPCB",2026-08-23 11:00:00,24.588397,76.172782,CO,23.0,59.0,42.0,2026-08,2026,8
India,Rajasthan,Jhalawar,"Rajlaxmi Nagar, Jhalawar - RSPCB",2026-08-23 11:00:00,24.588397,76.172782,OZONE,24.0,35.0,28.0,2026-08,2026,8
India,Rajasthan,Jhunjhunu,"Indra Nagar, Jhunjhunu - RSPCB",2026-08-23 11:00:00,28.108988,75.386577,CO,14.0,60.0,33.0,2026-08,2026,8
India,Rajasthan,Jodhpur,"Digari Kalan, Jodhpur - RSPCB",2026-08-23 11:00:00,26.29581,73.082283,PM2.5,10.0,30.0,20.0,2026-08,2026,8
India,Rajasthan,Bharatpur,"Krishna Nagar, Bharatpur - RSPCB",2026-08-23 11:00:00,27.215415,77.50873,NH3,3.0,6.0,5.0,2026-08,2026,8
India,Rajasthan,Bhiwadi,"RIICO Ind. Area III, Bhiwadi - RSPCB",2026-08-23 11:00:00,28.194909,76.862296,SO2,3.0,23.0,8.0,2026-08,2026,8
India,Rajasthan,Bhiwadi,"RIICO Ind. Area III, Bhiwadi - RSPCB",2026-08-23 11:00:00,28.194909,76.862296,OZONE,8.0,22.0,13.0,2026-08,2026,8
India,Rajasthan,Bikaner,"MM Ground, Bikaner - RSPCB",2026-08-23 11:00:00,28.018792,73.292658,SO2,6.0,8.0,6.0,2026-08,2026,8
India,Rajasthan,Bundi,"New Colony, Bundi - RSPCB",2026-08-23 11:00:00,25.435774,75.644272,NO2,14.0,34.0,22.0,2026-08,2026,8
India,Rajasthan,Chittorgarh,"Shastri Nagar, Chittorgarh - RSPCB",2026-08-23 11:00:00,24.892047,74.623527,SO2,3.0,16.0,7.0,2026-08,2026,8
India,Odisha,Rairangpur,"Divisional Forest Office, Rairangpur - OSPCB",2026-08-23 11:00:00,22.265816,86.174829,PM10,35.0,77.0,49.0,2026-08,2026,8
India,Odisha,Rairangpur,"Divisional Forest Office, Rairangpur - OSPCB",2026-08-23 11:00:00,22.265816,86.174829,NO2,6.0,7.0,6.0,2026-08,2026,8
India,Odisha,Rairangpur,"Divisional Forest Office, Rairangpur - OSPCB",2026-08-23 11:00:00,22.265816,86.174829,SO2,9.0,15.0,12.0,2026-08,2026,8
India,Odisha,Rourkela,"Raghunathpali, Rourkela - OSPCB",2026-08-23 11:00:00,22.220833,84.809444,NH3,1.0,1.0,1.0,2026-08,2026,8
India,Odisha,Rourkela,"Raghunathpali, Rourkela - OSPCB",2026-08-23 11:00:00,22.220833,84.809444,CO,31.0,54.0,43.0,2026-08,2026,8
India,Rajasthan,Dholpur,"Raja Ganj, Dholpur - RSPCB",2026-08-23 11:00:00,26.699557,77.898881,NH3,4.0,23.0,9.0,2026-08,2026,8
India,Rajasthan,Dholpur,"Raja Ganj, Dholpur - RSPCB",2026-08-23 11:00:00,26.699557,77.898881,CO,19.0,27.0,23.0,2026-08,2026,8
India,Rajasthan,Dungarpur,"Bhoiwada, Dungarpur - RSPCB",2026-08-23 11:00:00,23.837789,73.714926,NO2,5.0,9.0,7.0,2026-08,2026,8
India,Rajasthan,Hanumangarh,"Housing Board, Hanumangarh - RSPCB",2026-08-23 11:00:00,29.61075,74.283608,CO,14.0,16.0,15.0,2026-08,2026,8
India,Uttar Pradesh,Moradabad,"Transport Nagar, Moradabad - UPPCB",2026-08-23 11:00:00,28.802625,78.753728,OZONE,33.0,89.0,58.0,2026-08,2026,8
India,Uttar Pradesh,Moradabad,"Kashiram Nagar, Moradabad - UPPCB",2026-08-23 11:00:00,28.849399,78.742362,NO2,24.0,25.0,25.0,2026-08,2026,8
India,Uttar Pradesh,Moradabad,"Employment Office, Moradabad - UPPCB",2026-08-23 11:00:00,28.88528,78.7388,NH3,3.0,3.0,3.0,2026-08,2026,8
India,Uttar Pradesh,Moradabad,"Employment Office, Moradabad - UPPCB",2026-08-23 11:00:00,28.88528,78.7388,SO2,32.0,33.0,32.0,2026-08,2026,8
India,Uttar Pradesh,Moradabad,"Employment Office, Moradabad - UPPCB",2026-08-23 11:00:00,28.88528,78.7388,CO,12.0,12.0,12.0,2026-08,2026,8
India,Uttar Pradesh,Muzaffarnagar,"New Mandi, Muzaffarnagar - UPPCB",2026-08-23 11:00:00,29.4723508,77.7194031,NO2,16.0,52.0,33.0,2026-08,2026,8
India,Uttar Pradesh,Muzaffarnagar,"New Mandi, Muzaffarnagar - UPPCB",2026-08-23 11:00:00,29.4723508,77.7194031,NH3,2.0,5.0,3.0,2026-08,2026,8
India,Uttar Pradesh,Noida,"Sector - 125, Noida - UPPCB",2026-08-23 11:00:00,28.5447608,77.3231257,PM10,30.0,410.0,145.0,2026-08,2026,8
India,Uttar Pradesh,Noida,"Sector - 125, Noida - UPPCB",2026-08-23 11:00:00,28.5447608,77.3231257,NH3,7.0,27.0,11.0,2026-08,2026,8
India,Uttar Pradesh,Noida,"Sector - 62, Noida - IITM",2026-08-23 11:00:00,28.6245479,77.3577104,PM2.5,12.0,105.0,61.0,2026-08,2026,8
India,Uttar Pradesh,Noida,"Sector-1, Noida - UPPCB",2026-08-23 11:00:00,28.5898,77.3101,PM2.5,7.0,83.0,45.0,2026-08,2026,8
India,Uttar Pradesh,Noida,"Sector-1, Noida - UPPCB",2026-08-23 11:00:00,28.5898,77.3101,PM10,32.0,157.0,96.0,2026-08,2026,8
India,Uttar Pradesh,Noida,"Sector-116, Noida - UPPCB",2026-08-23 11:00:00,28.56923,77.393848,NO2,4.0,56.0,20.0,2026-08,2026,8
India,Uttar Pradesh,Noida,"Sector-116, Noida - UPPCB",2026-08-23 11:00:00,28.56923,77.393848,NH3,10.0,21.0,13.0,2026-08,2026,8
India,Uttar Pradesh,Noida,"Sector-116, Noida - UPPCB",2026-08-23 11:00:00,28.56923,77.393848,SO2,6.0,17.0,11.0,2026-08,2026,8
India,Uttar Pradesh,Noida,"Sector-116, Noida - UPPCB",2026-08-23 11:00:00,28.56923,77.393848,CO,31.0,45.0,39.0,2026-08,2026,8
India,Uttar Pradesh,Prayagraj,"Nagar Nigam, Prayagraj - UPPCB",2026-08-23 11:00:00,25.44919916,81.82735986,PM2.5,3.0,23.0,12.0,2026-08,2026,8
India,Tamil Nadu,Chennai,"Manali, Chennai - CPCB",2026-08-23 11:00:00,13.164544,80.26285,CO,22.0,40.0,31.0,2026-08,2026,8
India,Tamil Nadu,Chennai,"Royapuram, Chennai - TNPCB",2026-08-23 11:00:00,13.1036,80.2909,NH3,4.0,4.0,4.0,2026-08,2026,8
India,Tamil Nadu,Coimbatore,"SIDCO Kurichi, Coimbatore - TNPCB",2026-08-23 11:00:00,10.942451,76.978996,PM10,8.0,25.0,14.0,2026-08,2026,8
India,Tamil Nadu,Coimbatore,"SIDCO Kurichi, Coimbatore - TNPCB",2026-08-23 11:00:00,10.942451,76.978996,NH3,1.0,1.0,1.0,2026-08,2026,8
India,Tamil Nadu,Coimbatore,"SIDCO Kurichi, Coimbatore - TNPCB",2026-08-23 11:00:00,10.942451,76.978996,SO2,26.0,28.0,27.0,2026-08,2026,8
India,Tamil Nadu,Cuddalore,"Kudikadu, Cuddalore - TNPCB",2026-08-23 11:00:00,11.6829898,79.7532099,NO2,12.0,26.0,20.0,2026-08,2026,8
India,Tamil Nadu,Cuddalore,"Semmandalam, Cuddalore - TNPCB",2026-08-23 11:00:00,11.7637683,79.7499835,PM10,12.0,26.0,20.0,2026-08,2026,8
India,Tamil Nadu,Cuddalore,"Semmandalam, Cuddalore - TNPCB",2026-08-23 11:00:00,11.7637683,79.7499835,OZONE,1.0,2.0,2.0,2026-08,2026,8
India,Tamil Nadu,Gummidipoondi,"Anthoni Pillai Nagar, Gummidipoondi - TNPCB",2026-08-23 11:00:00,13.4127,80.1081,NO2,14.0,30.0,21.0,2026-08,2026,8
India,Tamil Nadu,Gummidipoondi,"Anthoni Pillai Nagar, Gummidipoondi - TNPCB",2026-08-23 11:00:00,13.4127,80.1081,SO2,14.0,30.0,21.0,2026-08,2026,8
India,Tamil Nadu,Thoothukudi,"Meelavittan, Thoothukudi - TNPCB",2026-08-23 11:00:00,8.816428,78.099039,NH3,12.0,26.0,20.0,2026-08,2026,8
India,Telangana,Hyderabad,"IITH Kandi, Hyderabad - TSPCB",2026-08-23 11:00:00,17.585705,78.126199,PM10,42.0,73.0,55.0,2026-08,2026,8
India,Telangana,Hyderabad,"IITH Kandi, Hyderabad - TSPCB",2026-08-23 11:00:00,17.585705,78.126199,SO2,5.0,15.0,9.0,2026-08,2026,8
India,Uttar Pradesh,Baraut,"Nagar Palika Parishad, Baraut - UPPCB",2026-08-23 11:00:00,29.09956,77.26235,PM10,37.0,128.0,85.0,2026-08,2026,8
India,Uttar Pradesh,Baraut,"Nagar Palika Parishad, Baraut - UPPCB",2026-08-23 11:00:00,29.09956,77.26235,CO,8.0,14.0,11.0,2026-08,2026,8
India,Uttar Pradesh,Bareilly,"Rajendra Nagar, Bareilly - UPPCB",2026-08-23 11:00:00,28.38910936,79.42963708,CO,22.0,25.0,24.0,2026-08,2026,8
India,Uttar Pradesh,Bulandshahr,"Yamunapuram, Bulandshahr - UPPCB",2026-08-23 11:00:00,28.406963,77.849831,SO2,4.0,12.0,7.0,2026-08,2026,8
India,Uttar Pradesh,Fatehpur Sikri,"Dadupura, Fatehpur Sikri - UPPCB",2026-08-23 11:00:00,27.097694,77.671335,PM2.5,55.0,56.0,55.0,2026-08,2026,8
India,Uttar Pradesh,Fatehpur Sikri,"Dadupura, Fatehpur Sikri - UPPCB",2026-08-23 11:00:00,27.097694,77.671335,PM10,66.0,67.0,67.0,2026-08,2026,8
India,Uttar Pradesh,Fatehpur Sikri,"Dadupura, Fatehpur Sikri - UPPCB",2026-08-23 11:00:00,27.097694,77.671335,SO2,10.0,11.0,11.0,2026-08,2026,8
India,Uttar Pradesh,Firozabad,"Nagla Bhau, Firozabad - UPPCB",2026-08-23 11:00:00,27.168897,78.37696,NH3,1.0,2.0,2.0,2026-08,2026,8
India,Uttar Pradesh,Firozabad,"Nagla Bhau, Firozabad - UPPCB",2026-08-23 11:00:00,27.168897,78.37696,CO,14.0,78.0,34.0,2026-08,2026,8
India,Uttar Pradesh,Firozabad,"Vibhab Nagar, Firozabad - UPPCB",2026-08-23 11:00:00,27.1594,78.3953,OZONE,0.0,1.0,1.0,2026-08,2026,8
India,Uttar Pradesh,Gajraula,"Rajanpur, Gajraula - UPPCB",2026-08-23 11:00:00,28.829109,78.248796,PM10,24.0,84.0,52.0,2026-08,2026,8
India,Uttar Pradesh,Ghaziabad,"Ved Vihar-Loni, Ghaziabad - UPPCB",2026-08-23 11:00:00,28.739153,77.273668,CO,84.0,92.0,87.0,2026-08,2026,8
India,Uttar Pradesh,Ghaziabad,"Sanjay Nagar, Ghaziabad - UPPCB",2026-08-23 11:00:00,28.685382,77.453839,NH3,8.0,11.0,9.0,2026-08,2026,8
India,Uttar Pradesh,Ghaziabad,"Indirapuram, Ghaziabad - UPPCB",2026-08-23 11:00:00,28.646233,77.358075,PM2.5,27.0,95.0,52.0,2026-08,2026,8
India,Uttar Pradesh,Ghaziabad,"Indirapuram, Ghaziabad - UPPCB",2026-08-23 11:00:00,28.646233,77.358075,NH3,5.0,7.0,6.0,2026-08,2026,8
India,Uttar Pradesh,Ghaziabad,"Vasundhara, Ghaziabad - UPPCB",2026-08-23 11:00:00,28.6603346,77.3572563,NO2,18.0,52.0,31.0,2026-08,2026,8
India,Uttar Pradesh,Ghaziabad,"Vasundhara, Ghaziabad - UPPCB",2026-08-23 11:00:00,28.6603346,77.3572563,NH3,4.0,9.0,6.0,2026-08,2026,8
India,Uttar Pradesh,Ghaziabad,"Vasundhara, Ghaziabad - UPPCB",2026-08-23 11:00:00,28.6603346,77.3572563,CO,37.0,40.0,38.0,2026-08,2026,8
India,Uttar Pradesh,Ghaziabad,"Wave City, Ghaziabad - UPPCB",2026-08-23 11:00:00,28.646675,77.489049,CO,43.0,49.0,47.0,2026-08,2026,8
India,Uttar Pradesh,Ghaziabad,"Loni, Ghaziabad - UPPCB",2026-08-23 11:00:00,28.757294,77.278792,PM10,25.0,332.0,127.0,2026-08,2026,8
India,Uttar Pradesh,Ghaziabad,"Govindpuram, Ghaziabad - UPPCB",2026-08-23 11:00:00,28.694528,77.494705,CO,25.0,30.0,27.0,2026-08,2026,8
India,Uttar Pradesh,Gorakhpur,"Madan Mohan Malaviya University of Technology, Gorakhpur - UPPCB",2026-08-23 11:00:00,26.730136,83.433859,PM2.5,29.0,252.0,89.0,2026-08,2026,8
India,Uttar Pradesh,Gorakhpur,"Madan Mohan Malaviya University of Technology, Gorakhpur - UPPCB",2026-08-23 11:00:00,26.730136,83.433859,OZONE,26.0,46.0,39.0,2026-08,2026,8
India,Uttar Pradesh,Greater Noida,"Knowledge Park - V, Greater Noida - UPPCB",2026-08-23 11:00:00,28.557054,77.453663,PM10,39.0,204.0,134.0,2026-08,2026,8
India,Uttar Pradesh,Lucknow,"Talkatora District Industries Center, Lucknow - CPCB",2026-08-23 11:00:00,26.83399722,80.8917361,PM10,22.0,47.0,33.0,2026-08,2026,8
India,Uttar Pradesh,Lucknow,"Talkatora District Industries Center, Lucknow - CPCB",2026-08-23 11:00:00,26.83399722,80.8917361,OZONE,10.0,39.0,17.0,2026-08,2026,8
India,Uttar Pradesh,Lucknow,"Kendriya Vidyalaya, Lucknow - CPCB",2026-08-23 11:00:00,26.906111,80.948222,PM2.5,15.0,76.0,34.0,2026-08,2026,8
India,Uttar Pradesh,Lucknow,"Kendriya Vidyalaya, Lucknow - CPCB",2026-08-23 11:00:00,26.906111,80.948222,SO2,5.0,9.0,7.0,2026-08,2026,8
India,Uttar Pradesh,Lucknow,"Gomti Nagar, Lucknow - UPPCB",2026-08-23 11:00:00,26.86812,81.005119,NO2,9.0,10.0,9.0,2026-08,2026,8
India,Uttar Pradesh,Lucknow,"Gomti Nagar, Lucknow - UPPCB",2026-08-23 11:00:00,26.86812,81.005119,CO,38.0,40.0,39.0,2026-08,2026,8
India,Uttar Pradesh,Lucknow,"B R Ambedkar University, Lucknow - UPPCB",2026-08-23 11:00:00,26.766433,80.927299,CO,23.0,26.0,24.0,2026-08,2026,8
India,Uttar Pradesh,Lucknow,"B R Ambedkar University, Lucknow - UPPCB",2026-08-23 11:00:00,26.766433,80.927299,OZONE,14.0,68.0,32.0,2026-08,2026,8
India,Uttar Pradesh,Lucknow,"Lalbagh, Lucknow - CPCB",2026-08-23 11:00:00,26.8458805,80.9365541,PM2.5,5.0,48.0,26.0,2026-08,2026,8
India,Uttar Pradesh,Lucknow,"Lalbagh, Lucknow - CPCB",2026-08-23 11:00:00,26.8458805,80.9365541,PM10,17.0,63.0,34.0,2026-08,2026,8
India,Uttar Pradesh,Lucknow,"Lalbagh, Lucknow - CPCB",2026-08-23 11:00:00,26.8458805,80.9365541,CO,25.0,41.0,34.0,2026-08,2026,8
India,Uttar Pradesh,Lucknow,"Lalbagh, Lucknow - CPCB",2026-08-23 11:00:00,26.8458805,80.9365541,OZONE,18.0,25.0,20.0,2026-08,2026,8
India,Uttar Pradesh,Lucknow,"Kukrail Picnic Spot-1, Lucknow - UPPCB",2026-08-23 11:00:00,26.90723,80.98579,PM10,10.0,55.0,37.0,2026-08,2026,8
India,Uttar Pradesh,Lucknow,"Kukrail Picnic Spot-1, Lucknow - UPPCB",2026-08-23 11:00:00,26.90723,80.98579,NO2,31.0,32.0,32.0,2026-08,2026,8
India,Uttar Pradesh,Meerut,"MIET College, Meerut - UPPCB",2026-08-23 11:00:00,28.972677,77.641018,OZONE,5.0,30.0,19.0,2026-08,2026,8
India,Uttar Pradesh,Meerut,"Pallavpuram Phase 2, Meerut - UPPCB",2026-08-23 11:00:00,29.06351,77.709723,SO2,6.0,16.0,13.0,2026-08,2026,8
India,Uttar Pradesh,Meerut,"Pallavpuram Phase 2, Meerut - UPPCB",2026-08-23 11:00:00,29.06351,77.709723,CO,22.0,28.0,25.0,2026-08,2026,8
India,Uttar Pradesh,Meerut,"Ganga Nagar, Meerut - UPPCB",2026-08-23 11:00:00,28.999264,77.7590354,NH3,6.0,7.0,6.0,2026-08,2026,8
India,Uttar Pradesh,Meerut,"Ganga Nagar, Meerut - UPPCB",2026-08-23 11:00:00,28.999264,77.7590354,SO2,24.0,29.0,26.0,2026-08,2026,8
India,Uttar Pradesh,Meerut,"Ganga Nagar, Meerut - UPPCB",2026-08-23 11:00:00,28.999264,77.7590354,OZONE,27.0,61.0,49.0,2026-08,2026,8
India,Uttar Pradesh,Modinagar,"SRM University, Modinagar - UPPCB",2026-08-23 11:00:00,28.798171,77.540243,OZONE,5.0,12.0,9.0,2026-08,2026,8
India,Uttar Pradesh,Moradabad,"Eco Herbal Park, Moradabad - UPPCB",2026-08-23 11:00:00,28.840739,78.697531,SO2,9.0,33.0,20.0,2026-08,2026,8
India,Uttar Pradesh,Moradabad,"Buddhi Vihar, Moradabad - UPPCB",2026-08-23 11:00:00,28.83526,78.7446,PM2.5,4.0,60.0,24.0,2026-08,2026,8
India,Uttar Pradesh,Moradabad,"Buddhi Vihar, Moradabad - UPPCB",2026-08-23 11:00:00,28.83526,78.7446,NH3,5.0,5.0,5.0,2026-08,2026,8
India,Uttar Pradesh,Moradabad,"Buddhi Vihar, Moradabad - UPPCB",2026-08-23 11:00:00,28.83526,78.7446,CO,25.0,31.0,28.0,2026-08,2026,8
India,Uttar Pradesh,Moradabad,"Jigar Colony, Moradabad - UPPCB",2026-08-23 11:00:00,28.856664,78.772638,PM10,28.0,86.0,44.0,2026-08,2026,8
India,Uttar Pradesh,Moradabad,"Jigar Colony, Moradabad - UPPCB",2026-08-23 11:00:00,28.856664,78.772638,NO2,25.0,25.0,25.0,2026-08,2026,8
India,Telangana,Hyderabad,"Nacharam_TSIIC IALA, Hyderabad - TSPCB",2026-08-23 11:00:00,17.429398,78.569354,SO2,12.0,26.0,20.0,2026-08,2026,8
India,Telangana,Hyderabad,"Nacharam_TSIIC IALA, Hyderabad - TSPCB",2026-08-23 11:00:00,17.429398,78.569354,CO,28.0,28.0,28.0,2026-08,2026,8
India,Telangana,Hyderabad,"New Malakpet, Hyderabad - TSPCB",2026-08-23 11:00:00,17.37206,78.50864,PM10,50.0,59.0,53.0,2026-08,2026,8
India,Telangana,Hyderabad,"New Malakpet, Hyderabad - TSPCB",2026-08-23 11:00:00,17.37206,78.50864,NO2,12.0,16.0,14.0,2026-08,2026,8
India,Telangana,Hyderabad,"New Malakpet, Hyderabad - TSPCB",2026-08-23 11:00:00,17.37206,78.50864,SO2,6.0,14.0,9.0,2026-08,2026,8
India,Telangana,Hyderabad,"New Malakpet, Hyderabad - TSPCB",2026-08-23 11:00:00,17.37206,78.50864,OZONE,15.0,21.0,16.0,2026-08,2026,8
India,Telangana,Hyderabad,"Kokapet, Hyderabad - TSPCB",2026-08-23 11:00:00,17.393559,78.339194,CO,17.0,18.0,18.0,2026-08,2026,8
India,Telangana,Hyderabad,"Kokapet, Hyderabad - TSPCB",2026-08-23 11:00:00,17.393559,78.339194,OZONE,13.0,18.0,14.0,2026-08,2026,8
India,Telangana,Hyderabad,"ECIL Kapra, Hyderabad - TSPCB",2026-08-23 11:00:00,17.470431,78.566959,NH3,2.0,3.0,2.0,2026-08,2026,8
India,Telangana,Hyderabad,"ECIL Kapra, Hyderabad - TSPCB",2026-08-23 11:00:00,17.470431,78.566959,CO,20.0,27.0,23.0,2026-08,2026,8
India,Telangana,Hyderabad,"Ramachandrapuram, Hyderabad - TSPCB",2026-08-23 11:00:00,17.528544,78.286195,PM10,50.0,77.0,59.0,2026-08,2026,8
India,Telangana,Hyderabad,"Somajiguda, Hyderabad - TSPCB",2026-08-23 11:00:00,17.417094,78.457437,SO2,8.0,9.0,8.0,2026-08,2026,8
India,Telangana,Hyderabad,"Somajiguda, Hyderabad - TSPCB",2026-08-23 11:00:00,17.417094,78.457437,OZONE,17.0,19.0,18.0,2026-08,2026,8
India,Telangana,Hyderabad,"Sanathnagar, Hyderabad - TSPCB",2026-08-23 11:00:00,17.4559458,78.4332152,CO,29.0,42.0,35.0,2026-08,2026,8
India,Telangana,Hyderabad,"ICRISAT Patancheru, Hyderabad - TSPCB",2026-08-23 11:00:00,17.5184,78.278777,PM2.5,2.0,39.0,15.0,2026-08,2026,8
India,Telangana,Hyderabad,"ICRISAT Patancheru, Hyderabad - TSPCB",2026-08-23 11:00:00,17.5184,78.278777,PM10,14.0,125.0,46.0,2026-08,2026,8
India,Telangana,Hyderabad,"ICRISAT Patancheru, Hyderabad - TSPCB",2026-08-23 11:00:00,17.5184,78.278777,CO,3.0,19.0,10.0,2026-08,2026,8
India,Tripura,Agartala,"Bardowali, Agartala - Tripura SPCB",2026-08-23 11:00:00,23.8175497,91.2726974,PM10,36.0,96.0,54.0,2026-08,2026,8
India,Tripura,Agartala,"Bardowali, Agartala - Tripura SPCB",2026-08-23 11:00:00,23.8175497,91.2726974,NO2,12.0,14.0,13.0,2026-08,2026,8
India,Uttar Pradesh,Agra,"Rohta, Agra - UPPCB",2026-08-23 11:00:00,27.106972,78.000111,PM2.5,16.0,46.0,29.0,2026-08,2026,8
India,Uttar Pradesh,Agra,"Sector-3B Avas Vikas Colony, Agra - UPPCB",2026-08-23 11:00:00,27.19412,77.96237,PM2.5,25.0,76.0,44.0,2026-08,2026,8
India,Uttar Pradesh,Agra,"Shahjahan Garden, Agra - UPPCB",2026-08-23 11:00:00,27.169338,78.03582,PM2.5,20.0,35.0,25.0,2026-08,2026,8
India,Uttar Pradesh,Agra,"Manoharpur, Agra - UPPCB",2026-08-23 11:00:00,27.23711,78.01936,SO2,14.0,96.0,66.0,2026-08,2026,8
India,Uttar Pradesh,Agra,"Manoharpur, Agra - UPPCB",2026-08-23 11:00:00,27.23711,78.01936,CO,20.0,20.0,20.0,2026-08,2026,8
India,Uttar Pradesh,Kanpur,"Nehru Nagar, Kanpur - UPPCB",2026-08-23 11:00:00,26.4703136,80.3229863,NO2,44.0,48.0,47.0,2026-08,2026,8
India,Uttar Pradesh,Kanpur,"Nehru Nagar, Kanpur - UPPCB",2026-08-23 11:00:00,26.4703136,80.3229863,SO2,10.0,12.0,11.0,2026-08,2026,8
India,Uttar Pradesh,Kanpur,"Nehru Nagar, Kanpur - UPPCB",2026-08-23 11:00:00,26.4703136,80.3229863,CO,44.0,53.0,51.0,2026-08,2026,8
India,Uttar Pradesh,Kanpur,"Nehru Nagar, Kanpur - UPPCB",2026-08-23 11:00:00,26.4703136,80.3229863,OZONE,2.0,44.0,13.0,2026-08,2026,8
India,Uttar Pradesh,Khora,"Prashant Garden, Khora - UPPCB",2026-08-23 11:00:00,28.61119,77.34206,NO2,15.0,22.0,20.0,2026-08,2026,8
India,Uttar Pradesh,Khora,"Prashant Garden, Khora - UPPCB",2026-08-23 11:00:00,28.61119,77.34206,NH3,4.0,6.0,5.0,2026-08,2026,8
India,Uttar Pradesh,Khurja,"Kalindi Kunj, Khurja - UPPCB",2026-08-23 11:00:00,28.2348927,77.8683002,PM10,35.0,134.0,71.0,2026-08,2026,8
India,Uttar Pradesh,Khurja,"Kalindi Kunj, Khurja - UPPCB",2026-08-23 11:00:00,28.2348927,77.8683002,NO2,12.0,13.0,12.0,2026-08,2026,8
India,Uttar Pradesh,Khurja,"Kalindi Kunj, Khurja - UPPCB",2026-08-23 11:00:00,28.2348927,77.8683002,SO2,10.0,11.0,10.0,2026-08,2026,8
India,Uttar Pradesh,Raebareli," Indira Nagar, Raebareli - NTPC Unchahar",2026-08-23 11:00:00,26.207781,81.245571,NO2,12.0,26.0,20.0,2026-08,2026,8
India,Uttar Pradesh,Shamli,"New Tehsil, Shamli - UPPCB",2026-08-23 11:00:00,29.4603683,77.3410291,SO2,2.0,4.0,3.0,2026-08,2026,8
India,Uttar Pradesh,Varanasi,"Maldahiya, Varanasi - UPPCB",2026-08-23 11:00:00,25.32393,82.99687,NO2,12.0,26.0,20.0,2026-08,2026,8
India,Uttar Pradesh,Varanasi,"Ardhali Bazar, Varanasi - UPPCB",2026-08-23 11:00:00,25.3505986,82.9083074,PM2.5,28.0,65.0,41.0,2026-08,2026,8
India,Uttar Pradesh,Varanasi,"Ardhali Bazar, Varanasi - UPPCB",2026-08-23 11:00:00,25.3505986,82.9083074,PM10,39.0,88.0,56.0,2026-08,2026,8
India,Uttar Pradesh,Varanasi,"Ardhali Bazar, Varanasi - UPPCB",2026-08-23 11:00:00,25.3505986,82.9083074,NO2,19.0,24.0,22.0,2026-08,2026,8
India,Uttar Pradesh,Varanasi,"IESD Banaras Hindu University, Varanasi - UPPCB",2026-08-23 11:00:00,25.262326,82.995408,CO,3.0,3.0,3.0,2026-08,2026,8
India,Uttar Pradesh,Vrindavan,"Omex Eternity, Vrindavan - UPPCB",2026-08-23 11:00:00,27.571409,77.655757,NH3,7.0,9.0,8.0,2026-08,2026,8
India,Uttarakhand,Dehradun,"Doon University, Dehradun - UKPCB",2026-08-23 11:00:00,30.269444,78.044167,OZONE,12.0,27.0,18.0,2026-08,2026,8
India,Uttarakhand,Kashipur,"Govt. Girls Inter College, Kashipur - UKPCB",2026-08-23 11:00:00,29.2124114,78.9611753,NO2,12.0,26.0,20.0,2026-08,2026,8
India,Uttarakhand,Kashipur,"Govt. Girls Inter College, Kashipur - UKPCB",2026-08-23 11:00:00,29.2124114,78.9611753,NH3,12.0,26.0,20.0,2026-08,2026,8
India,Uttarakhand,Kashipur,"Govt. Girls Inter College, Kashipur - UKPCB",2026-08-23 11:00:00,29.2124114,78.9611753,SO2,12.0,26.0,20.0,2026-08,2026,8
India,Uttarakhand,Rishikesh,"Shivaji Nagar, Rishikesh - UKPCB",2026-08-23 11:00:00,30.075911,78.2859547,PM10,9.0,9.0,9.0,2026-08,2026,8
India,Uttarakhand,Rishikesh,"Shivaji Nagar, Rishikesh - UKPCB",2026-08-23 11:00:00,30.075911,78.2859547,SO2,1.0,1.0,1.0,2026-08,2026,8
India,West Bengal,Asansol,"Asansol Court Area, Asansol - WBPCB",2026-08-23 11:00:00,23.685297,86.945968,PM10,42.0,72.0,53.0,2026-08,2026,8
India,West Bengal,Asansol,"Asansol Court Area, Asansol - WBPCB",2026-08-23 11:00:00,23.685297,86.945968,OZONE,11.0,23.0,15.0,2026-08,2026,8
India,West Bengal,Asansol,"Evelyn Lodge, Asansol - WBPCB",2026-08-23 11:00:00,23.697936,86.944395,PM10,48.0,82.0,63.0,2026-08,2026,8
India,West Bengal,Asansol,"Evelyn Lodge, Asansol - WBPCB",2026-08-23 11:00:00,23.697936,86.944395,NH3,6.0,7.0,7.0,2026-08,2026,8
India,West Bengal,Asansol,"Mahabir Colliery, Asansol - WBPCB",2026-08-23 11:00:00,23.618183,87.105718,PM2.5,29.0,86.0,51.0,2026-08,2026,8
India,West Bengal,Asansol,"Mahabir Colliery, Asansol - WBPCB",2026-08-23 11:00:00,23.618183,87.105718,NO2,2.0,2.0,2.0,2026-08,2026,8
India,West Bengal,Asansol,"Mahabir Colliery, Asansol - WBPCB",2026-08-23 11:00:00,23.618183,87.105718,NH3,0.0,1.0,0.0,2026-08,2026,8
India,West Bengal,Asansol,"Trivenidevi Bhalotia College, Asansol - WBPCB",2026-08-23 11:00:00,23.616515,87.119133,NO2,4.0,15.0,8.0,2026-08,2026,8
India,West Bengal,Barrackpore,"SVSPA Campus, Barrackpore - WBPCB",2026-08-23 11:00:00,22.7605581,88.3617589,NO2,5.0,21.0,10.0,2026-08,2026,8
India,West Bengal,Barrackpore,"SVSPA Campus, Barrackpore - WBPCB",2026-08-23 11:00:00,22.7605581,88.3617589,SO2,12.0,13.0,12.0,2026-08,2026,8
India,West Bengal,Barrackpore,"SVSPA Campus, Barrackpore - WBPCB",2026-08-23 11:00:00,22.7605581,88.3617589,CO,44.0,50.0,46.0,2026-08,2026,8
India,West Bengal,Barrackpore,"SVSPA Campus, Barrackpore - WBPCB",2026-08-23 11:00:00,22.7605581,88.3617589,OZONE,3.0,9.0,5.0,2026-08,2026,8
India,West Bengal,Durgapur,"PCBL Residential Complex, Durgapur - WBPCB",2026-08-23 11:00:00,23.508764,87.35444,NH3,2.0,5.0,4.0,2026-08,2026,8
India,West Bengal,Durgapur,"PCBL Residential Complex, Durgapur - WBPCB",2026-08-23 11:00:00,23.508764,87.35444,CO,37.0,48.0,42.0,2026-08,2026,8
India,West Bengal,Durgapur,"Mahishkapur Road_B-Zone, Durgapur - WBPCB",2026-08-23 11:00:00,23.567923,87.306843,NO2,2.0,17.0,7.0,2026-08,2026,8
India,West Bengal,Durgapur,"Mahishkapur Road_B-Zone, Durgapur - WBPCB",2026-08-23 11:00:00,23.567923,87.306843,NH3,0.0,1.0,0.0,2026-08,2026,8
India,West Bengal,Durgapur,"Mahishkapur Road_B-Zone, Durgapur - WBPCB",2026-08-23 11:00:00,23.567923,87.306843,OZONE,7.0,25.0,15.0,2026-08,2026,8
India,West Bengal,Durgapur,"Womens College_City Center, Durgapur - WBPCB",2026-08-23 11:00:00,23.549395,87.300496,OZONE,2.0,17.0,10.0,2026-08,2026,8
India,West Bengal,Haldia,"Priyambada Housing Estate, Haldia - WBPCB",2026-08-23 11:00:00,22.06047,88.109737,OZONE,24.0,28.0,27.0,2026-08,2026,8
India,West Bengal,Howrah,"Dasnagar, Howrah - WBPCB",2026-08-23 11:00:00,22.6025571,88.3105664,NO2,2.0,9.0,4.0,2026-08,2026,8
India,West Bengal,Howrah,"Dasnagar, Howrah - WBPCB",2026-08-23 11:00:00,22.6025571,88.3105664,OZONE,7.0,34.0,17.0,2026-08,2026,8
India,West Bengal,Howrah,"Padmapukur, Howrah - WBPCB",2026-08-23 11:00:00,22.5687319,88.2797276,PM2.5,15.0,39.0,24.0,2026-08,2026,8
India,West Bengal,Howrah,"Padmapukur, Howrah - WBPCB",2026-08-23 11:00:00,22.5687319,88.2797276,PM10,44.0,88.0,65.0,2026-08,2026,8
India,West Bengal,Howrah,"Padmapukur, Howrah - WBPCB",2026-08-23 11:00:00,22.5687319,88.2797276,NH3,8.0,10.0,10.0,2026-08,2026,8
India,West Bengal,Kolkata,"Bidhannagar, Kolkata - WBPCB",2026-08-23 11:00:00,22.58157048,88.41002457,OZONE,9.0,15.0,11.0,2026-08,2026,8
India,West Bengal,Kolkata,"Jadavpur, Kolkata - WBPCB",2026-08-23 11:00:00,22.49929,88.36917,PM2.5,27.0,88.0,47.0,2026-08,2026,8
India,West Bengal,Kolkata,"Jadavpur, Kolkata - WBPCB",2026-08-23 11:00:00,22.49929,88.36917,SO2,5.0,6.0,5.0,2026-08,2026,8
India,West Bengal,Kolkata,"Jadavpur, Kolkata - WBPCB",2026-08-23 11:00:00,22.49929,88.36917,OZONE,11.0,15.0,13.0,2026-08,2026,8
India,West Bengal,Kolkata,"Rabindra Bharati University, Kolkata - WBPCB",2026-08-23 11:00:00,22.627847,88.380669,SO2,7.0,9.0,8.0,2026-08,2026,8
India,West Bengal,Kolkata,"Fort William, Kolkata - WBPCB",2026-08-23 11:00:00,22.55664,88.342674,OZONE,30.0,40.0,36.0,2026-08,2026,8
India,West Bengal,Kolkata,"Rabindra Sarobar, Kolkata - WBPCB",2026-08-23 11:00:00,22.51106,88.35142,NH3,6.0,6.0,6.0,2026-08,2026,8
India,West Bengal,Kolkata,"Ballygunge, Kolkata - WBPCB",2026-08-23 11:00:00,22.5367507,88.3638022,NH3,7.0,8.0,8.0,2026-08,2026,8
India,West Bengal,Kolkata,"Ballygunge, Kolkata - WBPCB",2026-08-23 11:00:00,22.5367507,88.3638022,OZONE,12.0,18.0,16.0,2026-08,2026,8
India,West Bengal,Siliguri,"Ward-32 Bapupara, Siliguri - WBPCB",2026-08-23 11:00:00,26.6879226,88.4152495,NO2,112.0,130.0,120.0,2026-08,2026,8
