country,state,city,station,last_update,latitude,longitude,pollutant_id,pollutant_min,pollutant_max,pollutant_avg
India,Bihar,Gaya,"Kareemganj, Gaya - BSPCB","23-08-2026 11:00:00",24.792403,84.992416,PM2.5,NA,NA,NA
India,Bihar,Hajipur,"Industrial Area, Hajipur - BSPCB","23-08-2026 11:00:00",25.697189,85.2459,CO,19,33,27
India,Bihar,Katihar,"Mirchaibari, Katihar - BSPCB","23-08-2026 11:00:00",25.560083,87.553265,OZONE,19,38,28
India,Bihar,Kishanganj,"SDM Office_Khagra, Kishanganj - BSPCB","23-08-2026 11:00:00",26.0881305,87.93840336,PM10,31,60,44
India,Bihar,Kishanganj,"SDM Office_Khagra, Kishanganj - BSPCB","23-08-2026 11:00:00",26.0881305,87.93840336,NO2,7,8,7
India,Bihar,Kishanganj,"SDM Office_Khagra, Kishanganj - BSPCB","23-08-2026 11:00:00",26.0881305,87.93840336,SO2,6,8,7
India,Bihar,Kishanganj,"SDM Office_Khagra, Kishanganj - BSPCB","23-08-2026 11:00:00",26.0881305,87.93840336,OZONE,32,33,33
India,Bihar,Manguraha,"Forest Rest House, Manguraha - BSPCB","23-08-2026 11:00:00",27.308328,84.531742,PM2.5,NA,NA,NA
India,Bihar,Manguraha,"Forest Rest House, Manguraha - BSPCB","23-08-2026 11:00:00",27.308328,84.531742,NO2,12,36,15
India,Bihar,Muzaffarpur,"Buddha Colony, Muzaffarpur - BSPCB","23-08-2026 11:00:00",26.11442,85.39813,PM10,43,86,68
India,Bihar,Muzaffarpur,"Buddha Colony, Muzaffarpur - BSPCB","23-08-2026 11:00:00",26.11442,85.39813,CO,15,22,18
India,Bihar,Muzaffarpur,"MIT-Daudpur Kothi, Muzaffarpur - BSPCB","23-08-2026 11:00:00",26.1403345,85.3650192,PM2.5,20,48,32
India,Bihar,Muzaffarpur,"MIT-Daudpur Kothi, Muzaffarpur - BSPCB","23-08-2026 11:00:00",26.1403345,85.3650192,PM10,29,56,37
India,Bihar,Muzaffarpur,"MIT-Daudpur Kothi, Muzaffarpur - BSPCB","23-08-2026 11:00:00",26.1403345,85.3650192,NO2,4,12,7
India,Bihar,Patna,"Rajbansi Nagar, Patna - BSPCB","23-08-2026 11:00:00",25.599486,85.113666,PM2.5,NA,NA,NA
India,Bihar,Patna,"Govt. High School Shikarpur, Patna - BSPCB","23-08-2026 11:00:00",25.592539,85.227158,NO2,5,7,6
India,Bihar,Patna,"Govt. High School Shikarpur, Patna - BSPCB","23-08-2026 11:00:00",25.592539,85.227158,SO2,12,13,13
India,Bihar,Patna,"Govt. High School Shikarpur, Patna - BSPCB","23-08-2026 11:00:00",25.592539,85.227158,CO,34,41,38
India,Bihar,Patna,"DRM Office Danapur, Patna - BSPCB","23-08-2026 11:00:00",25.586562,85.043586,PM2.5,25,83,52
India,Bihar,Patna,"Muradpur, Patna - BSPCB","23-08-2026 11:00:00",25.619651,85.147382,PM2.5,48,53,50
India,Bihar,Patna,"Muradpur, Patna - BSPCB","23-08-2026 11:00:00",25.619651,85.147382,NH3,4,5,5
India,Bihar,Patna,"Muradpur, Patna - BSPCB","23-08-2026 11:00:00",25.619651,85.147382,SO2,8,9,9
India,Bihar,Patna,"Muradpur, Patna - BSPCB","23-08-2026 11:00:00",25.619651,85.147382,OZONE,5,43,16
India,Bihar,Patna,"Samanpura, Patna - BSPCB","23-08-2026 11:00:00",25.596727,85.085624,OZONE,22,23,23
India,Chhattisgarh,Bhilai,"Hathkhoj, Bhilai - CECB","23-08-2026 11:00:00",21.224231,81.40835,SO2,9,32,20
India,Chhattisgarh,Chhal,"Nawapara SECL Colony, Chhal - CECB","23-08-2026 11:00:00",22.118125,83.140608,PM2.5,40,82,65
India,Chhattisgarh,Chhal,"Nawapara SECL Colony, Chhal - CECB","23-08-2026 11:00:00",22.118125,83.140608,SO2,6,9,8
India,Chhattisgarh,Korba,"Rampur, Korba - CECB","23-08-2026 11:00:00",22.368195,82.746431,PM2.5,11,45,22
India,Chhattisgarh,Korba,"Rampur, Korba - CECB","23-08-2026 11:00:00",22.368195,82.746431,PM10,9,39,21
India,Chhattisgarh,Korba,"Rampur, Korba - CECB","23-08-2026 11:00:00",22.368195,82.746431,NH3,1,1,1
India,Chhattisgarh,Kunjemura,"OP Jindal School, Kunjemura - CECB","23-08-2026 11:00:00",22.12665,83.483212,NO2,5,61,25
India,Chhattisgarh,Kunjemura,"OP Jindal School, Kunjemura - CECB","23-08-2026 11:00:00",22.12665,83.483212,OZONE,4,6,5
India,Chhattisgarh,Milupara,"Govt. Higher Secondary School, Milupara - CECB","23-08-2026 11:00:00",22.1910172,83.5197009,PM2.5,16,48,32
India,Chhattisgarh,Milupara,"Govt. Higher Secondary School, Milupara - CECB","23-08-2026 11:00:00",22.1910172,83.5197009,NH3,1,2,2
India,Chhattisgarh,Milupara,"Govt. Higher Secondary School, Milupara - CECB","23-08-2026 11:00:00",22.1910172,83.5197009,CO,14,38,26
India,Chhattisgarh,Milupara,"Govt. Higher Secondary School, Milupara - CECB","23-08-2026 11:00:00",22.1910172,83.5197009,OZONE,34,93,59
India,Bihar,Arrah,"New DM Office, Arrah - BSPCB","23-08-2026 11:00:00",25.5626095,84.663264,OZONE,4,8,8
India,Bihar,Aurangabad,"Gurdeo Nagar, Aurangabad - BSPCB","23-08-2026 11:00:00",24.75746,84.366208,PM2.5,19,320,58
India,Bihar,Aurangabad,"Gurdeo Nagar, Aurangabad - BSPCB","23-08-2026 11:00:00",24.75746,84.366208,NO2,0,1,0
India,Bihar,Aurangabad,"Gurdeo Nagar, Aurangabad - BSPCB","23-08-2026 11:00:00",24.75746,84.366208,CO,NA,NA,NA
India,Bihar,Begusarai,"Lohiyanagar, Begusarai - BSPCB","23-08-2026 11:00:00",25.42742023,86.13886079,NH3,15,17,16
India,Bihar,Bettiah,"Kamalnath Nagar, Bettiah - BSPCB","23-08-2026 11:00:00",26.80365,84.51954,OZONE,17,22,20
India,Bihar,Bhagalpur,"DM Office_Kachari Chowk, Bhagalpur - BSPCB","23-08-2026 11:00:00",25.251013,86.989001,NH3,4,4,4
India,Bihar,Chhapra,"Darshan Nagar, Chhapra - BSPCB","23-08-2026 11:00:00",25.7808257,84.7446768,PM2.5,91,99,94
India,Bihar,Gaya,"Collectorate, Gaya - BSPCB","23-08-2026 11:00:00",24.7955,84.9994,NO2,7,10,8
India,Bihar,Gaya,"Collectorate, Gaya - BSPCB","23-08-2026 11:00:00",24.7955,84.9994,CO,12,12,12
India,"Andhra Pradesh",Tirumala,"Toll Gate, Tirumala - APPCB","23-08-2026 11:00:00",13.67,79.35,NH3,2,3,2
India,"Andhra Pradesh",Tirupati,"Vaikuntapuram, Tirupati - APPCB","23-08-2026 11:00:00",13.615387,79.40923,PM2.5,46,49,48
India,"Andhra Pradesh",Tirupati,"Vaikuntapuram, Tirupati - APPCB","23-08-2026 11:00:00",13.615387,79.40923,CO,25,29,27
India,"Andhra Pradesh",Tirupati,"Vaikuntapuram, Tirupati - APPCB","23-08-2026 11:00:00",13.615387,79.40923,OZONE,32,33,32
India,"Andhra Pradesh",Vijayawada,"Rajiv Nagar, Vijayawada - APPCB","23-08-2026 11:00:00",16.554731,80.64911,SO2,12,20,16
India,"Andhra Pradesh",Vijayawada,"HB Colony, Vijayawada - APPCB","23-08-2026 11:00:00",16.536107,80.594233,CO,34,34,34
India,"Andhra Pradesh",Vijayawada,"Rajiv Gandhi Park, Vijayawada - APPCB","23-08-2026 11:00:00",16.509717,80.612222,PM10,50,90,74
India,"Andhra Pradesh",Visakhapatnam,"GVM Corporation, Visakhapatnam - APPCB","23-08-2026 11:00:00",17.72,83.3,PM2.5,2,96,47
India,"Andhra Pradesh",Visakhapatnam,"GVM Corporation, Visakhapatnam - APPCB","23-08-2026 11:00:00",17.72,83.3,PM10,22,127,71
India,"Andhra Pradesh",Visakhapatnam,"GVM Corporation, Visakhapatnam - APPCB","23-08-2026 11:00:00",17.72,83.3,NO2,40,118,68
India,Bihar,Saharsa,"Police Line, Saharsa - BSPCB","23-08-2026 11:00:00",25.892357,86.590325,SO2,15,19,17
India,Bihar,Samastipur,"DM Office_Kasipur, Samastipur - BSPCB","23-08-2026 11:00:00",25.859655,85.77944,NO2,8,9,8
India,Bihar,Samastipur,"DM Office_Kasipur, Samastipur - BSPCB","23-08-2026 11:00:00",25.859655,85.77944,OZONE,6,7,6
India,Bihar,Sasaram,"Dada Peer, Sasaram - BSPCB","23-08-2026 11:00:00",24.952822,84.002396,PM2.5,13,399,102
India,Bihar,Siwan,"Chitragupta Nagar, Siwan - BSPCB","23-08-2026 11:00:00",26.2271665,84.3570427,SO2,8,13,11
India,Chandigarh,Chandigarh,"Sector 22, Chandigarh - CPCC","23-08-2026 11:00:00",30.735567,76.775714,PM10,12,70,26
India,Chandigarh,Chandigarh,"Sector 22, Chandigarh - CPCC","23-08-2026 11:00:00",30.735567,76.775714,NH3,8,22,14
India,Chandigarh,Chandigarh,"Sector 22, Chandigarh - CPCC","23-08-2026 11:00:00",30.735567,76.775714,SO2,4,6,5
India,Chandigarh,Chandigarh,"Sector-53, Chandigarh - CPCC","23-08-2026 11:00:00",30.719859,76.738637,CO,27,40,35
India,"Andhra Pradesh",Chittoor,"Gangineni Cheruvu, Chittoor - APPCB","23-08-2026 11:00:00",13.20488,79.097889,NH3,6,7,6
India,"Andhra Pradesh",Chittoor,"Gangineni Cheruvu, Chittoor - APPCB","23-08-2026 11:00:00",13.20488,79.097889,CO,20,23,22
India,"Andhra Pradesh",Chittoor,"Gangineni Cheruvu, Chittoor - APPCB","23-08-2026 11:00:00",13.20488,79.097889,OZONE,28,30,29
India,"Andhra Pradesh",Eluru,"District Court, Eluru - APPCB","23-08-2026 11:00:00",16.711754,81.092095,PM2.5,41,62,50
India,"Andhra Pradesh",Eluru,"District Court, Eluru - APPCB","23-08-2026 11:00:00",16.711754,81.092095,OZONE,6,14,10
India,"Andhra Pradesh",Guntur,"Rajendra Nagar North, Guntur - APPCB","23-08-2026 11:00:00",16.316553,80.413302,SO2,6,20,10
India,"Andhra Pradesh",Nellore,"Ambedkar Nagar, Nellore - APPCB ","23-08-2026 11:00:00",14.438164,79.966814,PM2.5,47,49,48
India,"Andhra Pradesh",Nellore,"Ambedkar Nagar, Nellore - APPCB ","23-08-2026 11:00:00",14.438164,79.966814,PM10,46,63,54
India,"Andhra Pradesh",Rajamahendravaram,"Anand Kala Kshetram, Rajamahendravaram - APPCB","23-08-2026 11:00:00",16.9872867,81.7363176,NH3,2,3,2
India,Assam,Guwahati,"IITG, Guwahati - PCBA","23-08-2026 11:00:00",26.2028636,91.70046436,CO,76,88,83
India,Assam,Guwahati,"Pan Bazaar, Guwahati - PCBA","23-08-2026 11:00:00",26.1875,91.744194,PM10,0,35,10
India,Assam,Guwahati,"LGBI Airport, Guwahati - PCBA","23-08-2026 11:00:00",26.10887,91.589544,PM2.5,28,73,58
India,Assam,Guwahati,"LGBI Airport, Guwahati - PCBA","23-08-2026 11:00:00",26.10887,91.589544,SO2,8,16,13
India,Assam,Guwahati,"LGBI Airport, Guwahati - PCBA","23-08-2026 11:00:00",26.10887,91.589544,CO,31,42,36
India,Assam,Guwahati,"Railway Colony, Guwahati - PCBA","23-08-2026 11:00:00",26.181742,91.78063,PM10,15,80,39
India,Assam,Nagaon,"Christianpatty, Nagaon - PCBA","23-08-2026 11:00:00",26.349082,92.68449,OZONE,9,13,11
India,Assam,Nalbari,"Bata Chowk, Nalbari - PCBA","23-08-2026 11:00:00",26.446912,91.439057,PM2.5,50,128,90
India,Assam,Silchar,"Tarapur, Silchar - PCBA","23-08-2026 11:00:00",24.82827,92.79525,NH3,1,1,1
India,Bihar,Araria,"Kharahiya Basti, Araria - BSPCB","23-08-2026 11:00:00",26.146529,87.454184,NO2,11,20,15
India,"Andhra Pradesh",Anantapur,"Gulzarpet, Anantapur - APPCB","23-08-2026 11:00:00",14.675886,77.593027,NO2,16,22,21
India,"Andhra Pradesh",Anantapur,"Gulzarpet, Anantapur - APPCB","23-08-2026 11:00:00",14.675886,77.593027,OZONE,20,20,20
India,Delhi,Delhi,"Sirifort, Delhi - CPCB","23-08-2026 11:00:00",28.5504249,77.2159377,PM10,37,198,109
India,Delhi,Delhi,"Sirifort, Delhi - CPCB","23-08-2026 11:00:00",28.5504249,77.2159377,NO2,38,45,41
India,Delhi,Delhi,"Sirifort, Delhi - CPCB","23-08-2026 11:00:00",28.5504249,77.2159377,CO,12,30,19
India,Delhi,Delhi,"Sirifort, Delhi - CPCB","23-08-2026 11:00:00",28.5504249,77.2159377,OZONE,17,27,23
India,Delhi,Delhi,"Chandni Chowk, Delhi - IITM","23-08-2026 11:00:00",28.656756,77.227234,PM2.5,46,104,72
India,Delhi,Delhi,"Pusa, Delhi - IITM","23-08-2026 11:00:00",28.63611,77.173332,OZONE,5,35,18
India,Delhi,Delhi,"DTU, Delhi - CPCB","23-08-2026 11:00:00",28.7500499,77.1112615,CO,6,23,11
India,Delhi,Delhi,"DTU, Delhi - CPCB","23-08-2026 11:00:00",28.7500499,77.1112615,OZONE,13,19,16
India,Delhi,Delhi,"Dwarka-Sector 8, Delhi - DPCC ","23-08-2026 11:00:00",28.5710274,77.0719006,NO2,16,72,31
India,Delhi,Delhi,"Dr. Karni Singh Shooting Range, Delhi - DPCC","23-08-2026 11:00:00",28.498571,77.26484,PM2.5,12,150,62
India,Delhi,Delhi,"IIT Delhi, Delhi - IITM","23-08-2026 11:00:00",28.54246,77.191651,PM2.5,14,98,59
India,Delhi,Delhi,"IIT Delhi, Delhi - IITM","23-08-2026 11:00:00",28.54246,77.191651,OZONE,4,14,8
India,Delhi,Delhi,"IGI Airport (T3), Delhi - IITM","23-08-2026 11:00:00",28.5627763,77.1180053,PM2.5,20,137,49
India,Chhattisgarh,Raipur,"Krishak Nagar, Raipur - CECB","23-08-2026 11:00:00",21.237755,81.705301,NO2,10,16,12
India,Chhattisgarh,Raipur,"Krishak Nagar, Raipur - CECB","23-08-2026 11:00:00",21.237755,81.705301,CO,12,20,15
India,Chhattisgarh,Raipur,"Krishak Nagar, Raipur - CECB","23-08-2026 11:00:00",21.237755,81.705301,OZONE,0,2,1
India,Chhattisgarh,Raipur,"Bhatagaon New ISBT, Raipur - CECB","23-08-2026 11:00:00",21.219665,81.630094,NH3,2,2,2
India,Chhattisgarh,Raipur,"Siltara Phase-II, Raipur - CECB","23-08-2026 11:00:00",21.371751,81.664929,NO2,NA,NA,NA
India,Chhattisgarh,Raipur,"Siltara Phase-II, Raipur - CECB","23-08-2026 11:00:00",21.371751,81.664929,NH3,2,2,2
India,Chhattisgarh,Raipur,"AIIMS, Raipur - CECB","23-08-2026 11:00:00",21.258815,81.578979,PM10,20,43,31
India,Chhattisgarh,Tumidih,"OP Jindal Industrial Park, Tumidih - CECB","23-08-2026 11:00:00",22.06631475,83.33820077,PM2.5,32,88,57
India,Chhattisgarh,Tumidih,"OP Jindal Industrial Park, Tumidih - CECB","23-08-2026 11:00:00",22.06631475,83.33820077,NH3,2,2,2
India,Delhi,Delhi,"ITO, Delhi - CPCB","23-08-2026 11:00:00",28.628624,77.24106,PM2.5,19,88,51
India,Delhi,Delhi,"ITO, Delhi - CPCB","23-08-2026 11:00:00",28.628624,77.24106,CO,35,52,42
India,Delhi,Delhi,"Narela, Delhi - DPCC","23-08-2026 11:00:00",28.822836,77.101981,PM10,39,174,100
India,Delhi,Delhi,"Narela, Delhi - DPCC","23-08-2026 11:00:00",28.822836,77.101981,NO2,22,31,26
India,Delhi,Delhi,"Cantonment Area, Delhi - DPCC","23-08-2026 11:00:00",28.594169,77.1251,CO,62,76,70
India,Delhi,Delhi,"Cantonment Area, Delhi - DPCC","23-08-2026 11:00:00",28.594169,77.1251,OZONE,2,4,3
India,Delhi,Delhi,"Sonia Vihar, Delhi - DPCC","23-08-2026 11:00:00",28.710508,77.249485,PM2.5,15,130,60
India,Delhi,Delhi,"Sonia Vihar, Delhi - DPCC","23-08-2026 11:00:00",28.710508,77.249485,PM10,23,166,96
India,Delhi,Delhi,"Bawana, Delhi - DPCC","23-08-2026 11:00:00",28.7762,77.051074,NO2,NA,NA,NA
India,Delhi,Delhi,"Bawana, Delhi - DPCC","23-08-2026 11:00:00",28.7762,77.051074,CO,12,12,12
India,Delhi,Delhi,"Okhla Phase-2, Delhi - DPCC","23-08-2026 11:00:00",28.530785,77.271255,NH3,4,21,10
India,Delhi,Delhi,"Okhla Phase-2, Delhi - DPCC","23-08-2026 11:00:00",28.530785,77.271255,OZONE,5,12,9
India,Delhi,Delhi,"Rohini, Delhi - DPCC","23-08-2026 11:00:00",28.732528,77.11992,PM2.5,37,190,87
India,Delhi,Delhi,"Rohini, Delhi - DPCC","23-08-2026 11:00:00",28.732528,77.11992,PM10,60,180,119
India,Delhi,Delhi,"Vivek Vihar, Delhi - DPCC","23-08-2026 11:00:00",28.672342,77.31526,CO,55,63,59
India,Delhi,Delhi,"Vivek Vihar, Delhi - DPCC","23-08-2026 11:00:00",28.672342,77.31526,OZONE,11,31,22
India,Delhi,Delhi,"Jahangirpuri, Delhi - DPCC","23-08-2026 11:00:00",28.73282,77.170633,CO,77,93,84
India,Delhi,Delhi,"Jahangirpuri, Delhi - DPCC","23-08-2026 11:00:00",28.73282,77.170633,OZONE,6,8,7
India,Delhi,Delhi,"Burari Crossing, Delhi - IITM","23-08-2026 11:00:00",28.7256504,77.2011573,OZONE,5,41,23
India,Delhi,Delhi,"IMD Lodhi Road, Delhi - IITM","23-08-2026 11:00:00",28.5918245,77.2273074,PM10,28,219,99
India,Delhi,Delhi,"IMD Lodhi Road, Delhi - IITM","23-08-2026 11:00:00",28.5918245,77.2273074,SO2,NA,NA,NA
India,Delhi,Delhi,"JNU, Delhi - DPCC","23-08-2026 11:00:00",28.540721,77.168544,PM2.5,14,187,69
India,Delhi,Delhi,"JNU, Delhi - DPCC","23-08-2026 11:00:00",28.540721,77.168544,NO2,5,47,18
India,Delhi,Delhi,"JNU, Delhi - DPCC","23-08-2026 11:00:00",28.540721,77.168544,NH3,0,3,1
India,Delhi,Delhi,"JNU, Delhi - DPCC","23-08-2026 11:00:00",28.540721,77.168544,SO2,1,4,3
India,Delhi,Delhi,"JNU, Delhi - DPCC","23-08-2026 11:00:00",28.540721,77.168544,CO,31,39,35
India,Delhi,Delhi,"North Campus, DU, Delhi - IITM","23-08-2026 11:00:00",28.6573814,77.1585447,SO2,NA,NA,NA
India,Gujarat,Ahmedabad,"SVPI Airport Hansol, Ahmedabad - IITM","23-08-2026 11:00:00",23.076793,72.627874,PM2.5,11,54,31
India,Gujarat,Ahmedabad,"SVPI Airport Hansol, Ahmedabad - IITM","23-08-2026 11:00:00",23.076793,72.627874,SO2,6,29,11
India,Gujarat,Ahmedabad,"Rakhial, Ahmedabad - IITM","23-08-2026 11:00:00",23.016834,72.625775,NO2,11,42,18
India,Gujarat,Ahmedabad,"Rakhial, Ahmedabad - IITM","23-08-2026 11:00:00",23.016834,72.625775,NH3,NA,NA,NA
India,Gujarat,Gandhinagar,"IIPHG Lekawada, Gandhinagar - IITM","23-08-2026 11:00:00",23.243639,72.68994,PM2.5,23,79,49
India,Gujarat,Gandhinagar,"IIPHG Lekawada, Gandhinagar - IITM","23-08-2026 11:00:00",23.243639,72.68994,PM10,104,163,127
India,Gujarat,Gandhinagar,"IIPHG Lekawada, Gandhinagar - IITM","23-08-2026 11:00:00",23.243639,72.68994,NO2,4,24,10
India,Gujarat,Gandhinagar,"IIPHG Lekawada, Gandhinagar - IITM","23-08-2026 11:00:00",23.243639,72.68994,NH3,0,1,1
India,Gujarat,Gandhinagar,"GIFT City, Gandhinagar - IITM","23-08-2026 11:00:00",23.163798,72.677768,NO2,19,39,23
India,Gujarat,Mehsana,"Sadanand Nagar, Mehsana - Nexteng Enviro","23-08-2026 11:00:00",23.59315,72.372792,PM10,46,115,75
India,Gujarat,Rajkot,"Mavdi, Rajkot - Nexteng Enviro ","23-08-2026 11:00:00",22.248853,70.776774,PM2.5,17,44,33
India,Gujarat,Rajkot,"Mavdi, Rajkot - Nexteng Enviro ","23-08-2026 11:00:00",22.248853,70.776774,CO,40,42,41
India,Gujarat,Rajkot,"Mavdi, Rajkot - Nexteng Enviro ","23-08-2026 11:00:00",22.248853,70.776774,OZONE,7,11,8
India,Gujarat,Surat,"Science Center, Surat - SMC","23-08-2026 11:00:00",21.170046,72.795405,OZONE,NA,NA,NA
India,Gujarat,Surat,"Katargam, Surat - Nexteng Enviro","23-08-2026 11:00:00",21.217779,72.834787,NO2,4,44,20
India,Delhi,Delhi,"IHBAS, Dilshad Garden, Delhi - CPCB","23-08-2026 11:00:00",28.6811736,77.3025234,CO,17,26,22
India,Delhi,Delhi,"Sri Aurobindo Marg, Delhi - DPCC","23-08-2026 11:00:00",28.531346,77.190156,SO2,53,75,66
India,Delhi,Delhi,"Nehru Nagar, Delhi - DPCC","23-08-2026 11:00:00",28.56789,77.250515,PM2.5,3,203,72
India,Delhi,Delhi,"Nehru Nagar, Delhi - DPCC","23-08-2026 11:00:00",28.56789,77.250515,OZONE,4,12,9
India,Delhi,Delhi,"Patparganj, Delhi - DPCC","23-08-2026 11:00:00",28.623763,77.287209,NH3,7,9,8
India,Delhi,Delhi,"Patparganj, Delhi - DPCC","23-08-2026 11:00:00",28.623763,77.287209,CO,34,46,41
India,Delhi,Delhi,"Wazirpur, Delhi - DPCC","23-08-2026 11:00:00",28.699793,77.165453,NO2,27,59,36
India,Delhi,Delhi,"Wazirpur, Delhi - DPCC","23-08-2026 11:00:00",28.699793,77.165453,CO,46,56,51
India,Delhi,Delhi,"Wazirpur, Delhi - DPCC","23-08-2026 11:00:00",28.699793,77.165453,OZONE,4,8,6
India,Delhi,Delhi,"NSUT Jaffarpur, Delhi - DPCC","23-08-2026 11:00:00",28.594004,76.909423,NO2,3,54,18
India,Delhi,Delhi,"Punjabi Bagh, Delhi - DPCC","23-08-2026 11:00:00",28.674045,77.131023,OZONE,1,19,6
India,Delhi,Delhi,"Ashok Vihar, Delhi - DPCC","23-08-2026 11:00:00",28.695381,77.181665,NO2,8,51,21
India,Delhi,Delhi,"Ashok Vihar, Delhi - DPCC","23-08-2026 11:00:00",28.695381,77.181665,NH3,4,12,8
India,Delhi,Delhi,"Ashok Vihar, Delhi - DPCC","23-08-2026 11:00:00",28.695381,77.181665,CO,68,83,75
India,Delhi,Delhi,"Anand Vihar, Delhi - DPCC","23-08-2026 11:00:00",28.647622,77.315809,PM2.5,73,214,124
India,Delhi,Delhi,"Shadipur, Delhi - CPCB","23-08-2026 11:00:00",28.6514781,77.1473105,PM10,33,135,75
India,Delhi,Delhi,"Pusa, Delhi - DPCC","23-08-2026 11:00:00",28.639652,77.146275,PM10,34,137,109
India,Delhi,Delhi,"Pusa, Delhi - DPCC","23-08-2026 11:00:00",28.639652,77.146275,NO2,21,50,36
India,Delhi,Delhi,"Pusa, Delhi - DPCC","23-08-2026 11:00:00",28.639652,77.146275,CO,54,101,64
India,Delhi,Delhi,"Pusa, Delhi - DPCC","23-08-2026 11:00:00",28.639652,77.146275,OZONE,1,2,1
India,Gujarat,Ahmedabad,"Chandkheda, Ahmedabad - IITM","23-08-2026 11:00:00",23.107969,72.574648,PM2.5,16,85,50
India,Gujarat,Ahmedabad,"SAC ISRO Bopal, Ahmedabad - IITM","23-08-2026 11:00:00",23.041137,72.456691,OZONE,NA,NA,NA
India,Gujarat,Ahmedabad,"SAC ISRO Satellite, Ahmedabad - IITM","23-08-2026 11:00:00",23.023389,72.515201,PM2.5,44,99,70
India,Gujarat,Ahmedabad,"Raikhad, Ahmedabad - IITM","23-08-2026 11:00:00",23.020509,72.579261,NO2,4,21,11
India,Gujarat,Bhavnagar,"Vidhyanagar, Bhavnagar - Nexteng Enviro","23-08-2026 11:00:00",21.755417,72.139056,PM2.5,21,37,28
India,Delhi,Delhi,"IGNOU_Maidan Garhi, Delhi - DPCC","23-08-2026 11:00:00",28.493624,77.201159,PM10,44,114,80
India,Delhi,Delhi,"IGNOU_Maidan Garhi, Delhi - DPCC","23-08-2026 11:00:00",28.493624,77.201159,NO2,4,17,8
India,Delhi,Delhi,"IGNOU_Maidan Garhi, Delhi - DPCC","23-08-2026 11:00:00",28.493624,77.201159,NH3,2,6,3
India,Delhi,Delhi,"CRRI Mathura Road, Delhi - IITM","23-08-2026 11:00:00",28.5512005,77.2735737,NH3,NA,NA,NA
India,Delhi,Delhi,"CRRI Mathura Road, Delhi - IITM","23-08-2026 11:00:00",28.5512005,77.2735737,OZONE,14,16,15
India,Haryana,Ballabgarh,"Nathu Colony, Ballabgarh - HSPCB","23-08-2026 11:00:00",28.3419248,77.319699,PM2.5,17,244,77
India,Haryana,Bhiwani,"H.B. Colony, Bhiwani - HSPCB","23-08-2026 11:00:00",28.806223,76.141105,PM10,122,151,130
India,Haryana,Bhiwani,"H.B. Colony, Bhiwani - HSPCB","23-08-2026 11:00:00",28.806223,76.141105,NO2,11,19,15
India,Haryana,"Charkhi Dadri","Mini Secretariat, Charkhi Dadri - HSPCB","23-08-2026 11:00:00",28.593883,76.270653,PM2.5,2,209,86
India,Haryana,"Charkhi Dadri","Mini Secretariat, Charkhi Dadri - HSPCB","23-08-2026 11:00:00",28.593883,76.270653,PM10,2,116,64
India,Haryana,Dharuhera,"Municipal Corporation Office, Dharuhera -  HSPCB","23-08-2026 11:00:00",28.2068,76.7997,NO2,8,28,21
India,Haryana,Dharuhera,"Municipal Corporation Office, Dharuhera -  HSPCB","23-08-2026 11:00:00",28.2068,76.7997,NH3,5,17,7
India,Haryana,Dharuhera,"Municipal Corporation Office, Dharuhera -  HSPCB","23-08-2026 11:00:00",28.2068,76.7997,OZONE,7,52,16
India,Haryana,Faridabad,"Sector 11, Faridabad - HSPCB","23-08-2026 11:00:00",28.376058,77.315741,NO2,30,33,31
India,Haryana,Faridabad,"Sector 30, Faridabad - HSPCB","23-08-2026 11:00:00",28.4417,77.3217,OZONE,18,29,24
India,Haryana,Fatehabad,"Huda Sector, Fatehabad - HSPCB","23-08-2026 11:00:00",29.503664,75.467934,NH3,13,15,14
India,Haryana,Gurugram,"Teri Gram, Gurugram - HSPCB","23-08-2026 11:00:00",28.4275,77.1465,PM2.5,13,498,136
India,Haryana,Gurugram,"NISE Gwal Pahari, Gurugram - IITM","23-08-2026 11:00:00",28.422681,77.148944,NO2,1,12,5
India,Karnataka,Mysuru,"Hebbal 1st Stage, Mysuru - KSPCB","23-08-2026 11:00:00",12.21041,76.37376,PM2.5,8,27,18
India,Karnataka,Mysuru,"Hebbal 1st Stage, Mysuru - KSPCB","23-08-2026 11:00:00",12.21041,76.37376,OZONE,NA,NA,NA
India,Karnataka,Ramanagara,"Vijay Nagar, Ramanagara - KSPCB","23-08-2026 11:00:00",12.733409,77.298051,NO2,NA,NA,NA
India,Karnataka,Ramanagara,"Vijay Nagar, Ramanagara - KSPCB","23-08-2026 11:00:00",12.733409,77.298051,CO,26,38,29
India,Karnataka,Shivamogga,"Vinoba Nagara, Shivamogga - KSPCB","23-08-2026 11:00:00",13.94,75.555917,NH3,3,4,3
India,Karnataka,Shivamogga,"Vinoba Nagara, Shivamogga - KSPCB","23-08-2026 11:00:00",13.94,75.555917,SO2,3,7,3
India,Karnataka,Shivamogga,"Vinoba Nagara, Shivamogga - KSPCB","23-08-2026 11:00:00",13.94,75.555917,OZONE,22,22,22
India,Karnataka,Yadgir,"Collector Office, Yadgir - KSPCB","23-08-2026 11:00:00",16.7602,77.1428,PM10,7,49,27
India,Karnataka,Yadgir,"Collector Office, Yadgir - KSPCB","23-08-2026 11:00:00",16.7602,77.1428,CO,16,16,16
India,Kerala,Eloor,"Udyogamandal, Eloor - Kerala PCB","23-08-2026 11:00:00",10.073232,76.302765,PM10,61,68,65
India,Kerala,Eloor,"Udyogamandal, Eloor - Kerala PCB","23-08-2026 11:00:00",10.073232,76.302765,NH3,0,0,0
India,Kerala,Eloor,"Udyogamandal, Eloor - Kerala PCB","23-08-2026 11:00:00",10.073232,76.302765,SO2,0,1,0
India,Kerala,Kannur,"Thavakkara, Kannur - Kerala PCB","23-08-2026 11:00:00",11.875,75.3732,NO2,11,12,12
India,Kerala,Kannur,"Thavakkara, Kannur - Kerala PCB","23-08-2026 11:00:00",11.875,75.3732,CO,13,14,14
India,"Himachal Pradesh",Baddi,"HIMUDA Complex Phase-1, Baddi - HPPCB","23-08-2026 11:00:00",30.943887,76.801991,OZONE,9,38,24
India,"Jammu and Kashmir",Srinagar,"Khunmoh, Srinagar - JKPCC","23-08-2026 11:00:00",34.06313,74.96017,PM2.5,20,43,32
India,"Jammu and Kashmir",Srinagar,"Khunmoh, Srinagar - JKPCC","23-08-2026 11:00:00",34.06313,74.96017,CO,NA,NA,NA
India,Jharkhand,Dhanbad,"Sardar Patel Nagar, Dhanbad - JSPCB","23-08-2026 11:00:00",23.80569,86.44268,NO2,97,125,102
India,Jharkhand,Jorapokhar,"Tata Stadium, Jorapokhar - JSPCB","23-08-2026 11:00:00",23.707909,86.41467,OZONE,5,8,6
India,Karnataka,Belgaum,"Ramteerth Nagar, Belgaum - KSPCB","23-08-2026 11:00:00",15.888653,74.541751,PM10,NA,NA,NA
India,Karnataka,Belgaum,"Ramteerth Nagar, Belgaum - KSPCB","23-08-2026 11:00:00",15.888653,74.541751,OZONE,19,19,19
India,Karnataka,Bengaluru,"Jigani, Bengaluru - KSPCB","23-08-2026 11:00:00",12.7816279,77.6299145,PM2.5,33,103,40
India,Karnataka,Bengaluru,"Jigani, Bengaluru - KSPCB","23-08-2026 11:00:00",12.7816279,77.6299145,CO,35,36,36
India,Karnataka,Bengaluru,"City Railway Station, Bengaluru - KSPCB","23-08-2026 11:00:00",12.9756843,77.5660749,NO2,28,34,30
India,Karnataka,Bengaluru,"City Railway Station, Bengaluru - KSPCB","23-08-2026 11:00:00",12.9756843,77.5660749,NH3,NA,NA,NA
India,Karnataka,Bengaluru,"Hombegowda Nagar, Bengaluru - KSPCB","23-08-2026 11:00:00",12.938539,77.5901,NH3,1,1,1
India,Karnataka,Bengaluru,"Hombegowda Nagar, Bengaluru - KSPCB","23-08-2026 11:00:00",12.938539,77.5901,SO2,3,10,7
India,Karnataka,Bengaluru,"Hombegowda Nagar, Bengaluru - KSPCB","23-08-2026 11:00:00",12.938539,77.5901,CO,7,10,9
India,Karnataka,Bengaluru,"Peenya, Bengaluru - CPCB","23-08-2026 11:00:00",13.0270199,77.494094,PM2.5,10,10,10
India,Karnataka,Bengaluru,"Peenya, Bengaluru - CPCB","23-08-2026 11:00:00",13.0270199,77.494094,PM10,NA,NA,NA
India,Karnataka,Bengaluru,"Peenya, Bengaluru - CPCB","23-08-2026 11:00:00",13.0270199,77.494094,NH3,2,5,4
India,Karnataka,Bengaluru,"Peenya, Bengaluru - CPCB","23-08-2026 11:00:00",13.0270199,77.494094,OZONE,NA,NA,NA
India,Karnataka,Bengaluru,"Shivapura_Peenya, Bengaluru - KSPCB","23-08-2026 11:00:00",13.0246342,77.5080115,NH3,4,4,4
India,Karnataka,Bengaluru,"Hebbal, Bengaluru - KSPCB","23-08-2026 11:00:00",13.029152,77.585901,SO2,NA,NA,NA
India,Karnataka,Bengaluru,"Silk Board, Bengaluru - KSPCB","23-08-2026 11:00:00",12.917348,77.622813,CO,28,35,32
India,Karnataka,Bengaluru,"Bapuji Nagar, Bengaluru - KSPCB","23-08-2026 11:00:00",12.951913,77.539784,PM2.5,13,43,22
India,Karnataka,Bengaluru,"Bapuji Nagar, Bengaluru - KSPCB","23-08-2026 11:00:00",12.951913,77.539784,NO2,20,26,22
India,Karnataka,Bengaluru,"Bapuji Nagar, Bengaluru - KSPCB","23-08-2026 11:00:00",12.951913,77.539784,SO2,12,39,27
India,Karnataka,Bengaluru,"Bapuji Nagar, Bengaluru - KSPCB","23-08-2026 11:00:00",12.951913,77.539784,CO,27,45,35
India,Haryana,Panchkula,"Sector-6, Panchkula - HSPCB ","23-08-2026 11:00:00",30.7057778,76.8531805555555,SO2,10,14,11
India,Haryana,Panchkula,"Sector-6, Panchkula - HSPCB ","23-08-2026 11:00:00",30.7057778,76.8531805555555,CO,19,20,20
India,Haryana,Panipat,"Sector-18, Panipat - HSPCB","23-08-2026 11:00:00",29.432304,76.972765,NO2,5,9,7
India,Haryana,Panipat,"Sector-18, Panipat - HSPCB","23-08-2026 11:00:00",29.432304,76.972765,OZONE,48,49,49
India,Haryana,Rohtak,"MD University, Rohtak - HSPCB","23-08-2026 11:00:00",28.52123,76.37138,PM2.5,36,179,57
India,Haryana,Rohtak,"MD University, Rohtak - HSPCB","23-08-2026 11:00:00",28.52123,76.37138,CO,32,41,36
India,Haryana,Sonipat,"Murthal, Sonipat - HSPCB","23-08-2026 11:00:00",29.0272,77.0621,PM10,29,83,50
India,Haryana,Sonipat,"Murthal, Sonipat - HSPCB","23-08-2026 11:00:00",29.0272,77.0621,NH3,8,9,9
India,Haryana,"Yamuna Nagar","Gobind Pura, Yamuna Nagar - HSPCB","23-08-2026 11:00:00",30.1480566,77.2893471,PM10,45,115,70
India,Haryana,"Yamuna Nagar","Gobind Pura, Yamuna Nagar - HSPCB","23-08-2026 11:00:00",30.1480566,77.2893471,NH3,1,6,4
India,Karnataka,Chamarajanagar,"Urban, Chamarajanagar - KSPCB","23-08-2026 11:00:00",11.55358,76.55521,OZONE,25,27,26
India,Karnataka,Hubballi,"Lingaraj Nagar, Hubballi - KSPCB","23-08-2026 11:00:00",15.3714823,75.1160168,PM10,51,56,55
India,Karnataka,Hubballi,"Lingaraj Nagar, Hubballi - KSPCB","23-08-2026 11:00:00",15.3714823,75.1160168,NH3,1,2,2
India,Karnataka,Hubballi,"Lingaraj Nagar, Hubballi - KSPCB","23-08-2026 11:00:00",15.3714823,75.1160168,CO,10,13,11
India,Karnataka,Kalaburagi,"Mahatma Basaveswar Colony, Kalaburgi - KSPCB","23-08-2026 11:00:00",17.336318,76.847397,NH3,2,3,2
India,Karnataka,Karwar,"KHB Colony, Karwar - KSPCB","23-08-2026 11:00:00",14.816666,74.141003,PM2.5,0,26,14
India,Karnataka,Karwar,"KHB Colony, Karwar - KSPCB","23-08-2026 11:00:00",14.816666,74.141003,SO2,NA,NA,NA
India,Karnataka,Karwar,"KHB Colony, Karwar - KSPCB","23-08-2026 11:00:00",14.816666,74.141003,OZONE,NA,NA,NA
India,Karnataka,Madikeri,"Stuart Hill, Madikeri - KSPCB","23-08-2026 11:00:00",12.415911,75.73505,SO2,6,8,7
India,Karnataka,Madikeri,"Stuart Hill, Madikeri - KSPCB","23-08-2026 11:00:00",12.415911,75.73505,OZONE,2,5,2
India,Haryana,Gurugram,"Sector-51, Gurugram - HSPCB","23-08-2026 11:00:00",28.4227,77.0667,NH3,9,22,13
India,Haryana,Gurugram,"Sector-51, Gurugram - HSPCB","23-08-2026 11:00:00",28.4227,77.0667,SO2,6,10,8
India,Haryana,Hisar,"Urban Estate-II, Hisar - HSPCB","23-08-2026 11:00:00",29.14056,75.744941,OZONE,69,70,70
India,Haryana,Jind,"Police Lines, Jind - HSPCB","23-08-2026 11:00:00",29.307814,76.337619,PM2.5,86,108,96
India,Haryana,Jind,"Police Lines, Jind - HSPCB","23-08-2026 11:00:00",29.307814,76.337619,NO2,12,14,13
India,Haryana,Kaithal,"Rishi Nagar, Kaithal - HSPCB","23-08-2026 11:00:00",29.8006,76.4155,PM10,19,132,83
India,Haryana,Kaithal,"Rishi Nagar, Kaithal - HSPCB","23-08-2026 11:00:00",29.8006,76.4155,OZONE,11,36,20
India,Haryana,Karnal,"Sector-12, Karnal - HSPCB","23-08-2026 11:00:00",29.6953,77.0027,PM10,15,65,32
India,Haryana,Karnal,"Sector-12, Karnal - HSPCB","23-08-2026 11:00:00",29.6953,77.0027,NH3,6,12,8
India,Haryana,Mandikhera,"General Hospital, Mandikhera(Nuh) - HSPCB","23-08-2026 11:00:00",27.9002,76.9938,PM10,38,41,39
India,Haryana,Manesar,"Sector-2 IMT, Manesar - HSPCB","23-08-2026 11:00:00",28.360699,76.93609,PM10,68,163,101
India,Haryana,Manesar,"Sector-2 IMT, Manesar - HSPCB","23-08-2026 11:00:00",28.360699,76.93609,NH3,10,23,18
India,Haryana,Palwal,"Shyam Nagar, Palwal - HSPCB","23-08-2026 11:00:00",28.1485564,77.3320667,PM10,69,124,102
India,Haryana,Palwal,"Shyam Nagar, Palwal - HSPCB","23-08-2026 11:00:00",28.1485564,77.3320667,NO2,23,24,24
India,Haryana,Panchgaon,"Amity University, Panchgaon - IITM","23-08-2026 11:00:00",28.3153,76.9143,NH3,2,4,3
India,Gujarat,Vapi,"Phase-1 GIDC, Vapi - GPCB","23-08-2026 11:00:00",20.362421,72.918013,NH3,4,5,5
India,Haryana,Ambala,"Patti Mehar, Ambala - HSPCB","23-08-2026 11:00:00",30.379589,76.778328,NO2,6,8,7
India,Haryana,Ambala,"Patti Mehar, Ambala - HSPCB","23-08-2026 11:00:00",30.379589,76.778328,CO,17,40,29
India,Haryana,Bahadurgarh,"Arya Nagar, Bahadurgarh - HSPCB","23-08-2026 11:00:00",28.6701,76.9254,SO2,7,9,8
India,Haryana,Bahadurgarh,"Arya Nagar, Bahadurgarh - HSPCB","23-08-2026 11:00:00",28.6701,76.9254,OZONE,31,44,40
India,"Madhya Pradesh",Jabalpur,"Suhagi, Jabalpur - JMC","23-08-2026 11:00:00",23.218135,79.95777,SO2,7,106,32
India,"Madhya Pradesh",Katni,"Gole Bazar, Katni - MPPCB","23-08-2026 11:00:00",23.50016,80.23284,SO2,9,40,25
India,"Madhya Pradesh",Maihar,"Sahilara, Maihar - KJS Cements","23-08-2026 11:00:00",24.2613009,80.7231783,PM10,1,27,13
India,"Madhya Pradesh",Maihar,"Sahilara, Maihar - KJS Cements","23-08-2026 11:00:00",24.2613009,80.7231783,SO2,11,12,12
India,"Madhya Pradesh",Maihar,"Sahilara, Maihar - KJS Cements","23-08-2026 11:00:00",24.2613009,80.7231783,OZONE,NA,NA,NA
India,"Madhya Pradesh",Mandideep,"Sector-D Industrial Area, Mandideep - MPPCB","23-08-2026 11:00:00",23.10844,77.511428,NO2,31,44,38
India,"Madhya Pradesh",Pithampur,"Sector-2 Industrial Area, Pithampur - MPPCB","23-08-2026 11:00:00",22.624758,75.675238,PM2.5,NA,NA,NA
India,"Madhya Pradesh",Ratlam,"Shasthri Nagar, Ratlam - IPCA Lab","23-08-2026 11:00:00",23.331731,75.045981,PM2.5,11,65,38
India,"Madhya Pradesh",Sagar,"Civil Lines, Sagar - MPPCB","23-08-2026 11:00:00",23.838586,78.759431,PM10,11,78,38
India,"Madhya Pradesh",Satna,"Bandhavgar Colony, Satna - Birla Cement","23-08-2026 11:00:00",24.58434363,80.8549414,PM2.5,49,52,50
India,"Madhya Pradesh",Satna,"Bandhavgar Colony, Satna - Birla Cement","23-08-2026 11:00:00",24.58434363,80.8549414,PM10,69,71,70
India,"Madhya Pradesh",Satna,"Bandhavgar Colony, Satna - Birla Cement","23-08-2026 11:00:00",24.58434363,80.8549414,SO2,NA,NA,NA
India,"Madhya Pradesh",Ujjain,"Mahashweta Nagar, Ujjain - MPPCB","23-08-2026 11:00:00",23.1633321,75.800225,NH3,4,14,10
India,"Madhya Pradesh",Ujjain,"Mahashweta Nagar, Ujjain - MPPCB","23-08-2026 11:00:00",23.1633321,75.800225,OZONE,30,47,37
India,Maharashtra,Akola,"Ramdaspeth, Akola - MPCB","23-08-2026 11:00:00",20.719516,77.000253,NO2,10,21,13
India,Maharashtra,Mumbai,"Kandivali West, Mumbai - BMC","23-08-2026 11:00:00",19.215859,72.831718,SO2,3,6,5
India,Maharashtra,Mumbai,"Kandivali West, Mumbai - BMC","23-08-2026 11:00:00",19.215859,72.831718,CO,5,12,7
India,Maharashtra,Mumbai,"Sewri, Mumbai - BMC","23-08-2026 11:00:00",19.000084,72.85673,PM2.5,20,27,23
India,Maharashtra,Mumbai,"Sewri, Mumbai - BMC","23-08-2026 11:00:00",19.000084,72.85673,PM10,32,63,42
India,Maharashtra,Mumbai,"Khindipada-Bhandup West, Mumbai - IITM","23-08-2026 11:00:00",19.1653323,72.922099,PM10,28,56,45
India,Maharashtra,Mumbai,"Malad West, Mumbai - IITM","23-08-2026 11:00:00",19.19709,72.82204,CO,24,35,29
India,Maharashtra,Mumbai,"Borivali East, Mumbai - IITM","23-08-2026 11:00:00",19.23241,72.86895,PM2.5,24,47,35
India,Maharashtra,Mumbai,"Borivali East, Mumbai - IITM","23-08-2026 11:00:00",19.23241,72.86895,NO2,8,22,12
India,Maharashtra,Mumbai,"Mazgaon, Mumbai - IITM","23-08-2026 11:00:00",18.96702,72.84214,PM10,32,59,48
India,Maharashtra,Mumbai,"Mazgaon, Mumbai - IITM","23-08-2026 11:00:00",18.96702,72.84214,NH3,2,3,2
India,Maharashtra,Mumbai,"Chakala-Andheri East, Mumbai - IITM","23-08-2026 11:00:00",19.11074,72.86084,NH3,1,2,1
India,Maharashtra,Mumbai,"Chakala-Andheri East, Mumbai - IITM","23-08-2026 11:00:00",19.11074,72.86084,CO,9,19,14
India,Maharashtra,Mumbai,"Chakala-Andheri East, Mumbai - IITM","23-08-2026 11:00:00",19.11074,72.86084,OZONE,7,10,9
India,Maharashtra,Mumbai,"Bandra Kurla Complex, Mumbai - IITM","23-08-2026 11:00:00",19.053536,72.84643,SO2,NA,NA,NA
India,Maharashtra,Mumbai,"Kurla, Mumbai - MPCB","23-08-2026 11:00:00",19.0863,72.8888,OZONE,28,29,28
India,Maharashtra,Mumbai,"Ghatkopar, Mumbai - BMC","23-08-2026 11:00:00",19.083694,72.920967,PM2.5,16,59,31
India,Maharashtra,Mumbai,"Ghatkopar, Mumbai - BMC","23-08-2026 11:00:00",19.083694,72.920967,SO2,2,9,5
India,Maharashtra,Mumbai,"Deonar, Mumbai - IITM","23-08-2026 11:00:00",19.04946,72.923,NH3,6,6,6
India,Maharashtra,Jalna,"Old MIDC, Jalna - MPCB","23-08-2026 11:00:00",19.854616,75.905894,CO,19,30,25
India,Maharashtra,Jalna,"Old MIDC, Jalna - MPCB","23-08-2026 11:00:00",19.854616,75.905894,OZONE,20,43,30
India,Maharashtra,Kalyan,"Khadakpada, Kalyan - MPCB","23-08-2026 11:00:00",19.25292,73.142019,NH3,1,1,1
India,Maharashtra,Kalyan,"Khadakpada, Kalyan - MPCB","23-08-2026 11:00:00",19.25292,73.142019,OZONE,8,8,8
India,Maharashtra,Kalyan,"Pimpleshwar Mandir, Kalyan - MPCB","23-08-2026 11:00:00",19.192056,72.9585188,PM2.5,13,67,40
India,Maharashtra,Kalyan,"Pimpleshwar Mandir, Kalyan - MPCB","23-08-2026 11:00:00",19.192056,72.9585188,SO2,11,21,14
India,Maharashtra,Kolhapur,"Sinchan Bhavan, Kolhapur - MPCB","23-08-2026 11:00:00",16.7143745,74.2426398,PM2.5,9,23,14
India,Maharashtra,Kolhapur,"Sinchan Bhavan, Kolhapur - MPCB","23-08-2026 11:00:00",16.7143745,74.2426398,SO2,0,2,1
India,Maharashtra,Latur,"Sawe Wadi, Latur - MPCB","23-08-2026 11:00:00",18.39963,76.57452,NH3,1,6,3
India,Maharashtra,Latur,"Sawe Wadi, Latur - MPCB","23-08-2026 11:00:00",18.39963,76.57452,SO2,4,6,5
India,Maharashtra,Mahad,"Kamble Tarf Birwadi, Mahad - MPCB","23-08-2026 11:00:00",18.1023399,73.4783687,NO2,4,21,11
India,Maharashtra,Malegaon,"Mahesh Nagar, Malegaon - MPCB","23-08-2026 11:00:00",20.555712,74.529236,PM2.5,38,62,47
India,Maharashtra,Malegaon,"Mahesh Nagar, Malegaon - MPCB","23-08-2026 11:00:00",20.555712,74.529236,NO2,16,19,17
India,Maharashtra,Malegaon,"Mahesh Nagar, Malegaon - MPCB","23-08-2026 11:00:00",20.555712,74.529236,OZONE,20,22,21
India,Maharashtra,Mira-Bhayandar,"Bhayandar West, Mira-Bhayandar - MPCB","23-08-2026 11:00:00",19.296481,72.840923,CO,11,13,12
India,Maharashtra,Mumbai,"Sion, Mumbai - MPCB","23-08-2026 11:00:00",19.047,72.8746,PM2.5,7,13,10
India,Maharashtra,Mumbai,"Sion, Mumbai - MPCB","23-08-2026 11:00:00",19.047,72.8746,PM10,10,18,13
India,"Madhya Pradesh",Gwalior,"City Center, Gwalior - MPPCB","23-08-2026 11:00:00",26.203442,78.193251,PM10,28,52,40
India,"Madhya Pradesh",Gwalior,"Deen Dayal Nagar, Gwalior - MPPCB","23-08-2026 11:00:00",26.259242,78.216432,SO2,10,15,11
India,"Madhya Pradesh",Gwalior,"Deen Dayal Nagar, Gwalior - MPPCB","23-08-2026 11:00:00",26.259242,78.216432,OZONE,6,46,34
India,"Madhya Pradesh",Indore,"Chhoti Gwaltoli, Indore - MPPCB","23-08-2026 11:00:00",22.431,75.5213,NH3,0,7,6
India,"Madhya Pradesh",Indore,"Airport Area, Indore - IMC","23-08-2026 11:00:00",22.7289,75.8076,PM10,NA,NA,NA
India,"Madhya Pradesh",Indore,"Airport Area, Indore - IMC","23-08-2026 11:00:00",22.7289,75.8076,NO2,NA,NA,NA
India,"Madhya Pradesh",Indore,"Airport Area, Indore - IMC","23-08-2026 11:00:00",22.7289,75.8076,OZONE,4,4,4
India,"Madhya Pradesh",Indore,"Maguda Nagar, Indore - IMC","23-08-2026 11:00:00",22.7524,75.8872,SO2,11,15,14
India,"Madhya Pradesh",Indore,"Maguda Nagar, Indore - IMC","23-08-2026 11:00:00",22.7524,75.8872,CO,32,35,33
India,"Madhya Pradesh",Indore,"Maguda Nagar, Indore - IMC","23-08-2026 11:00:00",22.7524,75.8872,OZONE,10,11,10
India,"Madhya Pradesh",Indore,"Residency Area, Indore - IMC","23-08-2026 11:00:00",22.7084,75.8815,PM10,28,75,47
India,"Madhya Pradesh",Indore,"Residency Area, Indore - IMC","23-08-2026 11:00:00",22.7084,75.8815,OZONE,5,6,6
India,"Madhya Pradesh",Jabalpur,"Marhatal, Jabalpur - MPPCB","23-08-2026 11:00:00",23.168606,79.932247,PM2.5,10,152,53
India,"Madhya Pradesh",Jabalpur,"Marhatal, Jabalpur - MPPCB","23-08-2026 11:00:00",23.168606,79.932247,PM10,54,79,66
India,"Madhya Pradesh",Jabalpur,"Marhatal, Jabalpur - MPPCB","23-08-2026 11:00:00",23.168606,79.932247,NO2,40,46,43
India,"Madhya Pradesh",Jabalpur,"Gupteshwar, Jabalpur - JMC","23-08-2026 11:00:00",23.142888,79.916147,OZONE,12,14,13
India,Maharashtra,Mumbai,"Sion, Mumbai - MPCB","23-08-2026 11:00:00",19.047,72.8746,NH3,1,1,1
India,Maharashtra,Mumbai,"Siddharth Nagar-Worli, Mumbai - IITM","23-08-2026 11:00:00",19.000083,72.813993,SO2,NA,NA,NA
India,Maharashtra,Mumbai,"Siddharth Nagar-Worli, Mumbai - IITM","23-08-2026 11:00:00",19.000083,72.813993,CO,2,2,2
India,Maharashtra,Mumbai,"Bandra Kurla Complex, Mumbai - MPCB","23-08-2026 11:00:00",19.065931,72.862131,CO,20,23,21
India,Maharashtra,Mumbai,"Bandra Kurla Complex, Mumbai - MPCB","23-08-2026 11:00:00",19.065931,72.862131,OZONE,6,10,8
India,Maharashtra,Mumbai,"Kherwadi_Bandra East, Mumbai - MPCB","23-08-2026 11:00:00",19.0632143,72.8456324,PM2.5,14,25,18
India,Maharashtra,Mumbai,"Kherwadi_Bandra East, Mumbai - MPCB","23-08-2026 11:00:00",19.0632143,72.8456324,PM10,53,70,60
India,Maharashtra,Mumbai,"Byculla, Mumbai - BMC","23-08-2026 11:00:00",18.9767,72.838,SO2,4,8,7
India,Maharashtra,Mumbai,"Worli, Mumbai - MPCB","23-08-2026 11:00:00",18.9936162,72.8128113,PM2.5,3,66,24
India,Maharashtra,Mumbai,"Worli, Mumbai - MPCB","23-08-2026 11:00:00",18.9936162,72.8128113,NH3,1,1,1
India,Maharashtra,Mumbai,"Navy Nagar-Colaba, Mumbai - IITM","23-08-2026 11:00:00",18.897756,72.81332,SO2,3,14,10
India,Maharashtra,Mumbai,"Mulund West, Mumbai - MPCB","23-08-2026 11:00:00",19.175,72.9419,CO,NA,NA,NA
India,Maharashtra,Mumbai,"Mulund West, Mumbai - MPCB","23-08-2026 11:00:00",19.175,72.9419,OZONE,NA,NA,NA
India,Maharashtra,Mumbai,"Chembur, Mumbai - MPCB","23-08-2026 11:00:00",19.0364585,72.8954371,SO2,1,4,2
India,Maharashtra,Mumbai,"Chhatrapati Shivaji Intl. Airport (T2), Mumbai - MPCB","23-08-2026 11:00:00",19.10078,72.87462,SO2,7,8,7
India,Maharashtra,Mumbai,"Chhatrapati Shivaji Intl. Airport (T2), Mumbai - MPCB","23-08-2026 11:00:00",19.10078,72.87462,OZONE,NA,NA,NA
India,Maharashtra,Nagpur,"Mahal, Nagpur - MPCB","23-08-2026 11:00:00",21.14472,79.107595,PM10,41,69,55
India,Maharashtra,Nagpur,"Mahal, Nagpur - MPCB","23-08-2026 11:00:00",21.14472,79.107595,NO2,4,20,9
India,Maharashtra,Nagpur,"Ram Nagar, Nagpur - MPCB","23-08-2026 11:00:00",21.143383,79.048912,PM10,31,54,42
India,Maharashtra,Nagpur,"Ram Nagar, Nagpur - MPCB","23-08-2026 11:00:00",21.143383,79.048912,NH3,1,1,1
India,Maharashtra,Nagpur,"Opp GPO Civil Lines, Nagpur - MPCB","23-08-2026 11:00:00",21.152875,79.0517531,PM10,15,46,31
India,Maharashtra,Nagpur,"Ambazari, Nagpur - MPCB","23-08-2026 11:00:00",21.121801,79.04952,SO2,10,10,10
India,Maharashtra,Nanded,"Sneh Nagar, Nanded - MPCB","23-08-2026 11:00:00",19.173852,77.296291,PM2.5,17,45,30
India,Maharashtra,Nashik,"Gangapur Road, Nashik - MPCB","23-08-2026 11:00:00",20.0073285,73.7762427,CO,26,27,27
India,Maharashtra,Nashik,"Pandav Nagari, Nashik - MPCB","23-08-2026 11:00:00",19.9591346,73.7788008,PM10,7,26,15
India,Maharashtra,Nashik,"Hirawadi, Nashik - MPCB","23-08-2026 11:00:00",20.021503,73.813844,NO2,7,8,7
India,Maharashtra,Bhiwandi,"Gokul Nagar, Bhiwandi - MPCB","23-08-2026 11:00:00",19.309073,73.057223,NH3,3,14,8
India,Maharashtra,Bhiwandi,"Gokul Nagar, Bhiwandi - MPCB","23-08-2026 11:00:00",19.309073,73.057223,CO,19,32,24
India,Maharashtra,Bhiwandi,"Gokul Nagar, Bhiwandi - MPCB","23-08-2026 11:00:00",19.309073,73.057223,OZONE,25,30,27
India,Maharashtra,Boisar,"Khaira, Boisar - MPCB","23-08-2026 11:00:00",19.786089,72.757971,PM2.5,27,42,33
India,Maharashtra,Boisar,"Khaira, Boisar - MPCB","23-08-2026 11:00:00",19.786089,72.757971,NH3,5,5,5
India,Maharashtra,Boisar,"Khaira, Boisar - MPCB","23-08-2026 11:00:00",19.786089,72.757971,CO,11,32,22
India,Maharashtra,Boisar,"Khaira, Boisar - MPCB","23-08-2026 11:00:00",19.786089,72.757971,OZONE,30,31,31
India,Maharashtra,Dombivli,"Kalu Nagar, Dombivli - MPCB","23-08-2026 11:00:00",19.2268427,73.0788456,PM10,5,20,13
India,Maharashtra,Dombivli,"Kalu Nagar, Dombivli - MPCB","23-08-2026 11:00:00",19.2268427,73.0788456,SO2,26,56,28
India,Maharashtra,Dombivli,"Kalu Nagar, Dombivli - MPCB","23-08-2026 11:00:00",19.2268427,73.0788456,CO,12,37,16
India,Maharashtra,Hingoli,"Ashta Vinayak Nagar, Hingoli - MPCB","23-08-2026 11:00:00",19.710842,77.151824,CO,8,14,11
India,Maharashtra,Jalgaon,"Prabhat Colony, Jalgaon - MPCB","23-08-2026 11:00:00",21.001264,75.565602,NO2,2,8,4
India,Maharashtra,Jalgaon,"Prabhat Colony, Jalgaon - MPCB","23-08-2026 11:00:00",21.001264,75.565602,SO2,0,4,2
India,Maharashtra,Jalgaon,"Prabhat Colony, Jalgaon - MPCB","23-08-2026 11:00:00",21.001264,75.565602,CO,6,18,13
India,Maharashtra,Ambernath,"Chinchpada, Ambernath - MPCB","23-08-2026 11:00:00",19.215784,73.199781,PM10,30,141,67
India,Maharashtra,Ambernath,"Chinchpada, Ambernath - MPCB","23-08-2026 11:00:00",19.215784,73.199781,NH3,2,6,3
India,Maharashtra,Amravati,"Shri Shivaji Science College, Amravati - MPCB","23-08-2026 11:00:00",20.939198,77.765701,NO2,3,13,5
India,Maharashtra,Amravati,"Shri Shivaji Science College, Amravati - MPCB","23-08-2026 11:00:00",20.939198,77.765701,NH3,2,3,2
India,Maharashtra,Aurangabad,"Rachnakar Colony, Aurangabad - MPCB","23-08-2026 11:00:00",19.863756,75.321188,PM10,24,57,38
India,Maharashtra,Aurangabad,"Rachnakar Colony, Aurangabad - MPCB","23-08-2026 11:00:00",19.863756,75.321188,NO2,8,28,14
India,Maharashtra,Aurangabad,"Rachnakar Colony, Aurangabad - MPCB","23-08-2026 11:00:00",19.863756,75.321188,SO2,4,5,5
India,Maharashtra,Aurangabad,"More Chowk Waluj, Aurangabad - MPCB","23-08-2026 11:00:00",19.8389439,75.244448,CO,6,43,30
India,Maharashtra,Badlapur,"Katrap, Badlapur - MPCB","23-08-2026 11:00:00",19.16485,73.23409,OZONE,1,4,2
India,Maharashtra,Beed,"Bir, Beed - MPCB","23-08-2026 11:00:00",18.988474,75.753873,NH3,2,3,2
India,Kerala,Thiruvananthapuram,"Plammoodu, Thiruvananthapuram - Kerala PCB","23-08-2026 11:00:00",8.5149093,76.9435879,CO,6,12,10
India,Kerala,Thiruvananthapuram,"Kariavattom, Thiruvananthapuram - Kerala PCB","23-08-2026 11:00:00",8.5637,76.8865,NO2,6,7,6
India,Kerala,Thiruvananthapuram,"Kariavattom, Thiruvananthapuram - Kerala PCB","23-08-2026 11:00:00",8.5637,76.8865,NH3,0,0,0
India,Kerala,Thrissur,"Corporation Ground, Thrissur - Kerala PCB","23-08-2026 11:00:00",10.5324,76.2159,PM2.5,46,59,53
India,Kerala,Thrissur,"Corporation Ground, Thrissur - Kerala PCB","23-08-2026 11:00:00",10.5324,76.2159,SO2,0,0,0
India,"Madhya Pradesh",Bhopal,"Paryavaran Parisar, Bhopal - MPPCB","23-08-2026 11:00:00",23.210494,77.425409,SO2,5,8,7
India,"Madhya Pradesh",Damoh,"Shrivastav Colony, Damoh - MPPCB","23-08-2026 11:00:00",23.81748678,79.446246,SO2,43,54,49
India,"Madhya Pradesh",Gwalior,"Maharaj Bada, Gwalior - MPPCB","23-08-2026 11:00:00",26.200388,78.147714,PM2.5,2,25,11
India,Mizoram,Aizawl,"Sikulpuikawn, Aizawl - Mizoram PCB","23-08-2026 11:00:00",23.7176342,92.7192841,CO,3,3,3
India,Nagaland,Kohima,"PWD Junction, Kohima - NPCB","23-08-2026 11:00:00",25.6635413,94.0989878,NO2,3,4,3
India,Nagaland,Kohima,"PWD Junction, Kohima - NPCB","23-08-2026 11:00:00",25.6635413,94.0989878,CO,2,4,3
India,Odisha,Angul,"Hakimapada, Angul - OSPCB","23-08-2026 11:00:00",20.832874,85.104082,PM10,9,61,31
India,Odisha,Balasore,"Kalidaspur, Balasore - OSPCB","23-08-2026 11:00:00",21.51161,86.89088,NO2,2,18,6
India,Odisha,Balasore,"Kalidaspur, Balasore - OSPCB","23-08-2026 11:00:00",21.51161,86.89088,OZONE,13,35,21
India,Odisha,Barbil,"Forest Office, Barbil - OSPCB","23-08-2026 11:00:00",22.1166054,85.3945546,PM2.5,55,247,101
India,Odisha,Barbil,"Forest Office, Barbil - OSPCB","23-08-2026 11:00:00",22.1166054,85.3945546,NH3,2,2,2
India,Odisha,Baripada,"Meher Colony, Baripada - OSPCB","23-08-2026 11:00:00",21.941841,86.728318,SO2,6,7,7
India,Odisha,Bhubaneswar,"Patia, Bhubaneswar - OSPCB","23-08-2026 11:00:00",20.34652,85.8163,PM2.5,3,133,31
India,Maharashtra,"Navi Mumbai","Sanpada, Navi Mumbai - MPCB","23-08-2026 11:00:00",19.0575752,73.0151367,PM2.5,10,30,19
India,Maharashtra,"Navi Mumbai","Sector-2E Kalamboli, Navi Mumbai - MPCB","23-08-2026 11:00:00",19.02579,73.10297,SO2,3,4,4
India,Maharashtra,"Navi Mumbai","Mahape, Navi Mumbai - MPCB","23-08-2026 11:00:00",19.1135051,73.008978,NH3,1,1,1
India,Maharashtra,"Navi Mumbai","Mahape, Navi Mumbai - MPCB","23-08-2026 11:00:00",19.1135051,73.008978,CO,70,70,70
India,Maharashtra,"Navi Mumbai","Nerul, Navi Mumbai - MPCB","23-08-2026 11:00:00",19.008751,73.01662,NO2,5,5,5
India,Maharashtra,Parbhani,"Masoom Colony, Parbhani - MPCB","23-08-2026 11:00:00",19.265594,76.761463,PM2.5,11,32,19
India,Maharashtra,Pimpri-Chinchwad,"Gavalinagar, Pimpri Chinchwad - MPCB","23-08-2026 11:00:00",18.63673,73.82487,CO,9,19,13
India,Maharashtra,Pimpri-Chinchwad,"Gavalinagar, Pimpri Chinchwad - MPCB","23-08-2026 11:00:00",18.63673,73.82487,OZONE,1,9,4
India,Maharashtra,Pimpri-Chinchwad,"Bhosari, Pune - IITM","23-08-2026 11:00:00",18.640051,73.848956,CO,28,35,32
India,Maharashtra,Pimpri-Chinchwad,"Thergaon, Pimpri Chinchwad - MPCB","23-08-2026 11:00:00",18.616318,73.765797,PM2.5,5,15,9
India,Maharashtra,Pimpri-Chinchwad,"Thergaon, Pimpri Chinchwad - MPCB","23-08-2026 11:00:00",18.616318,73.765797,SO2,0,2,1
India,Maharashtra,Pimpri-Chinchwad,"Thergaon, Pimpri Chinchwad - MPCB","23-08-2026 11:00:00",18.616318,73.765797,OZONE,6,6,6
India,Maharashtra,Pimpri-Chinchwad,"Transport Nagar-Nigdi, Pune - IITM","23-08-2026 11:00:00",18.664282,73.763966,NO2,30,62,45
India,Maharashtra,Pimpri-Chinchwad,"Transport Nagar-Nigdi, Pune - IITM","23-08-2026 11:00:00",18.664282,73.763966,SO2,NA,NA,NA
India,Maharashtra,Pimpri-Chinchwad,"Park Street Wakad, Pimpri Chinchwad - MPCB","23-08-2026 11:00:00",18.59051,73.77946,NH3,1,3,2
India,Maharashtra,Pimpri-Chinchwad,"Savta Mali Nagar, Pimpri-Chinchwad - IITM","23-08-2026 11:00:00",18.614767,73.799516,OZONE,5,12,7
India,Maharashtra,Pune,"Katraj Dairy, Pune - MPCB","23-08-2026 11:00:00",18.45445,73.854155,SO2,2,3,3
India,Maharashtra,Pune,"Hadapsar, Pune - IITM","23-08-2026 11:00:00",18.501793,73.927532,PM10,24,95,53
India,Maharashtra,Pune,"Hadapsar, Pune - IITM","23-08-2026 11:00:00",18.501793,73.927532,NH3,NA,NA,NA
India,Maharashtra,Ulhasnagar,"Vithalwadi, Ulhasnagar - MPCB","23-08-2026 11:00:00",19.2307571,73.155192,PM10,21,75,34
India,Maharashtra,Ulhasnagar,"Vithalwadi, Ulhasnagar - MPCB","23-08-2026 11:00:00",19.2307571,73.155192,NH3,9,12,10
India,Meghalaya,Byrnihat,"15th Mile-Nongthymmai, Byrnihat -Meghalaya PCB","23-08-2026 11:00:00",26.079047,91.875185,SO2,NA,NA,NA
India,Meghalaya,Shillong,"JN Stadium, Shillong - Meghalaya PCB","23-08-2026 11:00:00",25.5803419,91.8942571,NH3,NA,NA,NA
India,Meghalaya,Shillong,"Lumpyngngad, Shillong - Meghalaya PCB","23-08-2026 11:00:00",25.5586,91.8985,PM10,NA,NA,NA
India,Meghalaya,Shillong,"Lumpyngngad, Shillong - Meghalaya PCB","23-08-2026 11:00:00",25.5586,91.8985,OZONE,15,21,17
India,Maharashtra,Pune,"Mhada Colony, Pune - IITM","23-08-2026 11:00:00",18.57304,73.927715,PM2.5,22,39,32
India,Maharashtra,Pune,"Mhada Colony, Pune - IITM","23-08-2026 11:00:00",18.57304,73.927715,SO2,NA,NA,NA
India,Maharashtra,Pune,"Mhada Colony, Pune - IITM","23-08-2026 11:00:00",18.57304,73.927715,OZONE,12,20,15
India,Maharashtra,Pune,"Dhankawadi, Pune - IITM","23-08-2026 11:00:00",18.459883,73.852193,SO2,NA,NA,NA
India,Maharashtra,Pune,"Panchawati_Pashan, Pune - IITM","23-08-2026 11:00:00",18.536457,73.805454,NO2,7,13,9
India,Maharashtra,Pune,"Panchawati_Pashan, Pune - IITM","23-08-2026 11:00:00",18.536457,73.805454,NH3,NA,NA,NA
India,Maharashtra,Satara,"Koyana Nagar, Satara - MPCB","23-08-2026 11:00:00",17.696651,74.003387,NH3,1,3,2
India,Odisha,Brajrajnagar,"GM Office, Brajrajnagar - OSPCB","23-08-2026 11:00:00",21.8004996,83.8396977,SO2,16,18,17
India,Odisha,Byasanagar,"Ferro Chrome Colony, Byasanagar - OSPCB","23-08-2026 11:00:00",20.94185,86.1151,PM10,18,99,41
India,Odisha,Cuttack,"CDA Area, Cuttack - OSPCB","23-08-2026 11:00:00",20.48891,85.84768,NH3,8,15,10
India,Odisha,Cuttack,"CDA Area, Cuttack - OSPCB","23-08-2026 11:00:00",20.48891,85.84768,SO2,NA,NA,NA
India,Odisha,Keonjhar,"Jagamohanpur, Keonjhar - OSPCB","23-08-2026 11:00:00",21.6439,85.599355,SO2,15,24,18
India,Odisha,Keonjhar,"Jagamohanpur, Keonjhar - OSPCB","23-08-2026 11:00:00",21.6439,85.599355,OZONE,8,11,9
India,Maharashtra,Solapur,"Dnyaneshwar Nagar, Solapur - MPCB","23-08-2026 11:00:00",17.6336264,75.9132495,OZONE,5,10,7
India,Maharashtra,Solapur,"Ratandeep Housing Society, Solapur - MPCB","23-08-2026 11:00:00",17.65439,75.90649,NH3,3,8,5
India,Maharashtra,Thane,"Upvan Fort, Thane - MPCB","23-08-2026 11:00:00",19.222279,72.957979,PM10,17,31,24
India,Maharashtra,Thane,"Upvan Fort, Thane - MPCB","23-08-2026 11:00:00",19.222279,72.957979,NO2,3,15,6
India,Maharashtra,Thane,"Upvan Fort, Thane - MPCB","23-08-2026 11:00:00",19.222279,72.957979,OZONE,6,16,11
India,Maharashtra,Thane,"Kasarvadavali, Thane - MPCB","23-08-2026 11:00:00",19.26777,72.97182,PM10,30,56,43
India,Maharashtra,Thane,"Kasarvadavali, Thane - MPCB","23-08-2026 11:00:00",19.26777,72.97182,NO2,9,17,12
India,Maharashtra,Ulhasnagar,"Sidhi Vinayak Nagar, Ulhasnagar - MPCB","23-08-2026 11:00:00",19.235581,73.159121,PM10,12,48,37
India,Maharashtra,"Navi Mumbai","Kopripada-Vashi, Navi Mumbai - MPCB","23-08-2026 11:00:00",19.090337,73.014232,NH3,5,10,7
India,Maharashtra,"Navi Mumbai","Kopripada-Vashi, Navi Mumbai - MPCB","23-08-2026 11:00:00",19.090337,73.014232,OZONE,1,4,2
India,Maharashtra,"Navi Mumbai","Tondare-Taloja, Navi Mumbai - MPCB","23-08-2026 11:00:00",19.063,73.1209,NO2,8,16,12
India,Punjab,Rupnagar,"Ratanpura, Rupnagar - Ambuja Cements","23-08-2026 11:00:00",31.0325454,76.5623046,OZONE,NA,NA,NA
India,Rajasthan,Ajmer,"Civil Lines,  Ajmer - RSPCB","23-08-2026 11:00:00",26.470859,74.646594,PM2.5,40,100,63
India,Rajasthan,Ajmer,"Civil Lines,  Ajmer - RSPCB","23-08-2026 11:00:00",26.470859,74.646594,PM10,74,101,89
India,Rajasthan,Ajmer,"Civil Lines,  Ajmer - RSPCB","23-08-2026 11:00:00",26.470859,74.646594,NO2,16,19,18
India,Rajasthan,Ajmer,"Civil Lines,  Ajmer - RSPCB","23-08-2026 11:00:00",26.470859,74.646594,CO,10,37,25
India,Rajasthan,Alwar,"Moti Doongri, Alwar - RSPCB","23-08-2026 11:00:00",27.554793,76.611536,OZONE,41,58,48
India,Rajasthan,Alwar,"Vigyan Nagar, Alwar - RSPCB","23-08-2026 11:00:00",27.598796,76.63861,PM10,66,137,94
India,Rajasthan,Alwar,"Vigyan Nagar, Alwar - RSPCB","23-08-2026 11:00:00",27.598796,76.63861,CO,43,47,45
India,Rajasthan,Banswara,"Rati Talai, Banswara - RSPCB","23-08-2026 11:00:00",23.55519,74.44001,NO2,23,60,32
India,Rajasthan,Banswara,"Rati Talai, Banswara - RSPCB","23-08-2026 11:00:00",23.55519,74.44001,NH3,2,5,3
India,Rajasthan,Banswara,"Rati Talai, Banswara - RSPCB","23-08-2026 11:00:00",23.55519,74.44001,CO,15,26,19
India,Rajasthan,Baran,"Bamboliya, Baran - RSPCB","23-08-2026 11:00:00",25.106006,76.469948,PM10,42,78,58
India,Rajasthan,Baran,"Bamboliya, Baran - RSPCB","23-08-2026 11:00:00",25.106006,76.469948,NO2,16,28,23
India,Rajasthan,Baran,"Bamboliya, Baran - RSPCB","23-08-2026 11:00:00",25.106006,76.469948,NH3,5,6,6
India,Rajasthan,Barmer,"Railway Colony, Barmer - RSPCB","23-08-2026 11:00:00",25.747299,71.393989,NO2,2,10,6
India,Rajasthan,Barmer,"Railway Colony, Barmer - RSPCB","23-08-2026 11:00:00",25.747299,71.393989,NH3,2,3,2
India,Rajasthan,Tonk,"Shastri Nagar, Tonk - RSPCB","23-08-2026 11:00:00",26.159933,75.780517,NH3,4,42,12
India,Rajasthan,Udaipur,"Ashok Nagar, Udaipur - RSPCB","23-08-2026 11:00:00",24.5886166,73.6321397,CO,9,37,19
India,Sikkim,Gangtok,"Zero Point GICI, Gangtok - SSPCB","23-08-2026 11:00:00",27.33853,88.614099,SO2,1,1,1
India,"Tamil Nadu",Chennai,"Kodungaiyur, Chennai - TNPCB","23-08-2026 11:00:00",13.1278,80.2642,CO,27,34,30
India,"Tamil Nadu",Chennai,"Arumbakkam, Chennai - TNPCB","23-08-2026 11:00:00",13.0664,80.2112,NH3,2,3,2
India,"Tamil Nadu",Chennai,"Velachery Res. Area, Chennai - CPCB","23-08-2026 11:00:00",13.0052189,80.2398125,PM10,87,104,98
India,"Tamil Nadu",Chennai,"Perungudi, Chennai - TNPCB","23-08-2026 11:00:00",12.9533,80.2357,PM2.5,3,24,11
India,"Tamil Nadu",Chennai,"Perungudi, Chennai - TNPCB","23-08-2026 11:00:00",12.9533,80.2357,PM10,41,359,115
India,"Tamil Nadu",Chennai,"Manali Village, Chennai - TNPCB","23-08-2026 11:00:00",13.1662,80.2584,PM2.5,18,41,30
India,"Tamil Nadu",Chennai,"Manali Village, Chennai - TNPCB","23-08-2026 11:00:00",13.1662,80.2584,SO2,16,19,17
India,"Tamil Nadu",Chennai,"Manali Village, Chennai - TNPCB","23-08-2026 11:00:00",13.1662,80.2584,CO,38,39,39
India,Rajasthan,Bhilwara,"Pratap Nagar, Bhilwara - RSPCB","23-08-2026 11:00:00",25.339605,74.618883,NH3,2,5,4
India,Rajasthan,Bhilwara,"Pratap Nagar, Bhilwara - RSPCB","23-08-2026 11:00:00",25.339605,74.618883,OZONE,NA,NA,NA
India,Rajasthan,Bhiwadi,"RIICO Ind. Area III, Bhiwadi - RSPCB","23-08-2026 11:00:00",28.194909,76.862296,PM2.5,46,219,93
India,Rajasthan,Bikaner,"MM Ground, Bikaner - RSPCB","23-08-2026 11:00:00",28.018792,73.292658,PM2.5,15,47,27
India,Rajasthan,Bikaner,"MM Ground, Bikaner - RSPCB","23-08-2026 11:00:00",28.018792,73.292658,CO,4,38,14
India,Rajasthan,Bundi,"New Colony, Bundi - RSPCB","23-08-2026 11:00:00",25.435774,75.644272,PM2.5,3,70,32
India,Rajasthan,Bundi,"New Colony, Bundi - RSPCB","23-08-2026 11:00:00",25.435774,75.644272,CO,11,16,13
India,Rajasthan,Chittorgarh,"Shastri Nagar, Chittorgarh - RSPCB","23-08-2026 11:00:00",24.892047,74.623527,PM2.5,47,150,80
India,Rajasthan,Churu,"Subash Chowk, Churu - RSPCB","23-08-2026 11:00:00",28.296139,74.961696,PM10,60,112,85
India,Rajasthan,Churu,"Subash Chowk, Churu - RSPCB","23-08-2026 11:00:00",28.296139,74.961696,CO,20,25,23
India,Rajasthan,Dausa,"Khatikan Mohalla, Dausa - RSPCB","23-08-2026 11:00:00",26.895552,76.334753,SO2,1,9,3
India,Rajasthan,Dausa,"Khatikan Mohalla, Dausa - RSPCB","23-08-2026 11:00:00",26.895552,76.334753,OZONE,19,24,21
India,Rajasthan,Dholpur,"Raja Ganj, Dholpur - RSPCB","23-08-2026 11:00:00",26.699557,77.898881,SO2,1,6,4
India,Rajasthan,Dungarpur,"Bhoiwada, Dungarpur - RSPCB","23-08-2026 11:00:00",23.837789,73.714926,PM2.5,18,58,37
India,Rajasthan,Dungarpur,"Bhoiwada, Dungarpur - RSPCB","23-08-2026 11:00:00",23.837789,73.714926,OZONE,15,23,18
India,Rajasthan,Jaipur,"Mansarovar Sector-12, Jaipur - RSPCB","23-08-2026 11:00:00",26.843698,75.766894,NH3,1,5,2
India,Rajasthan,Jaipur,"Sector-2 Murlipura, Jaipur - RSPCB","23-08-2026 11:00:00",26.960669,75.771817,PM10,62,105,81
India,Rajasthan,Jaipur,"Sector-2 Murlipura, Jaipur - RSPCB","23-08-2026 11:00:00",26.960669,75.771817,NO2,11,32,19
India,Rajasthan,Jaipur,"Police Commissionerate, Jaipur - RSPCB","23-08-2026 11:00:00",26.9164092,75.7994901,PM2.5,64,101,78
India,Rajasthan,Jaipur,"Police Commissionerate, Jaipur - RSPCB","23-08-2026 11:00:00",26.9164092,75.7994901,CO,21,61,38
India,Rajasthan,Jaipur,"RIICO Sitapura, Jaipur - RSPCB","23-08-2026 11:00:00",26.786682,75.827928,NO2,14,73,36
India,Rajasthan,Jaipur,"RIICO Sitapura, Jaipur - RSPCB","23-08-2026 11:00:00",26.786682,75.827928,OZONE,33,63,41
India,Puducherry,Puducherry,"Jawahar Nagar, Puducherry - PPCC","23-08-2026 11:00:00",11.9309,79.8027,SO2,4,9,7
India,Punjab,Bathinda,"Hardev Nagar, Bathinda - PPCB","23-08-2026 11:00:00",30.233011,74.907758,PM2.5,10,70,37
India,Punjab,Bathinda,"Hardev Nagar, Bathinda - PPCB","23-08-2026 11:00:00",30.233011,74.907758,OZONE,NA,NA,NA
India,Punjab,Jalandhar,"Civil Line, Jalandhar - PPCB","23-08-2026 11:00:00",31.321907,75.578914,PM2.5,69,169,86
India,Punjab,Khanna,"Kalal Majra, Khanna - PPCB","23-08-2026 11:00:00",30.736056,76.209694,SO2,6,19,12
India,Punjab,Khanna,"Kalal Majra, Khanna - PPCB","23-08-2026 11:00:00",30.736056,76.209694,CO,50,68,59
India,Punjab,Khanna,"Kalal Majra, Khanna - PPCB","23-08-2026 11:00:00",30.736056,76.209694,OZONE,13,27,21
India,Punjab,Ludhiana,"Punjab Agricultural University, Ludhiana - PPCB","23-08-2026 11:00:00",30.9028,75.8086,NH3,2,6,4
India,Punjab,Ludhiana,"Punjab Agricultural University, Ludhiana - PPCB","23-08-2026 11:00:00",30.9028,75.8086,OZONE,49,58,54
India,Punjab,"Mandi Gobindgarh","RIMT University, Mandi Gobindgarh - PPCB","23-08-2026 11:00:00",30.649961,76.331442,NH3,5,5,5
India,Punjab,"Mandi Gobindgarh","RIMT University, Mandi Gobindgarh - PPCB","23-08-2026 11:00:00",30.649961,76.331442,CO,58,59,58
India,Rajasthan,Jaipur,"Shastri Nagar, Jaipur - RSPCB","23-08-2026 11:00:00",26.9502929,75.730943,CO,12,17,14
India,Rajasthan,Jaisalmer,"Sadar Bazar, Jaisalmer - RSPCB","23-08-2026 11:00:00",26.912329,70.909168,NH3,9,12,10
India,Rajasthan,Jaisalmer,"Sadar Bazar, Jaisalmer - RSPCB","23-08-2026 11:00:00",26.912329,70.909168,OZONE,21,26,23
India,Rajasthan,Jalore,"Mudtra Sili, Jalore - RSPCB","23-08-2026 11:00:00",25.344694,72.626208,CO,11,14,12
India,Rajasthan,Jhalawar,"Rajlaxmi Nagar, Jhalawar - RSPCB","23-08-2026 11:00:00",24.588397,76.172782,PM10,48,76,61
India,Rajasthan,Jhalawar,"Rajlaxmi Nagar, Jhalawar - RSPCB","23-08-2026 11:00:00",24.588397,76.172782,NO2,18,38,28
India,Rajasthan,Jhalawar,"Rajlaxmi Nagar, Jhalawar - RSPCB","23-08-2026 11:00:00",24.588397,76.172782,NH3,3,4,4
India,Rajasthan,Jhunjhunu,"Indra Nagar, Jhunjhunu - RSPCB","23-08-2026 11:00:00",28.108988,75.386577,PM2.5,17,60,36
India,Rajasthan,Jhunjhunu,"Indra Nagar, Jhunjhunu - RSPCB","23-08-2026 11:00:00",28.108988,75.386577,NH3,3,7,5
India,Rajasthan,Jodhpur,"Digari Kalan, Jodhpur - RSPCB","23-08-2026 11:00:00",26.29581,73.082283,NO2,11,24,16
India,Rajasthan,Jodhpur,"Jhalamand, Jodhpur - RSPCB","23-08-2026 11:00:00",26.215415,73.070156,PM2.5,7,45,19
India,Rajasthan,Nagaur,"Karni Colony, Nagaur - RSPCB","23-08-2026 11:00:00",27.213494,73.734444,CO,13,20,15
India,Rajasthan,Rajsamand,"Dhoinda, Rajsamand - RSPCB","23-08-2026 11:00:00",25.03636,73.883502,PM2.5,3,92,45
India,Rajasthan,Rajsamand,"Dhoinda, Rajsamand - RSPCB","23-08-2026 11:00:00",25.03636,73.883502,NO2,7,14,10
India,Rajasthan,Rajsamand,"Dhoinda, Rajsamand - RSPCB","23-08-2026 11:00:00",25.03636,73.883502,CO,6,10,7
India,Rajasthan,"Sawai Madhopur","Sahu Nagar, Sawai Madhopur - RSPCB","23-08-2026 11:00:00",26.031443,76.359327,PM2.5,6,77,40
India,Rajasthan,Sikar,"Radhakishan Pura, Sikar - RSPCB","23-08-2026 11:00:00",27.608912,75.153302,PM10,98,161,131
India,Rajasthan,Sikar,"Radhakishan Pura, Sikar - RSPCB","23-08-2026 11:00:00",27.608912,75.153302,NH3,9,11,10
India,Rajasthan,Sirohi,"Vedhaynath Colony, Sirohi - RSPCB","23-08-2026 11:00:00",24.885261,72.857549,SO2,4,8,5
India,Rajasthan,"Sri Ganganagar","Old City, Sri Ganganagar - RSPCB","23-08-2026 11:00:00",29.931624,73.864511,OZONE,12,15,13
India,Rajasthan,Tonk,"Shastri Nagar, Tonk - RSPCB","23-08-2026 11:00:00",26.159933,75.780517,PM10,95,169,129
India,Odisha,Rairangpur,"Divisional Forest Office, Rairangpur - OSPCB","23-08-2026 11:00:00",22.265816,86.174829,NH3,3,4,3
India,Odisha,Rourkela,"Sector-2, Rourkela - OSPCB","23-08-2026 11:00:00",22.245,84.88111111,CO,13,13,13
India,Odisha,Rourkela,"Fertilizer Township, Rourkela - OSPCB","23-08-2026 11:00:00",22.18972222,84.86277778,NH3,NA,NA,NA
India,Odisha,Talcher,"Talcher Coalfields,Talcher - OSPCB","23-08-2026 11:00:00",20.9360711,85.1707021,CO,18,24,22
India,Odisha,Tensa,"Barsua Iron Ore Mines, Tensa - OSPCB","23-08-2026 11:00:00",21.869985,85.167016,PM10,NA,NA,NA
India,Odisha,Tensa,"Barsua Iron Ore Mines, Tensa - OSPCB","23-08-2026 11:00:00",21.869985,85.167016,NH3,NA,NA,NA
India,Puducherry,Puducherry,"Jawahar Nagar, Puducherry - PPCC","23-08-2026 11:00:00",11.9309,79.8027,PM2.5,13,62,25
India,Rajasthan,Jodhpur,"Mandor, Jodhpur - RSPCB","23-08-2026 11:00:00",26.358805,73.047444,CO,10,16,13
India,Rajasthan,Karauli,"Satyawati Vihar, Karauli - RSPCB","23-08-2026 11:00:00",26.506177,77.025989,PM10,23,66,43
India,Rajasthan,Khairthal,"New Anaj Mandi, Khairthal - RSPCB","23-08-2026 11:00:00",27.8015617,76.6365217,PM2.5,44,136,75
India,Rajasthan,Khairthal,"New Anaj Mandi, Khairthal - RSPCB","23-08-2026 11:00:00",27.8015617,76.6365217,NH3,1,4,3
India,Rajasthan,Kota,"Nayapura, Kota - RSPCB","23-08-2026 11:00:00",25.196024,75.855668,PM10,55,101,75
India,Rajasthan,Kota,"Shrinath Puram, Kota - RSPCB","23-08-2026 11:00:00",25.14389,75.821256,PM2.5,34,67,53
India,Rajasthan,Kota,"Shrinath Puram, Kota - RSPCB","23-08-2026 11:00:00",25.14389,75.821256,NO2,2,18,10
India,"Uttar Pradesh",Lucknow,"Talkatora District Industries Center, Lucknow - CPCB","23-08-2026 11:00:00",26.83399722,80.8917361,NH3,10,17,12
India,"Uttar Pradesh",Lucknow,"Kendriya Vidyalaya, Lucknow - CPCB","23-08-2026 11:00:00",26.906111,80.948222,PM10,29,64,43
India,"Uttar Pradesh",Lucknow,"Kendriya Vidyalaya, Lucknow - CPCB","23-08-2026 11:00:00",26.906111,80.948222,NH3,8,16,12
India,"Uttar Pradesh",Lucknow,"Kendriya Vidyalaya, Lucknow - CPCB","23-08-2026 11:00:00",26.906111,80.948222,OZONE,24,43,29
India,"Uttar Pradesh",Lucknow,"Gomti Nagar, Lucknow - UPPCB","23-08-2026 11:00:00",26.86812,81.005119,PM2.5,2,60,28
India,"Uttar Pradesh",Lucknow,"Gomti Nagar, Lucknow - UPPCB","23-08-2026 11:00:00",26.86812,81.005119,PM10,5,53,27
India,"Uttar Pradesh",Lucknow,"Gomti Nagar, Lucknow - UPPCB","23-08-2026 11:00:00",26.86812,81.005119,NH3,NA,NA,NA
India,"Uttar Pradesh",Lucknow,"Gomti Nagar, Lucknow - UPPCB","23-08-2026 11:00:00",26.86812,81.005119,OZONE,40,42,41
India,"Uttar Pradesh",Lucknow,"B R Ambedkar University, Lucknow - UPPCB","23-08-2026 11:00:00",26.766433,80.927299,PM2.5,2,383,60
India,"Uttar Pradesh",Lucknow,"Lalbagh, Lucknow - CPCB","23-08-2026 11:00:00",26.8458805,80.9365541,NH3,10,17,12
India,"Uttar Pradesh",Lucknow,"Kukrail Picnic Spot-1, Lucknow - UPPCB","23-08-2026 11:00:00",26.90723,80.98579,PM2.5,5,42,31
India,"Uttar Pradesh",Lucknow,"Kukrail Picnic Spot-1, Lucknow - UPPCB","23-08-2026 11:00:00",26.90723,80.98579,SO2,27,44,32
India,"Uttar Pradesh",Lucknow,"Kukrail Picnic Spot-1, Lucknow - UPPCB","23-08-2026 11:00:00",26.90723,80.98579,CO,14,16,15
India,"Uttar Pradesh",Lucknow,"Kukrail Picnic Spot-1, Lucknow - UPPCB","23-08-2026 11:00:00",26.90723,80.98579,OZONE,10,11,10
India,"Uttar Pradesh",Mathura,"Pali Dungra, Mathura - UPPCB","23-08-2026 11:00:00",27.410954,77.550619,NH3,1,2,1
India,"Uttar Pradesh",Mathura,"Pali Dungra, Mathura - UPPCB","23-08-2026 11:00:00",27.410954,77.550619,CO,15,28,24
India,Telangana,Hyderabad,"Kokapet, Hyderabad - TSPCB","23-08-2026 11:00:00",17.393559,78.339194,PM10,40,68,51
India,Telangana,Hyderabad,"ECIL Kapra, Hyderabad - TSPCB","23-08-2026 11:00:00",17.470431,78.566959,PM10,44,61,49
India,Telangana,Hyderabad,"ECIL Kapra, Hyderabad - TSPCB","23-08-2026 11:00:00",17.470431,78.566959,NO2,2,13,8
India,Telangana,Hyderabad,"Ramachandrapuram, Hyderabad - TSPCB","23-08-2026 11:00:00",17.528544,78.286195,PM2.5,30,45,36
India,Telangana,Hyderabad,"Ramachandrapuram, Hyderabad - TSPCB","23-08-2026 11:00:00",17.528544,78.286195,CO,17,39,23
India,Telangana,Hyderabad,"Kompally Municipal Office, Hyderabad - TSPCB","23-08-2026 11:00:00",17.544899,78.486949,PM2.5,27,39,32
India,Telangana,Hyderabad,"Kompally Municipal Office, Hyderabad - TSPCB","23-08-2026 11:00:00",17.544899,78.486949,NO2,13,16,15
India,Telangana,Hyderabad,"Kompally Municipal Office, Hyderabad - TSPCB","23-08-2026 11:00:00",17.544899,78.486949,OZONE,8,8,8
India,Telangana,Hyderabad,"Somajiguda, Hyderabad - TSPCB","23-08-2026 11:00:00",17.417094,78.457437,PM10,50,63,54
India,Telangana,Hyderabad,"IDA Pashamylaram, Hyderabad - TSPCB","23-08-2026 11:00:00",17.5316895,78.218939,PM2.5,3,81,31
India,Telangana,Hyderabad,"IDA Pashamylaram, Hyderabad - TSPCB","23-08-2026 11:00:00",17.5316895,78.218939,PM10,19,108,52
India,Telangana,Hyderabad,"IDA Pashamylaram, Hyderabad - TSPCB","23-08-2026 11:00:00",17.5316895,78.218939,NO2,20,26,21
India,Telangana,Hyderabad,"IDA Pashamylaram, Hyderabad - TSPCB","23-08-2026 11:00:00",17.5316895,78.218939,CO,16,28,22
India,Telangana,Hyderabad,"IDA Pashamylaram, Hyderabad - TSPCB","23-08-2026 11:00:00",17.5316895,78.218939,OZONE,38,44,42
India,Telangana,Hyderabad,"Sanathnagar, Hyderabad - TSPCB","23-08-2026 11:00:00",17.4559458,78.4332152,NH3,NA,NA,NA
India,Telangana,Hyderabad,"Sanathnagar, Hyderabad - TSPCB","23-08-2026 11:00:00",17.4559458,78.4332152,SO2,3,13,7
India,"Tamil Nadu",Coimbatore,"SIDCO Kurichi, Coimbatore - TNPCB","23-08-2026 11:00:00",10.942451,76.978996,NO2,22,23,22
India,"Tamil Nadu",Coimbatore,"SIDCO Kurichi, Coimbatore - TNPCB","23-08-2026 11:00:00",10.942451,76.978996,CO,30,31,31
India,"Tamil Nadu",Cuddalore,"Kudikadu, Cuddalore - TNPCB","23-08-2026 11:00:00",11.6829898,79.7532099,SO2,23,24,23
India,"Tamil Nadu",Cuddalore,"Kudikadu, Cuddalore - TNPCB","23-08-2026 11:00:00",11.6829898,79.7532099,CO,NA,NA,NA
India,"Tamil Nadu",Cuddalore,"Kudikadu, Cuddalore - TNPCB","23-08-2026 11:00:00",11.6829898,79.7532099,OZONE,10,11,11
India,"Tamil Nadu",Cuddalore,"Semmandalam, Cuddalore - TNPCB","23-08-2026 11:00:00",11.7637683,79.7499835,SO2,NA,NA,NA
India,"Tamil Nadu",Gummidipoondi,"Anthoni Pillai Nagar, Gummidipoondi - TNPCB","23-08-2026 11:00:00",13.4127,80.1081,PM10,46,323,101
India,Telangana,Hyderabad,"Zoo Park, Hyderabad - TSPCB","23-08-2026 11:00:00",17.349694,78.451437,NH3,2,2,2
India,Telangana,Hyderabad,"Zoo Park, Hyderabad - TSPCB","23-08-2026 11:00:00",17.349694,78.451437,SO2,1,3,2
India,Telangana,Hyderabad,"Central University, Hyderabad - TSPCB","23-08-2026 11:00:00",17.460103,78.334361,PM10,7,25,14
India,Telangana,Hyderabad,"Central University, Hyderabad - TSPCB","23-08-2026 11:00:00",17.460103,78.334361,OZONE,10,12,11
India,Telangana,Hyderabad,"IITH Kandi, Hyderabad - TSPCB","23-08-2026 11:00:00",17.585705,78.126199,NH3,2,4,3
India,Telangana,Hyderabad,"IITH Kandi, Hyderabad - TSPCB","23-08-2026 11:00:00",17.585705,78.126199,OZONE,13,19,15
India,Telangana,Hyderabad,"Nacharam_TSIIC IALA, Hyderabad - TSPCB","23-08-2026 11:00:00",17.429398,78.569354,NO2,NA,NA,NA
India,"Uttar Pradesh",Meerut,"Jai Bhim Nagar, Meerut - UPPCB","23-08-2026 11:00:00",28.9535882,77.7622941,NH3,11,12,11
India,"Uttar Pradesh",Meerut,"MIET College, Meerut - UPPCB","23-08-2026 11:00:00",28.972677,77.641018,NO2,21,96,43
India,"Uttar Pradesh",Meerut,"MIET College, Meerut - UPPCB","23-08-2026 11:00:00",28.972677,77.641018,SO2,1,3,2
India,"Uttar Pradesh",Meerut,"MIET College, Meerut - UPPCB","23-08-2026 11:00:00",28.972677,77.641018,CO,33,69,55
India,"Uttar Pradesh",Meerut,"Pallavpuram Phase 2, Meerut - UPPCB","23-08-2026 11:00:00",29.06351,77.709723,OZONE,13,32,22
India,"Uttar Pradesh",Meerut,"Ganga Nagar, Meerut - UPPCB","23-08-2026 11:00:00",28.999264,77.7590354,NO2,26,39,31
India,"Uttar Pradesh",Modinagar,"SRM University, Modinagar - UPPCB","23-08-2026 11:00:00",28.798171,77.540243,PM2.5,32,67,52
India,"Uttar Pradesh",Modinagar,"SRM University, Modinagar - UPPCB","23-08-2026 11:00:00",28.798171,77.540243,NH3,3,3,3
India,"Uttar Pradesh",Modinagar,"SRM University, Modinagar - UPPCB","23-08-2026 11:00:00",28.798171,77.540243,SO2,12,13,13
India,"Uttar Pradesh",Modinagar,"SRM University, Modinagar - UPPCB","23-08-2026 11:00:00",28.798171,77.540243,CO,14,20,16
India,"Uttar Pradesh",Moradabad,"Jigar Colony, Moradabad - UPPCB","23-08-2026 11:00:00",28.856664,78.772638,PM2.5,13,71,32
India,"Uttar Pradesh",Moradabad,"Jigar Colony, Moradabad - UPPCB","23-08-2026 11:00:00",28.856664,78.772638,OZONE,21,24,22
India,"Uttar Pradesh",Moradabad,"Transport Nagar, Moradabad - UPPCB","23-08-2026 11:00:00",28.802625,78.753728,PM2.5,NA,NA,NA
India,"Uttar Pradesh",Moradabad,"Kashiram Nagar, Moradabad - UPPCB","23-08-2026 11:00:00",28.849399,78.742362,NH3,4,4,4
India,"Uttar Pradesh",Moradabad,"Kashiram Nagar, Moradabad - UPPCB","23-08-2026 11:00:00",28.849399,78.742362,OZONE,14,17,16
India,"Uttar Pradesh",Muzaffarnagar,"New Mandi, Muzaffarnagar - UPPCB","23-08-2026 11:00:00",29.4723508,77.7194031,PM2.5,8,133,61
India,"Uttar Pradesh",Muzaffarnagar,"New Mandi, Muzaffarnagar - UPPCB","23-08-2026 11:00:00",29.4723508,77.7194031,CO,18,59,42
India,"Uttar Pradesh",Muzaffarnagar,"New Mandi, Muzaffarnagar - UPPCB","23-08-2026 11:00:00",29.4723508,77.7194031,OZONE,18,72,42
India,"Uttar Pradesh",Noida,"Sector - 125, Noida - UPPCB","23-08-2026 11:00:00",28.5447608,77.3231257,NO2,10,72,30
India,"Uttar Pradesh",Noida,"Sector - 62, Noida - IITM","23-08-2026 11:00:00",28.6245479,77.3577104,OZONE,25,33,30
India,"Uttar Pradesh",Noida,"Sector-1, Noida - UPPCB","23-08-2026 11:00:00",28.5898,77.3101,NH3,9,14,12
India,"Uttar Pradesh",Noida,"Sector-1, Noida - UPPCB","23-08-2026 11:00:00",28.5898,77.3101,SO2,8,11,9
India,"Uttar Pradesh",Noida,"Sector-1, Noida - UPPCB","23-08-2026 11:00:00",28.5898,77.3101,OZONE,9,34,23
India,"Uttar Pradesh",Noida,"Sector-116, Noida - UPPCB","23-08-2026 11:00:00",28.56923,77.393848,PM2.5,59,183,107
India,"Uttar Pradesh",Prayagraj,"Motilal Nehru NIT, Prayagraj - UPPCB","23-08-2026 11:00:00",25.494,81.863,PM2.5,10,23,17
India,"Uttar Pradesh",Prayagraj,"Motilal Nehru NIT, Prayagraj - UPPCB","23-08-2026 11:00:00",25.494,81.863,NO2,12,12,12
India,"Uttar Pradesh",Prayagraj,"Nagar Nigam, Prayagraj - UPPCB","23-08-2026 11:00:00",25.44919916,81.82735986,NH3,6,9,7
India,"Uttar Pradesh",Agra,"Rohta, Agra - UPPCB","23-08-2026 11:00:00",27.106972,78.000111,NO2,16,16,16
India,"Uttar Pradesh",Agra,"Sector-3B Avas Vikas Colony, Agra - UPPCB","23-08-2026 11:00:00",27.19412,77.96237,NO2,34,35,35
India,"Uttar Pradesh",Agra,"Shahjahan Garden, Agra - UPPCB","23-08-2026 11:00:00",27.169338,78.03582,SO2,72,80,76
India,"Uttar Pradesh",Agra,"Manoharpur, Agra - UPPCB","23-08-2026 11:00:00",27.23711,78.01936,PM10,8,108,71
India,"Uttar Pradesh",Agra,"Sanjay Palace, Agra - UPPCB","23-08-2026 11:00:00",27.19865833,78.00598056,PM10,26,109,63
India,"Uttar Pradesh",Agra,"Sanjay Palace, Agra - UPPCB","23-08-2026 11:00:00",27.19865833,78.00598056,NH3,NA,NA,NA
India,"Uttar Pradesh",Agra,"Sanjay Palace, Agra - UPPCB","23-08-2026 11:00:00",27.19865833,78.00598056,CO,37,39,38
India,"Uttar Pradesh",Agra,"Shastripuram, Agra - UPPCB","23-08-2026 11:00:00",27.19862,77.92066,PM10,NA,NA,NA
India,"Uttar Pradesh",Agra,"Shastripuram, Agra - UPPCB","23-08-2026 11:00:00",27.19862,77.92066,CO,15,18,16
India,"Uttar Pradesh",Baghpat,"Sardar Patel Inter College, Baghpat - UPPCB","23-08-2026 11:00:00",28.964949,77.278761,PM2.5,6,59,32
India,"Uttar Pradesh",Baghpat,"Sardar Patel Inter College, Baghpat - UPPCB","23-08-2026 11:00:00",28.964949,77.278761,NH3,1,3,2
India,"Uttar Pradesh",Baraut,"Nagar Palika Parishad, Baraut - UPPCB","23-08-2026 11:00:00",29.09956,77.26235,NO2,12,22,16
India,"Uttar Pradesh",Bareilly,"Civil Lines, Bareilly - UPPCB","23-08-2026 11:00:00",28.359581,79.414455,NO2,7,9,8
India,"Uttar Pradesh",Bareilly,"Civil Lines, Bareilly - UPPCB","23-08-2026 11:00:00",28.359581,79.414455,SO2,26,48,37
India,"Uttar Pradesh",Bulandshahr,"Yamunapuram, Bulandshahr - UPPCB","23-08-2026 11:00:00",28.406963,77.849831,NO2,4,19,11
India,"Uttar Pradesh","Fatehpur Sikri","Dadupura, Fatehpur Sikri - UPPCB","23-08-2026 11:00:00",27.097694,77.671335,OZONE,6,21,11
India,"Uttar Pradesh",Firozabad,"Nagla Bhau, Firozabad - UPPCB","23-08-2026 11:00:00",27.168897,78.37696,PM2.5,NA,NA,NA
India,"Uttar Pradesh",Firozabad,"Nagla Bhau, Firozabad - UPPCB","23-08-2026 11:00:00",27.168897,78.37696,OZONE,11,32,15
India,"Uttar Pradesh",Firozabad,"Vibhab Nagar, Firozabad - UPPCB","23-08-2026 11:00:00",27.1594,78.3953,NO2,14,15,15
India,"Uttar Pradesh",Firozabad,"Vibhab Nagar, Firozabad - UPPCB","23-08-2026 11:00:00",27.1594,78.3953,SO2,3,6,5
India,"Uttar Pradesh",Gajraula,"Rajanpur, Gajraula - UPPCB","23-08-2026 11:00:00",28.829109,78.248796,NO2,4,15,7
India,"Uttar Pradesh",Gajraula,"Rajanpur, Gajraula - UPPCB","23-08-2026 11:00:00",28.829109,78.248796,OZONE,3,12,5
India,"Uttar Pradesh",Ghaziabad,"Indirapuram, Ghaziabad - UPPCB","23-08-2026 11:00:00",28.646233,77.358075,SO2,9,13,11
India,"Uttar Pradesh",Ghaziabad,"Wave City, Ghaziabad - UPPCB","23-08-2026 11:00:00",28.646675,77.489049,PM10,NA,NA,NA
India,"Uttar Pradesh",Ghaziabad,"Govindpuram, Ghaziabad - UPPCB","23-08-2026 11:00:00",28.694528,77.494705,NH3,1,2,2
India,"Uttar Pradesh",Ghaziabad,"Govindpuram, Ghaziabad - UPPCB","23-08-2026 11:00:00",28.694528,77.494705,SO2,0,2,1
India,"Uttar Pradesh",Gorakhpur,"Madan Mohan Malaviya University of Technology, Gorakhpur - UPPCB","23-08-2026 11:00:00",26.730136,83.433859,NH3,1,1,1
India,"Uttar Pradesh","Greater Noida","Knowledge Park - V, Greater Noida - UPPCB","23-08-2026 11:00:00",28.557054,77.453663,PM2.5,11,82,47
India,"Uttar Pradesh","Greater Noida","Knowledge Park - V, Greater Noida - UPPCB","23-08-2026 11:00:00",28.557054,77.453663,NO2,17,37,24
India,"Uttar Pradesh","Greater Noida","Knowledge Park - V, Greater Noida - UPPCB","23-08-2026 11:00:00",28.557054,77.453663,OZONE,10,30,20
India,"Uttar Pradesh","Greater Noida","Knowledge Park - III, Greater Noida - UPPCB","23-08-2026 11:00:00",28.47272,77.482,OZONE,28,45,33
India,"Uttar Pradesh",Jhansi,"Shivaji Nagar, Jhansi - UPPCB","23-08-2026 11:00:00",25.4547,78.6039,SO2,22,30,24
India,"Uttar Pradesh",Kanpur,"FTI Kidwai Nagar, Kanpur - UPPCB","23-08-2026 11:00:00",26.428282,80.327067,CO,32,34,33
India,"Uttar Pradesh",Kanpur,"NSI Kalyanpur, Kanpur - UPPCB","23-08-2026 11:00:00",26.509954,80.249612,NO2,31,32,31
India,"Uttar Pradesh",Kanpur,"NSI Kalyanpur, Kanpur - UPPCB","23-08-2026 11:00:00",26.509954,80.249612,SO2,23,25,24
India,"Uttar Pradesh",Kanpur,"Nehru Nagar, Kanpur - UPPCB","23-08-2026 11:00:00",26.4703136,80.3229863,PM10,14,36,24
India,"Uttar Pradesh",Khora,"Prashant Garden, Khora - UPPCB","23-08-2026 11:00:00",28.61119,77.34206,PM10,68,111,83
India,"Uttar Pradesh",Khurja,"Kalindi Kunj, Khurja - UPPCB","23-08-2026 11:00:00",28.2348927,77.8683002,CO,12,69,49
India,"Uttar Pradesh",Lucknow,"Talkatora District Industries Center, Lucknow - CPCB","23-08-2026 11:00:00",26.83399722,80.8917361,PM2.5,11,66,30
India,"Uttar Pradesh",Prayagraj,"Jhunsi, Prayagraj - UPPCB","23-08-2026 11:00:00",25.425602,81.917152,CO,17,41,25
India,"Uttar Pradesh",Prayagraj,"Jhunsi, Prayagraj - UPPCB","23-08-2026 11:00:00",25.425602,81.917152,OZONE,24,33,28
India,"Uttar Pradesh",Shamli,"New Tehsil, Shamli - UPPCB","23-08-2026 11:00:00",29.4603683,77.3410291,PM2.5,19,50,31
India,"Uttar Pradesh",Varanasi,"Bhelupur, Varanasi - UPPCB","23-08-2026 11:00:00",25.301778,82.996789,PM2.5,41,106,65
India,"Uttar Pradesh",Varanasi,"Maldahiya, Varanasi - UPPCB","23-08-2026 11:00:00",25.32393,82.99687,PM2.5,NA,NA,NA
India,"Uttar Pradesh",Varanasi,"Ardhali Bazar, Varanasi - UPPCB","23-08-2026 11:00:00",25.3505986,82.9083074,CO,14,14,14
India,"Uttar Pradesh",Varanasi,"IESD Banaras Hindu University, Varanasi - UPPCB","23-08-2026 11:00:00",25.262326,82.995408,PM10,28,72,45
India,Uttarakhand,Dehradun,"Doon University, Dehradun - UKPCB","23-08-2026 11:00:00",30.269444,78.044167,NH3,NA,NA,NA
India,Uttarakhand,Kashipur,"Govt. Girls Inter College, Kashipur - UKPCB","23-08-2026 11:00:00",29.2124114,78.9611753,PM10,NA,NA,NA
India,Uttarakhand,Kashipur,"Govt. Girls Inter College, Kashipur - UKPCB","23-08-2026 11:00:00",29.2124114,78.9611753,OZONE,NA,NA,NA
India,"West Bengal",Asansol,"Asansol Court Area, Asansol - WBPCB","23-08-2026 11:00:00",23.685297,86.945968,NO2,33,42,36
India,"West Bengal",Asansol,"Asansol Court Area, Asansol - WBPCB","23-08-2026 11:00:00",23.685297,86.945968,SO2,10,16,13
India,"West Bengal",Asansol,"Evelyn Lodge, Asansol - WBPCB","23-08-2026 11:00:00",23.697936,86.944395,CO,34,48,42
India,"West Bengal",Asansol,"Evelyn Lodge, Asansol - WBPCB","23-08-2026 11:00:00",23.697936,86.944395,OZONE,4,10,6
India,"West Bengal",Asansol,"Trivenidevi Bhalotia College, Asansol - WBPCB","23-08-2026 11:00:00",23.616515,87.119133,PM10,0,59,34
India,"West Bengal",Barrackpore,"SVSPA Campus, Barrackpore - WBPCB","23-08-2026 11:00:00",22.7605581,88.3617589,PM2.5,16,50,33
India,"West Bengal",Durgapur,"PCBL Residential Complex, Durgapur - WBPCB","23-08-2026 11:00:00",23.508764,87.35444,OZONE,NA,NA,NA
India,"West Bengal",Durgapur,"Mahishkapur Road_B-Zone, Durgapur - WBPCB","23-08-2026 11:00:00",23.567923,87.306843,PM10,41,87,61
India,"West Bengal",Durgapur,"Mahishkapur Road_B-Zone, Durgapur - WBPCB","23-08-2026 11:00:00",23.567923,87.306843,CO,27,46,34
India,"West Bengal",Durgapur,"Womens College_City Center, Durgapur - WBPCB","23-08-2026 11:00:00",23.549395,87.300496,NH3,3,4,3
India,"West Bengal",Durgapur,"Womens College_City Center, Durgapur - WBPCB","23-08-2026 11:00:00",23.549395,87.300496,SO2,12,12,12
India,"West Bengal",Haldia,"Priyambada Housing Estate, Haldia - WBPCB","23-08-2026 11:00:00",22.06047,88.109737,NO2,8,17,11
India,"West Bengal",Haldia,"Priyambada Housing Estate, Haldia - WBPCB","23-08-2026 11:00:00",22.06047,88.109737,NH3,11,14,12
India,"West Bengal",Haldia,"Priyambada Housing Estate, Haldia - WBPCB","23-08-2026 11:00:00",22.06047,88.109737,CO,22,30,25
India,"West Bengal",Howrah,"Belur Math, Howrah - WBPCB","23-08-2026 11:00:00",22.629801,88.352017,PM10,23,78,47
India,"West Bengal",Howrah,"Belur Math, Howrah - WBPCB","23-08-2026 11:00:00",22.629801,88.352017,NO2,13,23,17
India,"West Bengal",Howrah,"Belur Math, Howrah - WBPCB","23-08-2026 11:00:00",22.629801,88.352017,SO2,8,9,9
India,"West Bengal",Howrah,"Belur Math, Howrah - WBPCB","23-08-2026 11:00:00",22.629801,88.352017,CO,9,13,11
India,"West Bengal",Howrah,"Dasnagar, Howrah - WBPCB","23-08-2026 11:00:00",22.6025571,88.3105664,PM10,17,115,50
India,"West Bengal",Howrah,"Dasnagar, Howrah - WBPCB","23-08-2026 11:00:00",22.6025571,88.3105664,NH3,1,3,1
India,"West Bengal",Howrah,"Dasnagar, Howrah - WBPCB","23-08-2026 11:00:00",22.6025571,88.3105664,CO,30,39,34
India,"West Bengal",Howrah,"Botanical Garden, Howrah - WBPCB","23-08-2026 11:00:00",22.554954,88.292568,PM10,20,88,50
India,"West Bengal",Howrah,"Botanical Garden, Howrah - WBPCB","23-08-2026 11:00:00",22.554954,88.292568,CO,4,7,5
India,"West Bengal",Howrah,"Padmapukur, Howrah - WBPCB","23-08-2026 11:00:00",22.5687319,88.2797276,OZONE,10,22,15
India,"West Bengal",Kolkata,"Bidhannagar, Kolkata - WBPCB","23-08-2026 11:00:00",22.58157048,88.41002457,SO2,6,10,8
India,"West Bengal",Kolkata,"Jadavpur, Kolkata - WBPCB","23-08-2026 11:00:00",22.49929,88.36917,CO,18,23,21
India,"West Bengal",Kolkata,"Rabindra Sarobar, Kolkata - WBPCB","23-08-2026 11:00:00",22.51106,88.35142,NO2,9,11,10
India,"West Bengal",Kolkata,"Ballygunge, Kolkata - WBPCB","23-08-2026 11:00:00",22.5367507,88.3638022,NO2,17,28,21
India,"West Bengal",Kolkata,"Ballygunge, Kolkata - WBPCB","23-08-2026 11:00:00",22.5367507,88.3638022,CO,11,14,13
India,"West Bengal",Kolkata,"Victoria, Kolkata - WBPCB","23-08-2026 11:00:00",22.5448082,88.3403691,PM2.5,16,60,40
India,"West Bengal",Kolkata,"Victoria, Kolkata - WBPCB","23-08-2026 11:00:00",22.5448082,88.3403691,PM10,80,107,91
India,"West Bengal",Kolkata,"Victoria, Kolkata - WBPCB","23-08-2026 11:00:00",22.5448082,88.3403691,SO2,2,7,5
India,"West Bengal",Kolkata,"Victoria, Kolkata - WBPCB","23-08-2026 11:00:00",22.5448082,88.3403691,CO,26,35,31
India,"West Bengal",Siliguri,"Ward-32 Bapupara, Siliguri - WBPCB","23-08-2026 11:00:00",26.6879226,88.4152495,CO,16,33,24
India,"West Bengal",Siliguri,"Ward-32 Bapupara, Siliguri - WBPCB","23-08-2026 11:00:00",26.6879226,88.4152495,OZONE,16,18,17
India,Bihar,Patna,"DRM Office Danapur, Patna - BSPCB","23-08-2026 11:00:00",25.586562,85.043586,OZONE,15,50,29
India,Bihar,Patna,"Muradpur, Patna - BSPCB","23-08-2026 11:00:00",25.619651,85.147382,PM10,72,81,76
India,Bihar,Patna,"Muradpur, Patna - BSPCB","23-08-2026 11:00:00",25.619651,85.147382,CO,44,53,49
India,Bihar,Patna,"Samanpura, Patna - BSPCB","23-08-2026 11:00:00",25.596727,85.085624,CO,21,23,22
India,Bihar,Purnia,"Mariam Nagar, Purnia - BSPCB","23-08-2026 11:00:00",25.366336,87.117468,PM2.5,18,47,29
India,Bihar,Purnia,"Mariam Nagar, Purnia - BSPCB","23-08-2026 11:00:00",25.366336,87.117468,PM10,15,35,23
India,Bihar,Purnia,"Mariam Nagar, Purnia - BSPCB","23-08-2026 11:00:00",25.366336,87.117468,NO2,17,19,18
India,Bihar,Purnia,"Mariam Nagar, Purnia - BSPCB","23-08-2026 11:00:00",25.366336,87.117468,SO2,16,16,16
India,Bihar,Saharsa,"Police Line, Saharsa - BSPCB","23-08-2026 11:00:00",25.892357,86.590325,PM2.5,NA,NA,NA
India,Bihar,Samastipur,"DM Office_Kasipur, Samastipur - BSPCB","23-08-2026 11:00:00",25.859655,85.77944,SO2,11,13,12
India,Bihar,Siwan,"Chitragupta Nagar, Siwan - BSPCB","23-08-2026 11:00:00",26.2271665,84.3570427,PM2.5,43,98,74
India,Bihar,Siwan,"Chitragupta Nagar, Siwan - BSPCB","23-08-2026 11:00:00",26.2271665,84.3570427,NO2,2,2,2
India,Bihar,Siwan,"Chitragupta Nagar, Siwan - BSPCB","23-08-2026 11:00:00",26.2271665,84.3570427,NH3,1,1,1
India,Chandigarh,Chandigarh,"Sector 22, Chandigarh - CPCC","23-08-2026 11:00:00",30.735567,76.775714,PM2.5,8,43,21
India,Chandigarh,Chandigarh,"Sector-25, Chandigarh - CPCC","23-08-2026 11:00:00",30.751462,76.762879,PM10,12,71,34
India,Assam,Byrnihat,"Central Academy for SFS, Byrnihat - PCBA","23-08-2026 11:00:00",26.071318,91.87488,OZONE,17,25,20
India,Assam,Guwahati,"IITG, Guwahati - PCBA","23-08-2026 11:00:00",26.2028636,91.70046436,PM2.5,NA,NA,NA
India,Assam,Guwahati,"IITG, Guwahati - PCBA","23-08-2026 11:00:00",26.2028636,91.70046436,NO2,1,4,2
India,Assam,Guwahati,"IITG, Guwahati - PCBA","23-08-2026 11:00:00",26.2028636,91.70046436,SO2,32,33,32
India,Assam,Guwahati,"IITG, Guwahati - PCBA","23-08-2026 11:00:00",26.2028636,91.70046436,OZONE,1,9,3
India,Assam,Guwahati,"Pan Bazaar, Guwahati - PCBA","23-08-2026 11:00:00",26.1875,91.744194,PM2.5,0,35,10
India,Assam,Guwahati,"Pan Bazaar, Guwahati - PCBA","23-08-2026 11:00:00",26.1875,91.744194,NO2,1,2,2
India,Assam,Guwahati,"Pan Bazaar, Guwahati - PCBA","23-08-2026 11:00:00",26.1875,91.744194,CO,12,16,15
India,Assam,Guwahati,"LGBI Airport, Guwahati - PCBA","23-08-2026 11:00:00",26.10887,91.589544,NH3,3,7,4
India,Assam,Guwahati,"LGBI Airport, Guwahati - PCBA","23-08-2026 11:00:00",26.10887,91.589544,OZONE,13,14,14
India,Assam,Guwahati,"Railway Colony, Guwahati - PCBA","23-08-2026 11:00:00",26.181742,91.78063,OZONE,9,13,10
India,Assam,Nagaon,"Christianpatty, Nagaon - PCBA","23-08-2026 11:00:00",26.349082,92.68449,CO,18,26,22
India,Assam,Nalbari,"Bata Chowk, Nalbari - PCBA","23-08-2026 11:00:00",26.446912,91.439057,PM10,37,84,64
India,Assam,Nalbari,"Bata Chowk, Nalbari - PCBA","23-08-2026 11:00:00",26.446912,91.439057,NO2,13,15,14
India,Assam,Nalbari,"Bata Chowk, Nalbari - PCBA","23-08-2026 11:00:00",26.446912,91.439057,CO,20,23,22
India,Assam,Silchar,"Tarapur, Silchar - PCBA","23-08-2026 11:00:00",24.82827,92.79525,NO2,19,20,20
India,"Andhra Pradesh",Chittoor,"Gangineni Cheruvu, Chittoor - APPCB","23-08-2026 11:00:00",13.20488,79.097889,NO2,26,30,28
India,"Andhra Pradesh",Eluru,"District Court, Eluru - APPCB","23-08-2026 11:00:00",16.711754,81.092095,PM10,45,61,53
India,"Andhra Pradesh",Eluru,"District Court, Eluru - APPCB","23-08-2026 11:00:00",16.711754,81.092095,NH3,2,7,4
India,"Andhra Pradesh",Eluru,"District Court, Eluru - APPCB","23-08-2026 11:00:00",16.711754,81.092095,SO2,7,18,9
India,"Andhra Pradesh",Guntur,"Rajendra Nagar North, Guntur - APPCB","23-08-2026 11:00:00",16.316553,80.413302,PM10,60,74,67
India,"Andhra Pradesh",Guntur,"Rajendra Nagar North, Guntur - APPCB","23-08-2026 11:00:00",16.316553,80.413302,NO2,20,47,33
India,"Andhra Pradesh",Guntur,"Rajendra Nagar North, Guntur - APPCB","23-08-2026 11:00:00",16.316553,80.413302,NH3,4,9,7
India,"Andhra Pradesh",Kadapa,"Yerramukkapalli, Kadapa - APPCB","23-08-2026 11:00:00",14.465052,78.824187,PM10,42,46,44
India,"Andhra Pradesh",Nellore,"Ambedkar Nagar, Nellore - APPCB ","23-08-2026 11:00:00",14.438164,79.966814,SO2,7,8,7
India,"Andhra Pradesh",Rajamahendravaram,"Anand Kala Kshetram, Rajamahendravaram - APPCB","23-08-2026 11:00:00",16.9872867,81.7363176,CO,14,25,18
India,"Andhra Pradesh",Srikakulam,"Chinna Bharatham Colony, Srikakulam - APPCB","23-08-2026 11:00:00",18.292191,83.897173,SO2,13,14,14
India,Bihar,Manguraha,"Forest Rest House, Manguraha - BSPCB","23-08-2026 11:00:00",27.308328,84.531742,NH3,0,1,1
India,Bihar,Munger,"Town Hall, Munger - BSPCB","23-08-2026 11:00:00",25.376776,86.471523,PM2.5,2,77,27
India,Bihar,Munger,"Town Hall, Munger - BSPCB","23-08-2026 11:00:00",25.376776,86.471523,NO2,10,13,12
India,Bihar,Munger,"Town Hall, Munger - BSPCB","23-08-2026 11:00:00",25.376776,86.471523,NH3,2,3,3
India,Bihar,Munger,"Town Hall, Munger - BSPCB","23-08-2026 11:00:00",25.376776,86.471523,SO2,65,81,74
India,Bihar,Muzaffarpur,"Buddha Colony, Muzaffarpur - BSPCB","23-08-2026 11:00:00",26.11442,85.39813,PM2.5,31,89,69
India,Bihar,Muzaffarpur,"Buddha Colony, Muzaffarpur - BSPCB","23-08-2026 11:00:00",26.11442,85.39813,SO2,5,9,7
India,Bihar,Patna,"Rajbansi Nagar, Patna - BSPCB","23-08-2026 11:00:00",25.599486,85.113666,NO2,NA,NA,NA
India,Bihar,Patna,"Govt. High School Shikarpur, Patna - BSPCB","23-08-2026 11:00:00",25.592539,85.227158,PM2.5,38,47,42
India,Bihar,Patna,"Govt. High School Shikarpur, Patna - BSPCB","23-08-2026 11:00:00",25.592539,85.227158,NH3,6,6,6
India,Bihar,Patna,"Govt. High School Shikarpur, Patna - BSPCB","23-08-2026 11:00:00",25.592539,85.227158,OZONE,20,69,37
India,Bihar,Patna,"DRM Office Danapur, Patna - BSPCB","23-08-2026 11:00:00",25.586562,85.043586,NO2,20,25,23
India,Bihar,Patna,"DRM Office Danapur, Patna - BSPCB","23-08-2026 11:00:00",25.586562,85.043586,SO2,6,7,6
India,Assam,Silchar,"Tarapur, Silchar - PCBA","23-08-2026 11:00:00",24.82827,92.79525,CO,24,33,28
India,Assam,Silchar,"Tarapur, Silchar - PCBA","23-08-2026 11:00:00",24.82827,92.79525,OZONE,5,5,5
India,Assam,Sivasagar,"Girls College, Sivasagar - PCBA","23-08-2026 11:00:00",26.987634,94.636574,PM2.5,20,22,21
India,Assam,Sivasagar,"Girls College, Sivasagar - PCBA","23-08-2026 11:00:00",26.987634,94.636574,CO,14,17,16
India,Bihar,Araria,"Kharahiya Basti, Araria - BSPCB","23-08-2026 11:00:00",26.146529,87.454184,NH3,3,6,4
India,Bihar,Arrah,"New DM Office, Arrah - BSPCB","23-08-2026 11:00:00",25.5626095,84.663264,NH3,2,2,2
India,Bihar,Arrah,"New DM Office, Arrah - BSPCB","23-08-2026 11:00:00",25.5626095,84.663264,SO2,5,6,5
India,Bihar,Aurangabad,"Gurdeo Nagar, Aurangabad - BSPCB","23-08-2026 11:00:00",24.75746,84.366208,NH3,0,0,0
India,Bihar,Aurangabad,"Gurdeo Nagar, Aurangabad - BSPCB","23-08-2026 11:00:00",24.75746,84.366208,SO2,20,23,22
India,Bihar,Begusarai,"Lohiyanagar, Begusarai - BSPCB","23-08-2026 11:00:00",25.42742023,86.13886079,OZONE,33,45,38
India,Bihar,Bettiah,"Kamalnath Nagar, Bettiah - BSPCB","23-08-2026 11:00:00",26.80365,84.51954,NH3,2,4,3
India,Bihar,Bettiah,"Kamalnath Nagar, Bettiah - BSPCB","23-08-2026 11:00:00",26.80365,84.51954,CO,23,39,32
India,Chhattisgarh,Korba,"Rampur, Korba - CECB","23-08-2026 11:00:00",22.368195,82.746431,OZONE,13,40,21
India,Chhattisgarh,Kunjemura,"OP Jindal School, Kunjemura - CECB","23-08-2026 11:00:00",22.12665,83.483212,NH3,2,2,2
India,Chhattisgarh,Kunjemura,"OP Jindal School, Kunjemura - CECB","23-08-2026 11:00:00",22.12665,83.483212,CO,31,52,36
India,Chhattisgarh,Milupara,"Govt. Higher Secondary School, Milupara - CECB","23-08-2026 11:00:00",22.1910172,83.5197009,PM10,22,82,48
India,Chhattisgarh,Raipur,"Bhatagaon New ISBT, Raipur - CECB","23-08-2026 11:00:00",21.219665,81.630094,PM10,15,40,27
India,Chhattisgarh,Raipur,"Bhatagaon New ISBT, Raipur - CECB","23-08-2026 11:00:00",21.219665,81.630094,SO2,2,4,2
India,Chhattisgarh,Raipur,"Bhatagaon New ISBT, Raipur - CECB","23-08-2026 11:00:00",21.219665,81.630094,CO,19,23,21
India,Chhattisgarh,Raipur,"AIIMS, Raipur - CECB","23-08-2026 11:00:00",21.258815,81.578979,NH3,2,2,2
India,Chhattisgarh,Tumidih,"OP Jindal Industrial Park, Tumidih - CECB","23-08-2026 11:00:00",22.06631475,83.33820077,CO,25,37,30
India,Chhattisgarh,Tumidih,"OP Jindal Industrial Park, Tumidih - CECB","23-08-2026 11:00:00",22.06631475,83.33820077,OZONE,NA,NA,NA
India,"Andhra Pradesh",Tirumala,"Toll Gate, Tirumala - APPCB","23-08-2026 11:00:00",13.67,79.35,SO2,1,22,5
India,"Andhra Pradesh",Tirumala,"Toll Gate, Tirumala - APPCB","23-08-2026 11:00:00",13.67,79.35,OZONE,7,15,9
India,"Andhra Pradesh",Vijayawada,"Rajiv Nagar, Vijayawada - APPCB","23-08-2026 11:00:00",16.554731,80.64911,NO2,15,28,18
India,"Andhra Pradesh",Visakhapatnam,"GVM Corporation, Visakhapatnam - APPCB","23-08-2026 11:00:00",17.72,83.3,NH3,3,4,4
India,"Andhra Pradesh",Visakhapatnam,"GVM Corporation, Visakhapatnam - APPCB","23-08-2026 11:00:00",17.72,83.3,CO,4,21,14
India,"Arunachal Pradesh",Naharlagun,"Naharlagun, Naharlagun - APSPCB","23-08-2026 11:00:00",27.103358,93.679645,PM2.5,14,47,33
India,"Arunachal Pradesh",Naharlagun,"Naharlagun, Naharlagun - APSPCB","23-08-2026 11:00:00",27.103358,93.679645,NO2,8,9,8
India,"Arunachal Pradesh",Naharlagun,"Naharlagun, Naharlagun - APSPCB","23-08-2026 11:00:00",27.103358,93.679645,OZONE,7,7,7
India,Assam,Byrnihat,"Central Academy for SFS, Byrnihat - PCBA","23-08-2026 11:00:00",26.071318,91.87488,PM10,75,137,94
India,Bihar,Bhagalpur,"Mayaganj, Bhagalpur - BSPCB","23-08-2026 11:00:00",25.265194,87.012947,SO2,3,102,34
India,Bihar,Gaya,"Collectorate, Gaya - BSPCB","23-08-2026 11:00:00",24.7955,84.9994,SO2,7,7,7
India,Bihar,Gaya,"Collectorate, Gaya - BSPCB","23-08-2026 11:00:00",24.7955,84.9994,OZONE,29,29,29
India,Bihar,Gaya,"SFTI Kusdihra, Gaya - BSPCB","23-08-2026 11:00:00",24.762518,84.982348,OZONE,2,22,9
India,Bihar,Gaya,"Kareemganj, Gaya - BSPCB","23-08-2026 11:00:00",24.792403,84.992416,NH3,0,2,1
India,Bihar,Gaya,"Kareemganj, Gaya - BSPCB","23-08-2026 11:00:00",24.792403,84.992416,CO,53,53,53
India,Bihar,Hajipur,"Industrial Area, Hajipur - BSPCB","23-08-2026 11:00:00",25.697189,85.2459,PM2.5,24,90,59
India,Bihar,Hajipur,"Industrial Area, Hajipur - BSPCB","23-08-2026 11:00:00",25.697189,85.2459,NO2,9,25,14
India,Bihar,Hajipur,"Industrial Area, Hajipur - BSPCB","23-08-2026 11:00:00",25.697189,85.2459,NH3,8,11,9
India,Chhattisgarh,Bhilai,"32Bungalows, Bhilai - CECB","23-08-2026 11:00:00",21.194815,81.31477,NO2,5,14,9
India,Chhattisgarh,Bhilai,"32Bungalows, Bhilai - CECB","23-08-2026 11:00:00",21.194815,81.31477,NH3,4,6,5
India,Chhattisgarh,Bhilai,"32Bungalows, Bhilai - CECB","23-08-2026 11:00:00",21.194815,81.31477,SO2,10,14,11
India,Chhattisgarh,Bilaspur,"Mangala, Bilaspur - NTPC","23-08-2026 11:00:00",22.08815,82.13737,PM2.5,14,43,28
India,Chhattisgarh,Korba,"Urja Nagar, Korba - CECB","23-08-2026 11:00:00",22.348441,82.549611,CO,12,14,13
India,"Andhra Pradesh",Anantapur,"Gulzarpet, Anantapur - APPCB","23-08-2026 11:00:00",14.675886,77.593027,NH3,3,5,5
India,"Andhra Pradesh",Anantapur,"Gulzarpet, Anantapur - APPCB","23-08-2026 11:00:00",14.675886,77.593027,SO2,11,18,13
India,"Andhra Pradesh",Chittoor,"Gangineni Cheruvu, Chittoor - APPCB","23-08-2026 11:00:00",13.20488,79.097889,PM10,69,81,73
India,Delhi,Delhi,"ITO, Delhi - CPCB","23-08-2026 11:00:00",28.628624,77.24106,OZONE,24,87,49
India,Delhi,Delhi,"Narela, Delhi - DPCC","23-08-2026 11:00:00",28.822836,77.101981,PM2.5,12,183,71
India,Delhi,Delhi,"Cantonment Area, Delhi - DPCC","23-08-2026 11:00:00",28.594169,77.1251,PM2.5,7,69,33
India,Delhi,Delhi,"Cantonment Area, Delhi - DPCC","23-08-2026 11:00:00",28.594169,77.1251,SO2,2,5,4
India,Delhi,Delhi,"Major Dhyan Chand National Stadium, Delhi - DPCC","23-08-2026 11:00:00",28.611281,77.237738,NH3,7,11,9
India,Delhi,Delhi,"Major Dhyan Chand National Stadium, Delhi - DPCC","23-08-2026 11:00:00",28.611281,77.237738,OZONE,10,19,16
India,Delhi,Delhi,"Sonia Vihar, Delhi - DPCC","23-08-2026 11:00:00",28.710508,77.249485,NH3,11,19,13
India,Delhi,Delhi,"Sonia Vihar, Delhi - DPCC","23-08-2026 11:00:00",28.710508,77.249485,CO,27,49,38
India,Delhi,Delhi,"Bawana, Delhi - DPCC","23-08-2026 11:00:00",28.7762,77.051074,PM2.5,NA,NA,NA
India,Delhi,Delhi,"Bawana, Delhi - DPCC","23-08-2026 11:00:00",28.7762,77.051074,SO2,NA,NA,NA
India,Delhi,Delhi,"Okhla Phase-2, Delhi - DPCC","23-08-2026 11:00:00",28.530785,77.271255,PM2.5,22,98,60
India,Delhi,Delhi,"Okhla Phase-2, Delhi - DPCC","23-08-2026 11:00:00",28.530785,77.271255,PM10,30,183,111
India,Delhi,Delhi,"Okhla Phase-2, Delhi - DPCC","23-08-2026 11:00:00",28.530785,77.271255,NO2,13,56,28
India,Delhi,Delhi,"Rohini, Delhi - DPCC","23-08-2026 11:00:00",28.732528,77.11992,NO2,0,13,4
India,Delhi,Delhi,"Rohini, Delhi - DPCC","23-08-2026 11:00:00",28.732528,77.11992,SO2,9,10,9
India,Delhi,Delhi,"Rohini, Delhi - DPCC","23-08-2026 11:00:00",28.732528,77.11992,OZONE,11,12,12
India,Delhi,Delhi,"Vivek Vihar, Delhi - DPCC","23-08-2026 11:00:00",28.672342,77.31526,SO2,6,11,7
India,Gujarat,Ahmedabad,"Chandkheda, Ahmedabad - IITM","23-08-2026 11:00:00",23.107969,72.574648,PM10,62,111,88
India,Gujarat,Ahmedabad,"Chandkheda, Ahmedabad - IITM","23-08-2026 11:00:00",23.107969,72.574648,NH3,6,8,7
India,Gujarat,Ahmedabad,"SAC ISRO Bopal, Ahmedabad - IITM","23-08-2026 11:00:00",23.041137,72.456691,NH3,NA,NA,NA
India,Gujarat,Ahmedabad,"SAC ISRO Bopal, Ahmedabad - IITM","23-08-2026 11:00:00",23.041137,72.456691,SO2,2,4,3
India,Gujarat,Ahmedabad,"SAC ISRO Satellite, Ahmedabad - IITM","23-08-2026 11:00:00",23.023389,72.515201,PM10,56,113,85
India,Gujarat,Ahmedabad,"SAC ISRO Satellite, Ahmedabad - IITM","23-08-2026 11:00:00",23.023389,72.515201,NH3,1,2,1
India,Gujarat,Ahmedabad,"Gyaspur, Ahmedabad - IITM","23-08-2026 11:00:00",22.977134,72.553024,NO2,33,56,44
India,Gujarat,Ahmedabad,"Raikhad, Ahmedabad - IITM","23-08-2026 11:00:00",23.020509,72.579261,PM2.5,20,83,42
India,Gujarat,Ahmedabad,"Raikhad, Ahmedabad - IITM","23-08-2026 11:00:00",23.020509,72.579261,SO2,5,8,7
India,Gujarat,Ahmedabad,"Raikhad, Ahmedabad - IITM","23-08-2026 11:00:00",23.020509,72.579261,CO,38,53,45
India,Gujarat,Ankleshwar,"GIDC, Ankleshwar - GPCB","23-08-2026 11:00:00",21.613267,73.010555,PM2.5,22,87,38
India,Gujarat,Ankleshwar,"GIDC, Ankleshwar - GPCB","23-08-2026 11:00:00",21.613267,73.010555,CO,39,52,46
India,Gujarat,Bhavnagar,"Vidhyanagar, Bhavnagar - Nexteng Enviro","23-08-2026 11:00:00",21.755417,72.139056,CO,59,60,60
India,Gujarat,Gandhinagar,"Sector-10, Gandhinagar - GPCB","23-08-2026 11:00:00",23.221714,72.654328,NH3,0,0,0
India,Gujarat,Vadodara,"Bapunagar, Vadodara - Nexteng Enviro","23-08-2026 11:00:00",22.320153,73.216285,SO2,7,8,8
India,Gujarat,Vadodara,"Bapunagar, Vadodara - Nexteng Enviro","23-08-2026 11:00:00",22.320153,73.216285,CO,75,76,76
India,Gujarat,Vapi,"Phase-1 GIDC, Vapi - GPCB","23-08-2026 11:00:00",20.362421,72.918013,CO,NA,NA,NA
India,Gujarat,Vatva,"Phase-4 GIDC, Vatva - GPCB","23-08-2026 11:00:00",22.969611,72.6435,PM2.5,43,184,96
India,Gujarat,Vatva,"Phase-4 GIDC, Vatva - GPCB","23-08-2026 11:00:00",22.969611,72.6435,PM10,83,152,110
India,Gujarat,Vatva,"Phase-4 GIDC, Vatva - GPCB","23-08-2026 11:00:00",22.969611,72.6435,CO,30,43,36
India,Haryana,Ambala,"Patti Mehar, Ambala - HSPCB","23-08-2026 11:00:00",30.379589,76.778328,PM10,40,418,134
India,Haryana,Ambala,"Patti Mehar, Ambala - HSPCB","23-08-2026 11:00:00",30.379589,76.778328,NH3,6,7,6
India,Haryana,Bahadurgarh,"Arya Nagar, Bahadurgarh - HSPCB","23-08-2026 11:00:00",28.6701,76.9254,NH3,6,9,8
India,Haryana,Ballabgarh,"Nathu Colony, Ballabgarh - HSPCB","23-08-2026 11:00:00",28.3419248,77.319699,NO2,19,21,20
India,Haryana,Ballabgarh,"Nathu Colony, Ballabgarh - HSPCB","23-08-2026 11:00:00",28.3419248,77.319699,NH3,4,5,4
India,Haryana,Ballabgarh,"Nathu Colony, Ballabgarh - HSPCB","23-08-2026 11:00:00",28.3419248,77.319699,SO2,2,20,4
India,Delhi,Delhi,"Burari Crossing, Delhi - IITM","23-08-2026 11:00:00",28.7256504,77.2011573,SO2,NA,NA,NA
India,Delhi,Delhi,"IMD Lodhi Road, Delhi - IITM","23-08-2026 11:00:00",28.5918245,77.2273074,CO,21,27,24
India,Delhi,Delhi,"Alipur, Delhi - DPCC","23-08-2026 11:00:00",28.815329,77.15301,PM2.5,5,180,75
India,Delhi,Delhi,"Alipur, Delhi - DPCC","23-08-2026 11:00:00",28.815329,77.15301,NO2,6,64,45
India,Delhi,Delhi,"Alipur, Delhi - DPCC","23-08-2026 11:00:00",28.815329,77.15301,CO,27,39,31
India,Delhi,Delhi,"North Campus, DU, Delhi - IITM","23-08-2026 11:00:00",28.6573814,77.1585447,NH3,NA,NA,NA
India,Delhi,Delhi,"North Campus, DU, Delhi - IITM","23-08-2026 11:00:00",28.6573814,77.1585447,OZONE,29,57,41
India,Delhi,Delhi,"R K Puram, Delhi - DPCC","23-08-2026 11:00:00",28.563262,77.186937,PM10,54,159,108
India,Gujarat,Ahmedabad,"Rakhial, Ahmedabad - IITM","23-08-2026 11:00:00",23.016834,72.625775,PM2.5,42,88,62
India,Gujarat,Ahmedabad,"Maninagar, Ahmedabad - GPCB","23-08-2026 11:00:00",23.002657,72.591912,PM10,70,114,87
India,Gujarat,Ahmedabad,"Maninagar, Ahmedabad - GPCB","23-08-2026 11:00:00",23.002657,72.591912,SO2,20,34,25
India,Delhi,Delhi,"Sirifort, Delhi - CPCB","23-08-2026 11:00:00",28.5504249,77.2159377,SO2,36,41,39
India,Delhi,Delhi,"Chandni Chowk, Delhi - IITM","23-08-2026 11:00:00",28.656756,77.227234,NO2,12,74,38
India,Delhi,Delhi,"Chandni Chowk, Delhi - IITM","23-08-2026 11:00:00",28.656756,77.227234,NH3,4,5,4
India,Delhi,Delhi,"Chandni Chowk, Delhi - IITM","23-08-2026 11:00:00",28.656756,77.227234,OZONE,11,28,22
India,Delhi,Delhi,"Pusa, Delhi - IITM","23-08-2026 11:00:00",28.63611,77.173332,NO2,10,111,46
India,Delhi,Delhi,"Pusa, Delhi - IITM","23-08-2026 11:00:00",28.63611,77.173332,SO2,NA,NA,NA
India,Delhi,Delhi,"DTU, Delhi - CPCB","23-08-2026 11:00:00",28.7500499,77.1112615,NO2,16,41,22
India,Delhi,Delhi,"Dwarka-Sector 8, Delhi - DPCC ","23-08-2026 11:00:00",28.5710274,77.0719006,NH3,5,14,8
India,Delhi,Delhi,"Dwarka-Sector 8, Delhi - DPCC ","23-08-2026 11:00:00",28.5710274,77.0719006,SO2,8,15,12
India,Delhi,Delhi,"Dwarka-Sector 8, Delhi - DPCC ","23-08-2026 11:00:00",28.5710274,77.0719006,OZONE,10,13,12
India,Delhi,Delhi,"Dr. Karni Singh Shooting Range, Delhi - DPCC","23-08-2026 11:00:00",28.498571,77.26484,PM10,35,123,89
India,Delhi,Delhi,"Dr. Karni Singh Shooting Range, Delhi - DPCC","23-08-2026 11:00:00",28.498571,77.26484,NH3,4,6,5
India,Gujarat,Gandhinagar,"GIFT City, Gandhinagar - IITM","23-08-2026 11:00:00",23.163798,72.677768,CO,13,19,15
India,Gujarat,Mehsana,"Sadanand Nagar, Mehsana - Nexteng Enviro","23-08-2026 11:00:00",23.59315,72.372792,PM2.5,18,52,37
India,Gujarat,Mehsana,"Sadanand Nagar, Mehsana - Nexteng Enviro","23-08-2026 11:00:00",23.59315,72.372792,NH3,0,0,0
India,Gujarat,Nandesari,"GIDC, Nandesari - Nandesari Ind. Association","23-08-2026 11:00:00",22.410802,73.097923,PM10,30,71,45
India,Gujarat,Nandesari,"GIDC, Nandesari - Nandesari Ind. Association","23-08-2026 11:00:00",22.410802,73.097923,NH3,NA,NA,NA
India,Gujarat,Nandesari,"GIDC, Nandesari - Nandesari Ind. Association","23-08-2026 11:00:00",22.410802,73.097923,SO2,3,4,3
India,Gujarat,Nandesari,"GIDC, Nandesari - Nandesari Ind. Association","23-08-2026 11:00:00",22.410802,73.097923,CO,19,58,33
India,Gujarat,Surat,"Science Center, Surat - SMC","23-08-2026 11:00:00",21.170046,72.795405,NH3,NA,NA,NA
India,Gujarat,Surat,"Katargam, Surat - Nexteng Enviro","23-08-2026 11:00:00",21.217779,72.834787,PM2.5,11,65,35
India,Gujarat,Surat,"Katargam, Surat - Nexteng Enviro","23-08-2026 11:00:00",21.217779,72.834787,NH3,1,1,1
India,Gujarat,Surat,"Katargam, Surat - Nexteng Enviro","23-08-2026 11:00:00",21.217779,72.834787,SO2,8,10,9
India,Delhi,Delhi,"NSUT Jaffarpur, Delhi - DPCC","23-08-2026 11:00:00",28.594004,76.909423,PM10,36,128,75
India,Delhi,Delhi,"NSUT Jaffarpur, Delhi - DPCC","23-08-2026 11:00:00",28.594004,76.909423,OZONE,0,12,7
India,Delhi,Delhi,"Mundka, Delhi - DPCC","23-08-2026 11:00:00",28.684678,77.076574,NO2,43,90,70
India,Delhi,Delhi,"Mundka, Delhi - DPCC","23-08-2026 11:00:00",28.684678,77.076574,CO,36,44,40
India,Delhi,Delhi,"Ashok Vihar, Delhi - DPCC","23-08-2026 11:00:00",28.695381,77.181665,PM2.5,12,190,81
India,Delhi,Delhi,"Ashok Vihar, Delhi - DPCC","23-08-2026 11:00:00",28.695381,77.181665,OZONE,7,7,7
India,Delhi,Delhi,"Anand Vihar, Delhi - DPCC","23-08-2026 11:00:00",28.647622,77.315809,PM10,58,485,210
India,Delhi,Delhi,"Shadipur, Delhi - CPCB","23-08-2026 11:00:00",28.6514781,77.1473105,NO2,19,130,37
India,Delhi,Delhi,"Mandir Marg, Delhi - DPCC","23-08-2026 11:00:00",28.636429,77.201067,PM10,35,141,97
India,Delhi,Delhi,"IGI Airport (T3), Delhi - IITM","23-08-2026 11:00:00",28.5627763,77.1180053,OZONE,27,60,40
India,Delhi,Delhi,"NSIT Dwarka, Delhi - CPCB","23-08-2026 11:00:00",28.60909,77.0325413,PM2.5,23,41,30
India,Delhi,Delhi,"NSIT Dwarka, Delhi - CPCB","23-08-2026 11:00:00",28.60909,77.0325413,PM10,46,100,73
India,Delhi,Delhi,"NSIT Dwarka, Delhi - CPCB","23-08-2026 11:00:00",28.60909,77.0325413,CO,85,92,88
India,Delhi,Delhi,"Aya Nagar, Delhi - IITM","23-08-2026 11:00:00",28.4706914,77.1099364,PM2.5,25,114,56
India,Delhi,Delhi,"Patparganj, Delhi - DPCC","23-08-2026 11:00:00",28.623763,77.287209,PM2.5,15,83,39
India,Delhi,Delhi,"Jawaharlal Nehru Stadium, Delhi - DPCC","23-08-2026 11:00:00",28.58028,77.233829,PM2.5,40,150,74
India,Delhi,Delhi,"Najafgarh, Delhi - DPCC","23-08-2026 11:00:00",28.570173,76.933762,PM10,42,135,84
India,Delhi,Delhi,"Wazirpur, Delhi - DPCC","23-08-2026 11:00:00",28.699793,77.165453,PM2.5,47,203,97
India,Haryana,Panipat,"Sector-18, Panipat - HSPCB","23-08-2026 11:00:00",29.432304,76.972765,NH3,7,12,9
India,Haryana,Panipat,"Sector-18, Panipat - HSPCB","23-08-2026 11:00:00",29.432304,76.972765,CO,32,32,32
India,Haryana,Rohtak,"MD University, Rohtak - HSPCB","23-08-2026 11:00:00",28.52123,76.37138,PM10,43,118,65
India,Haryana,Rohtak,"MD University, Rohtak - HSPCB","23-08-2026 11:00:00",28.52123,76.37138,NH3,NA,NA,NA
India,Haryana,Sirsa,"F-Block, Sirsa - HSPCB","23-08-2026 11:00:00",29.5364,75.0158,NH3,12,14,13
India,Haryana,"Yamuna Nagar","Gobind Pura, Yamuna Nagar - HSPCB","23-08-2026 11:00:00",30.1480566,77.2893471,NO2,11,21,17
India,Haryana,"Yamuna Nagar","Gobind Pura, Yamuna Nagar - HSPCB","23-08-2026 11:00:00",30.1480566,77.2893471,SO2,9,15,11
India,Haryana,"Yamuna Nagar","Gobind Pura, Yamuna Nagar - HSPCB","23-08-2026 11:00:00",30.1480566,77.2893471,OZONE,61,62,62
India,"Himachal Pradesh",Baddi,"HIMUDA Complex Phase-1, Baddi - HPPCB","23-08-2026 11:00:00",30.943887,76.801991,NH3,3,5,4
India,"Himachal Pradesh",Baddi,"HIMUDA Complex Phase-1, Baddi - HPPCB","23-08-2026 11:00:00",30.943887,76.801991,CO,100,102,101
India,"Jammu and Kashmir",Pampore,"Khrew, Pampore - JKPCC","23-08-2026 11:00:00",34.031606,75.009712,CO,NA,NA,NA
India,"Jammu and Kashmir",Srinagar,"Rajbagh, Srinagar - JKPCC","23-08-2026 11:00:00",34.066206,74.81982,PM2.5,18,40,27
India,"Jammu and Kashmir",Srinagar,"Rajbagh, Srinagar - JKPCC","23-08-2026 11:00:00",34.066206,74.81982,PM10,29,63,42
India,"Jammu and Kashmir",Srinagar,"Khunmoh, Srinagar - JKPCC","23-08-2026 11:00:00",34.06313,74.96017,SO2,3,4,4
India,Haryana,Bhiwani,"H.B. Colony, Bhiwani - HSPCB","23-08-2026 11:00:00",28.806223,76.141105,NH3,8,10,9
India,Haryana,"Charkhi Dadri","Mini Secretariat, Charkhi Dadri - HSPCB","23-08-2026 11:00:00",28.593883,76.270653,NH3,5,8,6
India,Haryana,"Charkhi Dadri","Mini Secretariat, Charkhi Dadri - HSPCB","23-08-2026 11:00:00",28.593883,76.270653,OZONE,11,39,22
India,Haryana,Dharuhera,"Municipal Corporation Office, Dharuhera -  HSPCB","23-08-2026 11:00:00",28.2068,76.7997,CO,24,48,33
India,Haryana,Faridabad,"Sector 11, Faridabad - HSPCB","23-08-2026 11:00:00",28.376058,77.315741,PM2.5,29,397,234
India,Haryana,Faridabad,"Sector 11, Faridabad - HSPCB","23-08-2026 11:00:00",28.376058,77.315741,PM10,34,288,159
India,Haryana,Faridabad,"Sector 11, Faridabad - HSPCB","23-08-2026 11:00:00",28.376058,77.315741,NH3,8,9,9
India,Haryana,Faridabad,"Sector 30, Faridabad - HSPCB","23-08-2026 11:00:00",28.4417,77.3217,PM2.5,NA,NA,NA
India,Haryana,Faridabad,"Sector 30, Faridabad - HSPCB","23-08-2026 11:00:00",28.4417,77.3217,PM10,68,143,84
India,Haryana,Fatehabad,"Huda Sector, Fatehabad - HSPCB","23-08-2026 11:00:00",29.503664,75.467934,PM2.5,16,22,18
India,Haryana,Fatehabad,"Huda Sector, Fatehabad - HSPCB","23-08-2026 11:00:00",29.503664,75.467934,NO2,18,20,19
India,Haryana,Gurugram,"Teri Gram, Gurugram - HSPCB","23-08-2026 11:00:00",28.4275,77.1465,CO,12,16,14
India,Haryana,Gurugram,"Teri Gram, Gurugram - HSPCB","23-08-2026 11:00:00",28.4275,77.1465,OZONE,7,23,12
India,Haryana,Gurugram,"NISE Gwal Pahari, Gurugram - IITM","23-08-2026 11:00:00",28.422681,77.148944,PM10,31,142,90
India,Haryana,Gurugram,"Sector-51, Gurugram - HSPCB","23-08-2026 11:00:00",28.4227,77.0667,NO2,24,70,40
India,Haryana,Hisar,"Urban Estate-II, Hisar - HSPCB","23-08-2026 11:00:00",29.14056,75.744941,NH3,8,11,11
India,Haryana,Hisar,"Urban Estate-II, Hisar - HSPCB","23-08-2026 11:00:00",29.14056,75.744941,SO2,14,15,14
India,Haryana,Jind,"Police Lines, Jind - HSPCB","23-08-2026 11:00:00",29.307814,76.337619,PM10,57,69,63
India,Haryana,Jind,"Police Lines, Jind - HSPCB","23-08-2026 11:00:00",29.307814,76.337619,NH3,4,6,5
India,Haryana,Kaithal,"Rishi Nagar, Kaithal - HSPCB","23-08-2026 11:00:00",29.8006,76.4155,SO2,0,36,4
India,Haryana,Karnal,"Sector-12, Karnal - HSPCB","23-08-2026 11:00:00",29.6953,77.0027,SO2,12,13,13
India,Haryana,Karnal,"Sector-12, Karnal - HSPCB","23-08-2026 11:00:00",29.6953,77.0027,CO,46,61,54
India,Haryana,Kurukshetra,"Sector-7, Kurukshetra - HSPCB","23-08-2026 11:00:00",29.966942,76.875879,PM10,34,82,62
India,Haryana,Kurukshetra,"Sector-7, Kurukshetra - HSPCB","23-08-2026 11:00:00",29.966942,76.875879,NO2,7,9,8
India,Haryana,Kurukshetra,"Sector-7, Kurukshetra - HSPCB","23-08-2026 11:00:00",29.966942,76.875879,CO,14,27,22
India,Haryana,Manesar,"Sector-2 IMT, Manesar - HSPCB","23-08-2026 11:00:00",28.360699,76.93609,PM2.5,73,305,134
India,"Madhya Pradesh",Bhopal,"T T Nagar, Bhopal - MPPCB","23-08-2026 11:00:00",23.233584,77.400574,PM2.5,22,69,42
India,"Madhya Pradesh",Bhopal,"T T Nagar, Bhopal - MPPCB","23-08-2026 11:00:00",23.233584,77.400574,PM10,54,99,73
India,"Madhya Pradesh",Damoh,"Shrivastav Colony, Damoh - MPPCB","23-08-2026 11:00:00",23.81748678,79.446246,NH3,NA,NA,NA
India,"Madhya Pradesh",Dewas,"Bhopal Chauraha, Dewas - MPPCB","23-08-2026 11:00:00",22.9682591,76.064118,SO2,44,62,56
India,"Madhya Pradesh",Gwalior,"Maharaj Bada, Gwalior - MPPCB","23-08-2026 11:00:00",26.200388,78.147714,NH3,1,4,3
India,"Madhya Pradesh",Gwalior,"City Center, Gwalior - MPPCB","23-08-2026 11:00:00",26.203442,78.193251,OZONE,39,45,41
India,"Madhya Pradesh",Gwalior,"Deen Dayal Nagar, Gwalior - MPPCB","23-08-2026 11:00:00",26.259242,78.216432,CO,53,57,55
India,"Madhya Pradesh",Indore,"Regional Park, Indore - IMC","23-08-2026 11:00:00",22.678,75.8559,PM2.5,2,42,22
India,"Madhya Pradesh",Indore,"Chhoti Gwaltoli, Indore - MPPCB","23-08-2026 11:00:00",22.431,75.5213,NO2,44,84,61
India,"Madhya Pradesh",Indore,"Chhoti Gwaltoli, Indore - MPPCB","23-08-2026 11:00:00",22.431,75.5213,CO,17,27,22
India,Karnataka,Ramanagara,"Vijay Nagar, Ramanagara - KSPCB","23-08-2026 11:00:00",12.733409,77.298051,SO2,17,18,18
India,Karnataka,Yadgir,"Collector Office, Yadgir - KSPCB","23-08-2026 11:00:00",16.7602,77.1428,NH3,0,1,0
India,Karnataka,Yadgir,"Collector Office, Yadgir - KSPCB","23-08-2026 11:00:00",16.7602,77.1428,SO2,NA,NA,NA
India,Karnataka,Yadgir,"Collector Office, Yadgir - KSPCB","23-08-2026 11:00:00",16.7602,77.1428,OZONE,33,33,33
India,Kerala,Thiruvananthapuram,"Plammoodu, Thiruvananthapuram - Kerala PCB","23-08-2026 11:00:00",8.5149093,76.9435879,NH3,1,1,1
India,Kerala,Thiruvananthapuram,"Kariavattom, Thiruvananthapuram - Kerala PCB","23-08-2026 11:00:00",8.5637,76.8865,OZONE,30,31,30
India,Kerala,Thrissur,"Corporation Ground, Thrissur - Kerala PCB","23-08-2026 11:00:00",10.5324,76.2159,NH3,0,0,0
India,Ladakh,Leh,"Skara Yokma, Leh - LPCC","23-08-2026 11:00:00",34.147096,77.55709,PM2.5,2,43,14
India,Ladakh,Leh,"Skara Yokma, Leh - LPCC","23-08-2026 11:00:00",34.147096,77.55709,NH3,NA,NA,NA
India,Ladakh,Leh,"Skara Yokma, Leh - LPCC","23-08-2026 11:00:00",34.147096,77.55709,SO2,9,11,10
India,Ladakh,Leh,"Skara Yokma, Leh - LPCC","23-08-2026 11:00:00",34.147096,77.55709,OZONE,76,301,172
India,Karnataka,Gadag,"Panchal Nagar, Gadag - KSPCB","23-08-2026 11:00:00",15.411456,75.638133,NH3,3,4,4
India,Karnataka,Hubballi,"Lingaraj Nagar, Hubballi - KSPCB","23-08-2026 11:00:00",15.3714823,75.1160168,NO2,7,11,10
India,Karnataka,Hubballi,"Lingaraj Nagar, Hubballi - KSPCB","23-08-2026 11:00:00",15.3714823,75.1160168,OZONE,22,27,25
India,Karnataka,Kalaburagi,"Mahatma Basaveswar Colony, Kalaburgi - KSPCB","23-08-2026 11:00:00",17.336318,76.847397,PM10,18,54,23
India,Karnataka,Karwar,"KHB Colony, Karwar - KSPCB","23-08-2026 11:00:00",14.816666,74.141003,NO2,14,211,66
India,Karnataka,Madikeri,"Stuart Hill, Madikeri - KSPCB","23-08-2026 11:00:00",12.415911,75.73505,PM10,3,25,11
India,Karnataka,Madikeri,"Stuart Hill, Madikeri - KSPCB","23-08-2026 11:00:00",12.415911,75.73505,NH3,1,1,1
India,Karnataka,Mangalore,"Kadri, Mangalore - KSPCB","23-08-2026 11:00:00",12.88925,74.853,PM10,20,68,43
India,Karnataka,Mysuru,"Hebbal 1st Stage, Mysuru - KSPCB","23-08-2026 11:00:00",12.21041,76.37376,SO2,2,6,3
India,Jharkhand,Jorapokhar,"Tata Stadium, Jorapokhar - JSPCB","23-08-2026 11:00:00",23.707909,86.41467,NH3,3,3,3
India,Jharkhand,Jorapokhar,"Tata Stadium, Jorapokhar - JSPCB","23-08-2026 11:00:00",23.707909,86.41467,SO2,21,21,21
India,Karnataka,Belgaum,"Ramteerth Nagar, Belgaum - KSPCB","23-08-2026 11:00:00",15.888653,74.541751,NO2,NA,NA,NA
India,Karnataka,Belgaum,"Ramteerth Nagar, Belgaum - KSPCB","23-08-2026 11:00:00",15.888653,74.541751,CO,2,2,2
India,Karnataka,Bengaluru,"Jigani, Bengaluru - KSPCB","23-08-2026 11:00:00",12.7816279,77.6299145,PM10,47,183,61
India,Karnataka,Bengaluru,"City Railway Station, Bengaluru - KSPCB","23-08-2026 11:00:00",12.9756843,77.5660749,OZONE,NA,NA,NA
India,Karnataka,Bengaluru,"Jayanagar 5th Block, Bengaluru - KSPCB","23-08-2026 11:00:00",12.920984,77.584908,PM10,21,61,41
India,Karnataka,Bengaluru,"Hombegowda Nagar, Bengaluru - KSPCB","23-08-2026 11:00:00",12.938539,77.5901,PM10,25,60,49
India,Karnataka,Bengaluru,"Peenya, Bengaluru - CPCB","23-08-2026 11:00:00",13.0270199,77.494094,SO2,6,15,10
India,Karnataka,Bengaluru,"Bapuji Nagar, Bengaluru - KSPCB","23-08-2026 11:00:00",12.951913,77.539784,PM10,29,74,42
India,Karnataka,Bengaluru,"Bapuji Nagar, Bengaluru - KSPCB","23-08-2026 11:00:00",12.951913,77.539784,OZONE,20,28,23
India,Karnataka,Chamarajanagar,"Urban, Chamarajanagar - KSPCB","23-08-2026 11:00:00",11.55358,76.55521,PM2.5,29,31,30
India,Karnataka,Chamarajanagar,"Urban, Chamarajanagar - KSPCB","23-08-2026 11:00:00",11.55358,76.55521,SO2,4,4,4
India,Karnataka,Chikkaballapur,"Chikkaballapur Rural, Chikkaballapur - KSPCB","23-08-2026 11:00:00",13.428828,77.731418,PM2.5,NA,NA,NA
India,Karnataka,Chikkamagaluru,"Kalyana Nagara, Chikkamagaluru - KSPCB","23-08-2026 11:00:00",13.328028,75.797056,NH3,2,3,2
India,Karnataka,Chikkamagaluru,"Kalyana Nagara, Chikkamagaluru - KSPCB","23-08-2026 11:00:00",13.328028,75.797056,OZONE,23,30,25
India,Karnataka,Gadag,"Panchal Nagar, Gadag - KSPCB","23-08-2026 11:00:00",15.411456,75.638133,PM10,69,120,98
India,Haryana,Narnaul,"Shastri Nagar, Narnaul - HSPCB","23-08-2026 11:00:00",28.060249,76.113115,PM2.5,44,75,58
India,Haryana,Narnaul,"Shastri Nagar, Narnaul - HSPCB","23-08-2026 11:00:00",28.060249,76.113115,OZONE,10,45,18
India,Haryana,Palwal,"Shyam Nagar, Palwal - HSPCB","23-08-2026 11:00:00",28.1485564,77.3320667,CO,21,117,51
India,Haryana,Panchgaon,"Amity University, Panchgaon - IITM","23-08-2026 11:00:00",28.3153,76.9143,PM10,33,66,44
India,Haryana,Panchkula,"Sector-6, Panchkula - HSPCB ","23-08-2026 11:00:00",30.7057778,76.8531805555555,PM2.5,27,78,46
India,Haryana,Panipat,"Sector-18, Panipat - HSPCB","23-08-2026 11:00:00",29.432304,76.972765,PM2.5,26,235,127
India,Haryana,Panipat,"Sector-18, Panipat - HSPCB","23-08-2026 11:00:00",29.432304,76.972765,PM10,33,178,124
India,"Madhya Pradesh",Indore,"Airport Area, Indore - IMC","23-08-2026 11:00:00",22.7289,75.8076,NH3,NA,NA,NA
India,"Madhya Pradesh",Indore,"Maguda Nagar, Indore - IMC","23-08-2026 11:00:00",22.7524,75.8872,PM10,11,48,30
India,"Madhya Pradesh",Indore,"Maguda Nagar, Indore - IMC","23-08-2026 11:00:00",22.7524,75.8872,NO2,3,5,4
India,"Madhya Pradesh",Indore,"Residency Area, Indore - IMC","23-08-2026 11:00:00",22.7084,75.8815,NH3,0,0,0
India,"Madhya Pradesh",Jabalpur,"Marhatal, Jabalpur - MPPCB","23-08-2026 11:00:00",23.168606,79.932247,SO2,9,13,11
India,"Madhya Pradesh",Jabalpur,"Gupteshwar, Jabalpur - JMC","23-08-2026 11:00:00",23.142888,79.916147,NO2,68,93,74
India,"Madhya Pradesh",Jabalpur,"Gupteshwar, Jabalpur - JMC","23-08-2026 11:00:00",23.142888,79.916147,CO,20,26,22
India,"Madhya Pradesh",Jabalpur,"Govindh Bhavan Colony, Jabalpur - JMC","23-08-2026 11:00:00",23.163174,79.973061,NH3,9,10,10
India,"Madhya Pradesh",Jabalpur,"Govindh Bhavan Colony, Jabalpur - JMC","23-08-2026 11:00:00",23.163174,79.973061,OZONE,10,17,13
India,"Madhya Pradesh",Jabalpur,"Suhagi, Jabalpur - JMC","23-08-2026 11:00:00",23.218135,79.95777,PM2.5,27,71,49
India,"Madhya Pradesh",Jabalpur,"Suhagi, Jabalpur - JMC","23-08-2026 11:00:00",23.218135,79.95777,PM10,32,80,56
India,"Madhya Pradesh",Jabalpur,"Suhagi, Jabalpur - JMC","23-08-2026 11:00:00",23.218135,79.95777,NO2,37,47,41
India,"Madhya Pradesh",Mandideep,"Sector-D Industrial Area, Mandideep - MPPCB","23-08-2026 11:00:00",23.10844,77.511428,PM10,65,104,84
India,"Madhya Pradesh",Mandideep,"Sector-D Industrial Area, Mandideep - MPPCB","23-08-2026 11:00:00",23.10844,77.511428,SO2,1,8,5
India,"Madhya Pradesh",Pithampur,"Sector-2 Industrial Area, Pithampur - MPPCB","23-08-2026 11:00:00",22.624758,75.675238,CO,22,108,34
India,Maharashtra,Mumbai,"Worli, Mumbai - MPCB","23-08-2026 11:00:00",18.9936162,72.8128113,PM10,43,78,63
India,Maharashtra,Mumbai,"Worli, Mumbai - MPCB","23-08-2026 11:00:00",18.9936162,72.8128113,CO,35,41,38
India,Maharashtra,Mumbai,"Navy Nagar-Colaba, Mumbai - IITM","23-08-2026 11:00:00",18.897756,72.81332,PM2.5,15,48,30
India,Maharashtra,Mumbai,"Navy Nagar-Colaba, Mumbai - IITM","23-08-2026 11:00:00",18.897756,72.81332,NH3,1,8,3
India,Maharashtra,Mumbai,"Navy Nagar-Colaba, Mumbai - IITM","23-08-2026 11:00:00",18.897756,72.81332,CO,14,19,16
India,Maharashtra,Mumbai,"Navy Nagar-Colaba, Mumbai - IITM","23-08-2026 11:00:00",18.897756,72.81332,OZONE,20,26,24
India,Maharashtra,Mumbai,"Mulund West, Mumbai - MPCB","23-08-2026 11:00:00",19.175,72.9419,PM2.5,2,20,12
India,Maharashtra,Mumbai,"Mulund West, Mumbai - MPCB","23-08-2026 11:00:00",19.175,72.9419,NH3,4,5,4
India,Maharashtra,Mumbai,"Kandivali West, Mumbai - BMC","23-08-2026 11:00:00",19.215859,72.831718,NH3,3,3,3
India,Maharashtra,Mumbai,"Kandivali West, Mumbai - BMC","23-08-2026 11:00:00",19.215859,72.831718,OZONE,7,10,9
India,Maharashtra,Mumbai,"Sewri, Mumbai - BMC","23-08-2026 11:00:00",19.000084,72.85673,CO,19,19,19
India,Maharashtra,Mumbai,"Malad West, Mumbai - IITM","23-08-2026 11:00:00",19.19709,72.82204,NH3,2,4,2
India,Maharashtra,Mumbai,"Malad West, Mumbai - IITM","23-08-2026 11:00:00",19.19709,72.82204,OZONE,4,11,8
India,Maharashtra,Mumbai,"Borivali East, Mumbai - IITM","23-08-2026 11:00:00",19.23241,72.86895,NH3,2,3,2
India,Maharashtra,Mumbai,"Mazgaon, Mumbai - IITM","23-08-2026 11:00:00",18.96702,72.84214,PM2.5,10,49,23
India,Maharashtra,Mumbai,"Mazgaon, Mumbai - IITM","23-08-2026 11:00:00",18.96702,72.84214,NO2,23,36,28
India,Maharashtra,Mumbai,"Mazgaon, Mumbai - IITM","23-08-2026 11:00:00",18.96702,72.84214,SO2,7,11,9
India,Maharashtra,Mumbai,"Mazgaon, Mumbai - IITM","23-08-2026 11:00:00",18.96702,72.84214,CO,58,70,66
India,Maharashtra,Aurangabad,"Rachnakar Colony, Aurangabad - MPCB","23-08-2026 11:00:00",19.863756,75.321188,NH3,1,2,1
India,Maharashtra,Aurangabad,"More Chowk Waluj, Aurangabad - MPCB","23-08-2026 11:00:00",19.8389439,75.244448,NO2,8,12,10
India,Maharashtra,Badlapur,"Katrap, Badlapur - MPCB","23-08-2026 11:00:00",19.16485,73.23409,NO2,15,17,16
India,Maharashtra,Beed,"Bir, Beed - MPCB","23-08-2026 11:00:00",18.988474,75.753873,PM2.5,NA,NA,NA
India,Maharashtra,Belapur,"CBD Belapur, Belapur - MPCB","23-08-2026 11:00:00",19.0243902,73.0406721,NO2,17,32,23
India,Maharashtra,Belapur,"CBD Belapur, Belapur - MPCB","23-08-2026 11:00:00",19.0243902,73.0406721,NH3,0,3,2
India,Maharashtra,Bhiwandi,"Gokul Nagar, Bhiwandi - MPCB","23-08-2026 11:00:00",19.309073,73.057223,PM2.5,25,41,31
India,Maharashtra,Bhiwandi,"Gokul Nagar, Bhiwandi - MPCB","23-08-2026 11:00:00",19.309073,73.057223,PM10,24,42,30
India,Maharashtra,Chandrapur,"MIDC Khutala, Chandrapur - MPCB","23-08-2026 11:00:00",19.9775302,79.2337086,SO2,1,5,3
India,Maharashtra,Chandrapur,"MIDC Khutala, Chandrapur - MPCB","23-08-2026 11:00:00",19.9775302,79.2337086,CO,37,43,40
India,Maharashtra,Chandrapur,"MIDC Khutala, Chandrapur - MPCB","23-08-2026 11:00:00",19.9775302,79.2337086,OZONE,4,7,5
India,Maharashtra,Chandrapur,"Chauhan Colony, Chandrapur - MPCB","23-08-2026 11:00:00",19.9629,79.298714,NH3,1,2,1
India,Maharashtra,Dombivli,"Kalu Nagar, Dombivli - MPCB","23-08-2026 11:00:00",19.2268427,73.0788456,NO2,4,21,12
India,Maharashtra,Latur,"Sawe Wadi, Latur - MPCB","23-08-2026 11:00:00",18.39963,76.57452,OZONE,8,24,12
India,Maharashtra,Mahad,"Kamble Tarf Birwadi, Mahad - MPCB","23-08-2026 11:00:00",18.1023399,73.4783687,NH3,3,3,3
India,Maharashtra,Mira-Bhayandar,"Bhayandar West, Mira-Bhayandar - MPCB","23-08-2026 11:00:00",19.296481,72.840923,PM10,22,35,26
India,Maharashtra,Mira-Bhayandar,"Bhayandar West, Mira-Bhayandar - MPCB","23-08-2026 11:00:00",19.296481,72.840923,NO2,3,7,4
India,Maharashtra,Mumbai,"Sion, Mumbai - MPCB","23-08-2026 11:00:00",19.047,72.8746,SO2,5,5,5
India,Maharashtra,Mumbai,"Siddharth Nagar-Worli, Mumbai - IITM","23-08-2026 11:00:00",19.000083,72.813993,NO2,9,14,11
India,Maharashtra,Mumbai,"Bandra Kurla Complex, Mumbai - MPCB","23-08-2026 11:00:00",19.065931,72.862131,PM2.5,15,69,35
India,Maharashtra,Mumbai,"Bandra Kurla Complex, Mumbai - MPCB","23-08-2026 11:00:00",19.065931,72.862131,SO2,3,4,3
India,Maharashtra,Mumbai,"Byculla, Mumbai - BMC","23-08-2026 11:00:00",18.9767,72.838,PM2.5,12,23,18
India,Maharashtra,Mumbai,"Byculla, Mumbai - BMC","23-08-2026 11:00:00",18.9767,72.838,NO2,5,17,11
India,Maharashtra,Mumbai,"Mindspace-Malad West, Mumbai - MPCB","23-08-2026 11:00:00",19.1878657,72.8304069,SO2,4,4,4
India,Maharashtra,Mumbai,"Bandra Kurla Complex, Mumbai - IITM","23-08-2026 11:00:00",19.053536,72.84643,PM2.5,13,43,22
India,Maharashtra,Mumbai,"Kurla, Mumbai - MPCB","23-08-2026 11:00:00",19.0863,72.8888,CO,25,25,25
India,Maharashtra,Mumbai,"Ghatkopar, Mumbai - BMC","23-08-2026 11:00:00",19.083694,72.920967,OZONE,2,8,5
India,Maharashtra,Mumbai,"Deonar, Mumbai - IITM","23-08-2026 11:00:00",19.04946,72.923,PM2.5,9,31,20
India,Maharashtra,Mumbai,"Deonar, Mumbai - IITM","23-08-2026 11:00:00",19.04946,72.923,NO2,4,16,8
India,Maharashtra,Nagpur,"Mahal, Nagpur - MPCB","23-08-2026 11:00:00",21.14472,79.107595,PM2.5,32,53,42
India,Maharashtra,Nagpur,"Ram Nagar, Nagpur - MPCB","23-08-2026 11:00:00",21.143383,79.048912,CO,7,9,8
India,Maharashtra,Nagpur,"Opp GPO Civil Lines, Nagpur - MPCB","23-08-2026 11:00:00",21.152875,79.0517531,NH3,5,5,5
India,Maharashtra,Nagpur,"Ambazari, Nagpur - MPCB","23-08-2026 11:00:00",21.121801,79.04952,PM2.5,16,59,40
India,Maharashtra,Nagpur,"Ambazari, Nagpur - MPCB","23-08-2026 11:00:00",21.121801,79.04952,NO2,5,17,11
India,Maharashtra,Nagpur,"Ambazari, Nagpur - MPCB","23-08-2026 11:00:00",21.121801,79.04952,CO,10,23,15
India,Maharashtra,"Navi Mumbai","Tondare-Taloja, Navi Mumbai - MPCB","23-08-2026 11:00:00",19.063,73.1209,NH3,6,11,9
India,Maharashtra,"Navi Mumbai","Tondare-Taloja, Navi Mumbai - MPCB","23-08-2026 11:00:00",19.063,73.1209,SO2,0,7,3
India,Maharashtra,"Navi Mumbai","Sanpada, Navi Mumbai - MPCB","23-08-2026 11:00:00",19.0575752,73.0151367,OZONE,1,9,4
India,Maharashtra,"Navi Mumbai","Sector-2E Kalamboli, Navi Mumbai - MPCB","23-08-2026 11:00:00",19.02579,73.10297,NO2,0,10,6
India,Maharashtra,"Navi Mumbai","Sector-2E Kalamboli, Navi Mumbai - MPCB","23-08-2026 11:00:00",19.02579,73.10297,OZONE,5,15,9
India,Maharashtra,"Navi Mumbai","Mahape, Navi Mumbai - MPCB","23-08-2026 11:00:00",19.1135051,73.008978,PM2.5,5,32,15
India,Maharashtra,"Navi Mumbai","Mahape, Navi Mumbai - MPCB","23-08-2026 11:00:00",19.1135051,73.008978,PM10,32,74,51
India,Maharashtra,"Navi Mumbai","Mahape, Navi Mumbai - MPCB","23-08-2026 11:00:00",19.1135051,73.008978,SO2,14,15,15
India,Maharashtra,"Navi Mumbai","Nerul, Navi Mumbai - MPCB","23-08-2026 11:00:00",19.008751,73.01662,SO2,NA,NA,NA
India,Maharashtra,"Navi Mumbai","Nerul, Navi Mumbai - MPCB","23-08-2026 11:00:00",19.008751,73.01662,OZONE,NA,NA,NA
India,Maharashtra,Parbhani,"Masoom Colony, Parbhani - MPCB","23-08-2026 11:00:00",19.265594,76.761463,SO2,NA,NA,NA
India,Maharashtra,Nashik,"Gangapur Road, Nashik - MPCB","23-08-2026 11:00:00",20.0073285,73.7762427,PM10,11,42,23
India,Maharashtra,Nashik,"Gangapur Road, Nashik - MPCB","23-08-2026 11:00:00",20.0073285,73.7762427,NO2,5,5,5
India,Maharashtra,Nashik,"Pandav Nagari, Nashik - MPCB","23-08-2026 11:00:00",19.9591346,73.7788008,SO2,4,8,6
India,Maharashtra,Nashik,"Hirawadi, Nashik - MPCB","23-08-2026 11:00:00",20.021503,73.813844,NH3,3,3,3
India,Maharashtra,Nashik,"Hirawadi, Nashik - MPCB","23-08-2026 11:00:00",20.021503,73.813844,OZONE,10,16,13
India,Maharashtra,Nashik,"MIDC Ambad, Nashik - MPCB","23-08-2026 11:00:00",19.95022,73.73148,NH3,2,4,3
India,Maharashtra,"Navi Mumbai","Kopripada-Vashi, Navi Mumbai - MPCB","23-08-2026 11:00:00",19.090337,73.014232,PM10,31,51,40
India,Maharashtra,"Navi Mumbai","Kopripada-Vashi, Navi Mumbai - MPCB","23-08-2026 11:00:00",19.090337,73.014232,NO2,6,11,8
India,Maharashtra,Hingoli,"Ashta Vinayak Nagar, Hingoli - MPCB","23-08-2026 11:00:00",19.710842,77.151824,PM2.5,15,45,25
India,Maharashtra,Hingoli,"Ashta Vinayak Nagar, Hingoli - MPCB","23-08-2026 11:00:00",19.710842,77.151824,PM10,27,331,65
India,Maharashtra,Jalgaon,"Prabhat Colony, Jalgaon - MPCB","23-08-2026 11:00:00",21.001264,75.565602,NH3,1,2,1
India,Maharashtra,Kalyan,"Khadakpada, Kalyan - MPCB","23-08-2026 11:00:00",19.25292,73.142019,PM2.5,21,138,57
India,Maharashtra,Kalyan,"Khadakpada, Kalyan - MPCB","23-08-2026 11:00:00",19.25292,73.142019,SO2,NA,NA,NA
India,Maharashtra,Kalyan,"Pimpleshwar Mandir, Kalyan - MPCB","23-08-2026 11:00:00",19.192056,72.9585188,PM10,43,69,49
India,Maharashtra,Latur,"Sawe Wadi, Latur - MPCB","23-08-2026 11:00:00",18.39963,76.57452,PM10,21,58,40
India,"Madhya Pradesh",Sagar,"Civil Lines, Sagar - MPPCB","23-08-2026 11:00:00",23.838586,78.759431,PM2.5,2,61,27
India,Maharashtra,Ahmednagar,"Tarakpur, Ahmednagar - MPCB","23-08-2026 11:00:00",19.10122,74.73339,NO2,5,14,8
India,Maharashtra,Ambernath,"Chinchpada, Ambernath - MPCB","23-08-2026 11:00:00",19.215784,73.199781,PM2.5,20,60,33
India,Maharashtra,Ambernath,"Chinchpada, Ambernath - MPCB","23-08-2026 11:00:00",19.215784,73.199781,NO2,16,50,31
India,Odisha,Bhubaneswar,"Lingraj Mandir, Bhubaneswar - OSPCB","23-08-2026 11:00:00",20.24079,85.836784,NO2,9,23,15
India,Odisha,Bhubaneswar,"Lingraj Mandir, Bhubaneswar - OSPCB","23-08-2026 11:00:00",20.24079,85.836784,NH3,1,8,3
India,Odisha,Brajrajnagar,"GM Office, Brajrajnagar - OSPCB","23-08-2026 11:00:00",21.8004996,83.8396977,PM2.5,9,36,22
India,Odisha,Brajrajnagar,"GM Office, Brajrajnagar - OSPCB","23-08-2026 11:00:00",21.8004996,83.8396977,NH3,4,4,4
India,Odisha,Byasanagar,"Ferro Chrome Colony, Byasanagar - OSPCB","23-08-2026 11:00:00",20.94185,86.1151,PM2.5,17,130,48
India,Odisha,Byasanagar,"Ferro Chrome Colony, Byasanagar - OSPCB","23-08-2026 11:00:00",20.94185,86.1151,OZONE,4,19,9
India,Odisha,Cuttack,"CDA Area, Cuttack - OSPCB","23-08-2026 11:00:00",20.48891,85.84768,PM10,36,115,74
India,Odisha,Cuttack,"CDA Area, Cuttack - OSPCB","23-08-2026 11:00:00",20.48891,85.84768,CO,9,167,109
India,Odisha,Keonjhar,"Jagamohanpur, Keonjhar - OSPCB","23-08-2026 11:00:00",21.6439,85.599355,PM2.5,21,54,31
India,Odisha,Keonjhar,"Jagamohanpur, Keonjhar - OSPCB","23-08-2026 11:00:00",21.6439,85.599355,NO2,13,19,16
India,Odisha,Rairangpur,"Divisional Forest Office, Rairangpur - OSPCB","23-08-2026 11:00:00",22.265816,86.174829,PM2.5,13,60,25
India,Odisha,Rairangpur,"Divisional Forest Office, Rairangpur - OSPCB","23-08-2026 11:00:00",22.265816,86.174829,OZONE,0,4,2
India,Odisha,Rourkela,"Sector-2, Rourkela - OSPCB","23-08-2026 11:00:00",22.245,84.88111111,OZONE,NA,NA,NA
India,Odisha,Rourkela,"Raghunathpali, Rourkela - OSPCB","23-08-2026 11:00:00",22.220833,84.809444,PM10,53,95,71
India,Odisha,Rourkela,"Raghunathpali, Rourkela - OSPCB","23-08-2026 11:00:00",22.220833,84.809444,SO2,1,6,3
India,Odisha,Rourkela,"Fertilizer Township, Rourkela - OSPCB","23-08-2026 11:00:00",22.18972222,84.86277778,PM10,NA,NA,NA
India,Odisha,Rourkela,"Fertilizer Township, Rourkela - OSPCB","23-08-2026 11:00:00",22.18972222,84.86277778,NO2,11,11,11
India,Odisha,Rourkela,"Fertilizer Township, Rourkela - OSPCB","23-08-2026 11:00:00",22.18972222,84.86277778,SO2,10,12,11
India,Odisha,Rourkela,"Fertilizer Township, Rourkela - OSPCB","23-08-2026 11:00:00",22.18972222,84.86277778,OZONE,NA,NA,NA
India,Odisha,Talcher,"Talcher Coalfields,Talcher - OSPCB","23-08-2026 11:00:00",20.9360711,85.1707021,NO2,59,109,84
India,Odisha,Tensa,"Barsua Iron Ore Mines, Tensa - OSPCB","23-08-2026 11:00:00",21.869985,85.167016,OZONE,NA,NA,NA
India,Maharashtra,Ulhasnagar,"Vithalwadi, Ulhasnagar - MPCB","23-08-2026 11:00:00",19.2307571,73.155192,CO,18,23,21
India,Maharashtra,Ulhasnagar,"Vithalwadi, Ulhasnagar - MPCB","23-08-2026 11:00:00",19.2307571,73.155192,OZONE,9,12,10
India,Meghalaya,Byrnihat,"15th Mile-Nongthymmai, Byrnihat -Meghalaya PCB","23-08-2026 11:00:00",26.079047,91.875185,NO2,1,2,2
India,Meghalaya,Byrnihat,"15th Mile-Nongthymmai, Byrnihat -Meghalaya PCB","23-08-2026 11:00:00",26.079047,91.875185,NH3,0,8,1
India,Meghalaya,Byrnihat,"15th Mile-Nongthymmai, Byrnihat -Meghalaya PCB","23-08-2026 11:00:00",26.079047,91.875185,OZONE,NA,NA,NA
India,Meghalaya,Shillong,"JN Stadium, Shillong - Meghalaya PCB","23-08-2026 11:00:00",25.5803419,91.8942571,PM2.5,1,57,15
India,Meghalaya,Shillong,"JN Stadium, Shillong - Meghalaya PCB","23-08-2026 11:00:00",25.5803419,91.8942571,SO2,26,31,29
India,Meghalaya,Shillong,"JN Stadium, Shillong - Meghalaya PCB","23-08-2026 11:00:00",25.5803419,91.8942571,CO,11,31,19
India,Mizoram,Aizawl,"Sikulpuikawn, Aizawl - Mizoram PCB","23-08-2026 11:00:00",23.7176342,92.7192841,PM2.5,NA,NA,NA
India,Mizoram,Aizawl,"Sikulpuikawn, Aizawl - Mizoram PCB","23-08-2026 11:00:00",23.7176342,92.7192841,PM10,NA,NA,NA
India,Maharashtra,Pimpri-Chinchwad,"Gavalinagar, Pimpri Chinchwad - MPCB","23-08-2026 11:00:00",18.63673,73.82487,PM10,19,38,27
India,Maharashtra,Pimpri-Chinchwad,"Gavalinagar, Pimpri Chinchwad - MPCB","23-08-2026 11:00:00",18.63673,73.82487,NO2,8,28,16
India,Maharashtra,Pimpri-Chinchwad,"Bhosari, Pune - IITM","23-08-2026 11:00:00",18.640051,73.848956,PM2.5,13,47,29
India,Maharashtra,Pimpri-Chinchwad,"Transport Nagar-Nigdi, Pune - IITM","23-08-2026 11:00:00",18.664282,73.763966,CO,30,54,42
India,Maharashtra,Pimpri-Chinchwad,"Park Street Wakad, Pimpri Chinchwad - MPCB","23-08-2026 11:00:00",18.59051,73.77946,PM2.5,18,27,22
India,Maharashtra,Pimpri-Chinchwad,"Park Street Wakad, Pimpri Chinchwad - MPCB","23-08-2026 11:00:00",18.59051,73.77946,SO2,NA,NA,NA
India,Maharashtra,Pune,"Katraj Dairy, Pune - MPCB","23-08-2026 11:00:00",18.45445,73.854155,NH3,1,1,1
India,Maharashtra,Pune,"Hadapsar, Pune - IITM","23-08-2026 11:00:00",18.501793,73.927532,NO2,1,12,6
India,Mizoram,Aizawl,"Sikulpuikawn, Aizawl - Mizoram PCB","23-08-2026 11:00:00",23.7176342,92.7192841,NO2,1,1,1
India,Mizoram,Aizawl,"Sikulpuikawn, Aizawl - Mizoram PCB","23-08-2026 11:00:00",23.7176342,92.7192841,NH3,0,0,0
India,Nagaland,Kohima,"PWD Junction, Kohima - NPCB","23-08-2026 11:00:00",25.6635413,94.0989878,PM2.5,1,52,19
India,Nagaland,Kohima,"PWD Junction, Kohima - NPCB","23-08-2026 11:00:00",25.6635413,94.0989878,PM10,6,41,16
India,Nagaland,Kohima,"PWD Junction, Kohima - NPCB","23-08-2026 11:00:00",25.6635413,94.0989878,SO2,53,79,65
India,Nagaland,Kohima,"PWD Junction, Kohima - NPCB","23-08-2026 11:00:00",25.6635413,94.0989878,OZONE,NA,NA,NA
India,Odisha,Angul,"Hakimapada, Angul - OSPCB","23-08-2026 11:00:00",20.832874,85.104082,NH3,2,10,5
India,Odisha,Barbil,"Forest Office, Barbil - OSPCB","23-08-2026 11:00:00",22.1166054,85.3945546,CO,22,38,32
India,Maharashtra,Sangli,"Vijay Nagar, Sangli - MPCB","23-08-2026 11:00:00",16.5038,74.3623,SO2,3,8,5
India,Maharashtra,Sangli,"Vijay Nagar, Sangli - MPCB","23-08-2026 11:00:00",16.5038,74.3623,CO,11,26,17
India,Maharashtra,Sangli,"Vijay Nagar, Sangli - MPCB","23-08-2026 11:00:00",16.5038,74.3623,OZONE,5,20,10
India,Maharashtra,Satara,"Koyana Nagar, Satara - MPCB","23-08-2026 11:00:00",17.696651,74.003387,PM2.5,20,63,35
India,Maharashtra,Satara,"Koyana Nagar, Satara - MPCB","23-08-2026 11:00:00",17.696651,74.003387,NO2,1,17,7
India,Maharashtra,Solapur,"Dnyaneshwar Nagar, Solapur - MPCB","23-08-2026 11:00:00",17.6336264,75.9132495,PM2.5,13,52,26
India,Maharashtra,Solapur,"Dnyaneshwar Nagar, Solapur - MPCB","23-08-2026 11:00:00",17.6336264,75.9132495,PM10,14,56,31
India,Maharashtra,Solapur,"Ratandeep Housing Society, Solapur - MPCB","23-08-2026 11:00:00",17.65439,75.90649,SO2,0,2,0
India,Punjab,Bathinda,"Hardev Nagar, Bathinda - PPCB","23-08-2026 11:00:00",30.233011,74.907758,NO2,27,31,30
India,Punjab,Jalandhar,"Civil Line, Jalandhar - PPCB","23-08-2026 11:00:00",31.321907,75.578914,NO2,41,45,43
India,Punjab,Khanna,"Kalal Majra, Khanna - PPCB","23-08-2026 11:00:00",30.736056,76.209694,NO2,17,26,20
India,Punjab,Ludhiana,"Punjab Agricultural University, Ludhiana - PPCB","23-08-2026 11:00:00",30.9028,75.8086,PM2.5,46,185,86
India,Punjab,"Mandi Gobindgarh","RIMT University, Mandi Gobindgarh - PPCB","23-08-2026 11:00:00",30.649961,76.331442,PM2.5,60,211,88
India,Punjab,"Mandi Gobindgarh","RIMT University, Mandi Gobindgarh - PPCB","23-08-2026 11:00:00",30.649961,76.331442,SO2,NA,NA,NA
India,Maharashtra,Pune,"Hadapsar, Pune - IITM","23-08-2026 11:00:00",18.501793,73.927532,CO,19,72,35
India,Maharashtra,Pune,"Revenue Colony-Shivajinagar, Pune - IITM","23-08-2026 11:00:00",18.530085,73.849598,NO2,14,30,20
India,Maharashtra,Pune,"Revenue Colony-Shivajinagar, Pune - IITM","23-08-2026 11:00:00",18.530085,73.849598,OZONE,3,5,4
India,Maharashtra,Pune,"Mhada Colony, Pune - IITM","23-08-2026 11:00:00",18.57304,73.927715,NO2,14,45,26
India,Maharashtra,Pune,"Dhankawadi, Pune - IITM","23-08-2026 11:00:00",18.459883,73.852193,PM2.5,14,31,22
India,Maharashtra,Pune,"Dhankawadi, Pune - IITM","23-08-2026 11:00:00",18.459883,73.852193,NO2,11,20,15
India,Maharashtra,Pune,"Panchawati_Pashan, Pune - IITM","23-08-2026 11:00:00",18.536457,73.805454,PM10,31,56,42
India,Maharashtra,Thane,"Kasarvadavali, Thane - MPCB","23-08-2026 11:00:00",19.26777,72.97182,NH3,0,1,0
India,Punjab,Patiala,"Model Town, Patiala - PPCB","23-08-2026 11:00:00",30.349388,76.366642,CO,34,49,40
India,Punjab,Patiala,"Model Town, Patiala - PPCB","23-08-2026 11:00:00",30.349388,76.366642,OZONE,15,25,18
India,Punjab,Rupnagar,"Ratanpura, Rupnagar - Ambuja Cements","23-08-2026 11:00:00",31.0325454,76.5623046,PM10,8,99,29
India,Rajasthan,Alwar,"Moti Doongri, Alwar - RSPCB","23-08-2026 11:00:00",27.554793,76.611536,NH3,7,10,8
India,Rajasthan,Alwar,"Moti Doongri, Alwar - RSPCB","23-08-2026 11:00:00",27.554793,76.611536,SO2,17,61,38
India,Rajasthan,Alwar,"Vigyan Nagar, Alwar - RSPCB","23-08-2026 11:00:00",27.598796,76.63861,NH3,8,37,15
India,Rajasthan,Alwar,"Vigyan Nagar, Alwar - RSPCB","23-08-2026 11:00:00",27.598796,76.63861,OZONE,3,25,10
India,Rajasthan,Banswara,"Rati Talai, Banswara - RSPCB","23-08-2026 11:00:00",23.55519,74.44001,PM2.5,23,33,28
India,Rajasthan,Banswara,"Rati Talai, Banswara - RSPCB","23-08-2026 11:00:00",23.55519,74.44001,PM10,52,105,74
India,Rajasthan,Baran,"Bamboliya, Baran - RSPCB","23-08-2026 11:00:00",25.106006,76.469948,CO,36,41,39
India,Rajasthan,Barmer,"Railway Colony, Barmer - RSPCB","23-08-2026 11:00:00",25.747299,71.393989,PM2.5,10,32,20
India,Rajasthan,Barmer,"Railway Colony, Barmer - RSPCB","23-08-2026 11:00:00",25.747299,71.393989,SO2,2,3,2
India,Rajasthan,Barmer,"Railway Colony, Barmer - RSPCB","23-08-2026 11:00:00",25.747299,71.393989,CO,10,22,16
India,Rajasthan,Barmer,"Railway Colony, Barmer - RSPCB","23-08-2026 11:00:00",25.747299,71.393989,OZONE,17,25,21
India,Rajasthan,Bharatpur,"Krishna Nagar, Bharatpur - RSPCB","23-08-2026 11:00:00",27.215415,77.50873,PM2.5,10,37,21
India,Rajasthan,Bharatpur,"Krishna Nagar, Bharatpur - RSPCB","23-08-2026 11:00:00",27.215415,77.50873,PM10,11,56,29
India,Rajasthan,Bharatpur,"Krishna Nagar, Bharatpur - RSPCB","23-08-2026 11:00:00",27.215415,77.50873,SO2,2,5,4
India,Rajasthan,Bharatpur,"Krishna Nagar, Bharatpur - RSPCB","23-08-2026 11:00:00",27.215415,77.50873,CO,13,21,17
India,Rajasthan,Bhilwara,"Pratap Nagar, Bhilwara - RSPCB","23-08-2026 11:00:00",25.339605,74.618883,PM10,64,127,85
India,Rajasthan,Bhiwadi,"RIICO Ind. Area III, Bhiwadi - RSPCB","23-08-2026 11:00:00",28.194909,76.862296,PM10,63,132,107
India,Rajasthan,Hanumangarh,"Housing Board, Hanumangarh - RSPCB","23-08-2026 11:00:00",29.61075,74.283608,NO2,2,8,5
India,Rajasthan,Hanumangarh,"Housing Board, Hanumangarh - RSPCB","23-08-2026 11:00:00",29.61075,74.283608,SO2,3,5,4
India,Rajasthan,Hanumangarh,"Housing Board, Hanumangarh - RSPCB","23-08-2026 11:00:00",29.61075,74.283608,OZONE,18,27,25
India,Rajasthan,Jaipur,"Mansarovar Sector-12, Jaipur - RSPCB","23-08-2026 11:00:00",26.843698,75.766894,PM2.5,22,50,31
India,Rajasthan,Jaipur,"Mansarovar Sector-12, Jaipur - RSPCB","23-08-2026 11:00:00",26.843698,75.766894,PM10,71,119,93
India,Rajasthan,Jaipur,"Mansarovar Sector-12, Jaipur - RSPCB","23-08-2026 11:00:00",26.843698,75.766894,CO,14,31,19
India,Rajasthan,Jaipur,"Sector-2 Murlipura, Jaipur - RSPCB","23-08-2026 11:00:00",26.960669,75.771817,CO,30,61,44
India,Rajasthan,Jaipur,"Sector-2 Murlipura, Jaipur - RSPCB","23-08-2026 11:00:00",26.960669,75.771817,OZONE,4,14,8
India,Rajasthan,Jaipur,"Police Commissionerate, Jaipur - RSPCB","23-08-2026 11:00:00",26.9164092,75.7994901,NH3,16,25,21
India,Rajasthan,Jaipur,"Police Commissionerate, Jaipur - RSPCB","23-08-2026 11:00:00",26.9164092,75.7994901,OZONE,30,35,32
India,Rajasthan,Jaipur,"RIICO Sitapura, Jaipur - RSPCB","23-08-2026 11:00:00",26.786682,75.827928,SO2,NA,NA,NA
India,Rajasthan,Jaipur,"Shastri Nagar, Jaipur - RSPCB","23-08-2026 11:00:00",26.9502929,75.730943,NH3,5,13,9
India,Rajasthan,Jaipur,"Adarsh Nagar, Jaipur - RSPCB","23-08-2026 11:00:00",26.902909,75.836858,PM2.5,33,69,50
India,Rajasthan,Jaipur,"Adarsh Nagar, Jaipur - RSPCB","23-08-2026 11:00:00",26.902909,75.836858,CO,21,35,28
India,Rajasthan,Jaisalmer,"Sadar Bazar, Jaisalmer - RSPCB","23-08-2026 11:00:00",26.912329,70.909168,PM10,28,115,77
India,Rajasthan,Jaisalmer,"Sadar Bazar, Jaisalmer - RSPCB","23-08-2026 11:00:00",26.912329,70.909168,NO2,14,27,19
India,Rajasthan,Jaisalmer,"Sadar Bazar, Jaisalmer - RSPCB","23-08-2026 11:00:00",26.912329,70.909168,SO2,1,9,3
India,Rajasthan,Jaisalmer,"Sadar Bazar, Jaisalmer - RSPCB","23-08-2026 11:00:00",26.912329,70.909168,CO,6,24,18
India,Rajasthan,Jalore,"Mudtra Sili, Jalore - RSPCB","23-08-2026 11:00:00",25.344694,72.626208,PM2.5,20,42,28
India,Telangana,Hyderabad,"Kompally Municipal Office, Hyderabad - TSPCB","23-08-2026 11:00:00",17.544899,78.486949,PM10,52,65,57
India,Telangana,Hyderabad,"Somajiguda, Hyderabad - TSPCB","23-08-2026 11:00:00",17.417094,78.457437,NO2,18,20,18
India,Telangana,Hyderabad,"IDA Pashamylaram, Hyderabad - TSPCB","23-08-2026 11:00:00",17.5316895,78.218939,NH3,1,1,1
India,Telangana,Hyderabad,"IDA Pashamylaram, Hyderabad - TSPCB","23-08-2026 11:00:00",17.5316895,78.218939,SO2,9,12,10
India,Telangana,Hyderabad,"Sanathnagar, Hyderabad - TSPCB","23-08-2026 11:00:00",17.4559458,78.4332152,NO2,22,101,54
India,Telangana,Hyderabad,"ICRISAT Patancheru, Hyderabad - TSPCB","23-08-2026 11:00:00",17.5184,78.278777,NO2,9,22,14
India,Telangana,Hyderabad,"ICRISAT Patancheru, Hyderabad - TSPCB","23-08-2026 11:00:00",17.5184,78.278777,NH3,2,2,2
India,Telangana,Hyderabad,"ICRISAT Patancheru, Hyderabad - TSPCB","23-08-2026 11:00:00",17.5184,78.278777,SO2,6,17,11
India,Tripura,Agartala,"Bardowali, Agartala - Tripura SPCB","23-08-2026 11:00:00",23.8175497,91.2726974,SO2,12,14,13
India,"Uttar Pradesh",Agra,"Rohta, Agra - UPPCB","23-08-2026 11:00:00",27.106972,78.000111,NH3,6,6,6
India,"Uttar Pradesh",Agra,"Rohta, Agra - UPPCB","23-08-2026 11:00:00",27.106972,78.000111,CO,20,34,26
India,"Uttar Pradesh",Agra,"Sector-3B Avas Vikas Colony, Agra - UPPCB","23-08-2026 11:00:00",27.19412,77.96237,NH3,7,8,7
India,"Uttar Pradesh",Agra,"Sector-3B Avas Vikas Colony, Agra - UPPCB","23-08-2026 11:00:00",27.19412,77.96237,CO,5,9,6
India,"Uttar Pradesh",Agra,"Shahjahan Garden, Agra - UPPCB","23-08-2026 11:00:00",27.169338,78.03582,PM10,30,52,38
India,"Uttar Pradesh",Agra,"Shahjahan Garden, Agra - UPPCB","23-08-2026 11:00:00",27.169338,78.03582,NH3,1,1,1
India,"Uttar Pradesh",Agra,"Shahjahan Garden, Agra - UPPCB","23-08-2026 11:00:00",27.169338,78.03582,CO,22,22,22
India,"Uttar Pradesh",Agra,"Manoharpur, Agra - UPPCB","23-08-2026 11:00:00",27.23711,78.01936,NO2,31,34,31
India,"Tamil Nadu",Chennai,"Arumbakkam, Chennai - TNPCB","23-08-2026 11:00:00",13.0664,80.2112,OZONE,NA,NA,NA
India,"Tamil Nadu",Chennai,"Perungudi, Chennai - TNPCB","23-08-2026 11:00:00",12.9533,80.2357,OZONE,1,2,1
India,"Tamil Nadu",Chennai,"Manali Village, Chennai - TNPCB","23-08-2026 11:00:00",13.1662,80.2584,PM10,29,68,45
India,"Tamil Nadu",Chennai,"Manali, Chennai - CPCB","23-08-2026 11:00:00",13.164544,80.26285,NO2,10,12,11
India,"Tamil Nadu",Chennai,"Royapuram, Chennai - TNPCB","23-08-2026 11:00:00",13.1036,80.2909,PM10,49,77,62
India,"Tamil Nadu",Chennai,"Royapuram, Chennai - TNPCB","23-08-2026 11:00:00",13.1036,80.2909,NO2,12,15,13
India,"Tamil Nadu",Chennai,"Royapuram, Chennai - TNPCB","23-08-2026 11:00:00",13.1036,80.2909,SO2,4,9,6
India,"Tamil Nadu",Chennai,"Royapuram, Chennai - TNPCB","23-08-2026 11:00:00",13.1036,80.2909,OZONE,17,33,26
India,"Tamil Nadu",Coimbatore,"SIDCO Kurichi, Coimbatore - TNPCB","23-08-2026 11:00:00",10.942451,76.978996,PM2.5,NA,NA,NA
India,"Tamil Nadu",Cuddalore,"Kudikadu, Cuddalore - TNPCB","23-08-2026 11:00:00",11.6829898,79.7532099,PM2.5,10,64,25
India,"Tamil Nadu",Cuddalore,"Semmandalam, Cuddalore - TNPCB","23-08-2026 11:00:00",11.7637683,79.7499835,PM2.5,NA,NA,NA
India,"Tamil Nadu",Gummidipoondi,"Anthoni Pillai Nagar, Gummidipoondi - TNPCB","23-08-2026 11:00:00",13.4127,80.1081,CO,NA,NA,NA
India,"Tamil Nadu",Thoothukudi,"Meelavittan, Thoothukudi - TNPCB","23-08-2026 11:00:00",8.816428,78.099039,PM2.5,NA,NA,NA
India,"Tamil Nadu",Thoothukudi,"Meelavittan, Thoothukudi - TNPCB","23-08-2026 11:00:00",8.816428,78.099039,PM10,58,71,64
India,Rajasthan,Pratapgarh,"Pragati Nagar, Pratapgarh - RSPCB","23-08-2026 11:00:00",24.041198,74.780702,OZONE,19,36,26
India,Rajasthan,Rajsamand,"Dhoinda, Rajsamand - RSPCB","23-08-2026 11:00:00",25.03636,73.883502,OZONE,26,44,35
India,Rajasthan,"Sawai Madhopur","Sahu Nagar, Sawai Madhopur - RSPCB","23-08-2026 11:00:00",26.031443,76.359327,PM10,63,106,85
India,Rajasthan,"Sawai Madhopur","Sahu Nagar, Sawai Madhopur - RSPCB","23-08-2026 11:00:00",26.031443,76.359327,OZONE,10,57,33
India,Rajasthan,Sirohi,"Vedhaynath Colony, Sirohi - RSPCB","23-08-2026 11:00:00",24.885261,72.857549,PM10,58,93,74
India,Rajasthan,Sirohi,"Vedhaynath Colony, Sirohi - RSPCB","23-08-2026 11:00:00",24.885261,72.857549,NO2,5,13,7
India,Rajasthan,Sirohi,"Vedhaynath Colony, Sirohi - RSPCB","23-08-2026 11:00:00",24.885261,72.857549,NH3,2,3,2
India,Rajasthan,Udaipur,"Ashok Nagar, Udaipur - RSPCB","23-08-2026 11:00:00",24.5886166,73.6321397,NH3,2,4,3
India,Sikkim,Gangtok,"Zero Point GICI, Gangtok - SSPCB","23-08-2026 11:00:00",27.33853,88.614099,CO,1,2,2
India,"Tamil Nadu",Chennai,"Kodungaiyur, Chennai - TNPCB","23-08-2026 11:00:00",13.1278,80.2642,PM2.5,20,58,36
India,"Tamil Nadu",Chennai,"Kodungaiyur, Chennai - TNPCB","23-08-2026 11:00:00",13.1278,80.2642,PM10,42,89,58
India,"Tamil Nadu",Chennai,"Kodungaiyur, Chennai - TNPCB","23-08-2026 11:00:00",13.1278,80.2642,OZONE,28,34,30
India,Rajasthan,Bhiwadi,"RIICO Ind. Area III, Bhiwadi - RSPCB","23-08-2026 11:00:00",28.194909,76.862296,NH3,7,19,13
India,Rajasthan,Bhiwadi,"RIICO Ind. Area III, Bhiwadi - RSPCB","23-08-2026 11:00:00",28.194909,76.862296,CO,55,104,72
India,Rajasthan,Bikaner,"MM Ground, Bikaner - RSPCB","23-08-2026 11:00:00",28.018792,73.292658,PM10,39,174,92
India,Rajasthan,Chittorgarh,"Shastri Nagar, Chittorgarh - RSPCB","23-08-2026 11:00:00",24.892047,74.623527,PM10,81,110,97
India,Rajasthan,Churu,"Subash Chowk, Churu - RSPCB","23-08-2026 11:00:00",28.296139,74.961696,NO2,3,8,4
India,Rajasthan,Dausa,"Khatikan Mohalla, Dausa - RSPCB","23-08-2026 11:00:00",26.895552,76.334753,NH3,4,9,7
India,Rajasthan,Dholpur,"Raja Ganj, Dholpur - RSPCB","23-08-2026 11:00:00",26.699557,77.898881,PM10,19,54,31
India,Rajasthan,Dholpur,"Raja Ganj, Dholpur - RSPCB","23-08-2026 11:00:00",26.699557,77.898881,OZONE,17,22,19
India,Rajasthan,Dungarpur,"Bhoiwada, Dungarpur - RSPCB","23-08-2026 11:00:00",23.837789,73.714926,CO,10,22,15
India,Rajasthan,Hanumangarh,"Housing Board, Hanumangarh - RSPCB","23-08-2026 11:00:00",29.61075,74.283608,PM2.5,21,55,32
India,"Tamil Nadu",Thoothukudi,"Meelavittan, Thoothukudi - TNPCB","23-08-2026 11:00:00",8.816428,78.099039,OZONE,27,33,30
India,Telangana,Hyderabad,"Zoo Park, Hyderabad - TSPCB","23-08-2026 11:00:00",17.349694,78.451437,PM2.5,3,164,30
India,Telangana,Hyderabad,"Zoo Park, Hyderabad - TSPCB","23-08-2026 11:00:00",17.349694,78.451437,CO,21,68,44
India,Telangana,Hyderabad,"Central University, Hyderabad - TSPCB","23-08-2026 11:00:00",17.460103,78.334361,NH3,0,6,3
India,Telangana,Hyderabad,"IITH Kandi, Hyderabad - TSPCB","23-08-2026 11:00:00",17.585705,78.126199,PM2.5,34,61,44
India,Telangana,Hyderabad,"New Malakpet, Hyderabad - TSPCB","23-08-2026 11:00:00",17.37206,78.50864,NH3,2,4,3
India,Telangana,Hyderabad,"Kokapet, Hyderabad - TSPCB","23-08-2026 11:00:00",17.393559,78.339194,PM2.5,27,48,37
India,Telangana,Hyderabad,"ECIL Kapra, Hyderabad - TSPCB","23-08-2026 11:00:00",17.470431,78.566959,SO2,5,13,8
India,Telangana,Hyderabad,"ECIL Kapra, Hyderabad - TSPCB","23-08-2026 11:00:00",17.470431,78.566959,OZONE,15,16,15
India,Telangana,Hyderabad,"Ramachandrapuram, Hyderabad - TSPCB","23-08-2026 11:00:00",17.528544,78.286195,NO2,10,17,12
India,Rajasthan,Karauli,"Satyawati Vihar, Karauli - RSPCB","23-08-2026 11:00:00",26.506177,77.025989,PM2.5,13,38,25
India,Rajasthan,Karauli,"Satyawati Vihar, Karauli - RSPCB","23-08-2026 11:00:00",26.506177,77.025989,NO2,38,50,44
India,Rajasthan,Karauli,"Satyawati Vihar, Karauli - RSPCB","23-08-2026 11:00:00",26.506177,77.025989,OZONE,9,11,10
India,Rajasthan,Kota,"Nayapura, Kota - RSPCB","23-08-2026 11:00:00",25.196024,75.855668,PM2.5,27,83,51
India,Rajasthan,Kota,"Nayapura, Kota - RSPCB","23-08-2026 11:00:00",25.196024,75.855668,NO2,8,26,16
India,Rajasthan,Kota,"Dhanmandi, Kota - RSPCB","23-08-2026 11:00:00",25.16409,75.858137,PM2.5,12,43,27
India,Rajasthan,Kota,"Dhanmandi, Kota - RSPCB","23-08-2026 11:00:00",25.16409,75.858137,NH3,1,3,3
India,Rajasthan,Kota,"Dhanmandi, Kota - RSPCB","23-08-2026 11:00:00",25.16409,75.858137,OZONE,18,47,31
India,Rajasthan,Kota,"Shrinath Puram, Kota - RSPCB","23-08-2026 11:00:00",25.14389,75.821256,CO,31,51,44
India,Rajasthan,Pali,"Indira Colony Vistar, Pali - RSPCB","23-08-2026 11:00:00",25.771061,73.340227,PM2.5,66,179,107
India,Rajasthan,Jalore,"Mudtra Sili, Jalore - RSPCB","23-08-2026 11:00:00",25.344694,72.626208,SO2,3,3,3
India,Rajasthan,Jhunjhunu,"Indra Nagar, Jhunjhunu - RSPCB","23-08-2026 11:00:00",28.108988,75.386577,NO2,4,14,8
India,Rajasthan,Jodhpur,"Samrat Ashok Udhyan, Jodhpur - RSPCB","23-08-2026 11:00:00",26.253384,72.976571,PM2.5,13,52,23
India,Rajasthan,Jodhpur,"Samrat Ashok Udhyan, Jodhpur - RSPCB","23-08-2026 11:00:00",26.253384,72.976571,OZONE,8,22,13
India,"Uttar Pradesh",Prayagraj,"Nagar Nigam, Prayagraj - UPPCB","23-08-2026 11:00:00",25.44919916,81.82735986,CO,18,20,19
India,"Uttar Pradesh",Prayagraj,"Jhunsi, Prayagraj - UPPCB","23-08-2026 11:00:00",25.425602,81.917152,PM2.5,8,23,15
India,"Uttar Pradesh",Prayagraj,"Jhunsi, Prayagraj - UPPCB","23-08-2026 11:00:00",25.425602,81.917152,NO2,6,6,6
India,"Uttar Pradesh",Prayagraj,"Jhunsi, Prayagraj - UPPCB","23-08-2026 11:00:00",25.425602,81.917152,NH3,6,6,6
India,"Uttar Pradesh",Raebareli," Indira Nagar, Raebareli - NTPC Unchahar","23-08-2026 11:00:00",26.207781,81.245571,NH3,NA,NA,NA
India,"Uttar Pradesh",Raebareli," Indira Nagar, Raebareli - NTPC Unchahar","23-08-2026 11:00:00",26.207781,81.245571,SO2,NA,NA,NA
India,"Uttar Pradesh",Raebareli," Indira Nagar, Raebareli - NTPC Unchahar","23-08-2026 11:00:00",26.207781,81.245571,OZONE,1,7,3
India,"Uttar Pradesh",Shamli,"New Tehsil, Shamli - UPPCB","23-08-2026 11:00:00",29.4603683,77.3410291,PM10,27,69,43
India,"Uttar Pradesh",Shamli,"New Tehsil, Shamli - UPPCB","23-08-2026 11:00:00",29.4603683,77.3410291,NO2,9,10,10
India,"Uttar Pradesh",Shamli,"New Tehsil, Shamli - UPPCB","23-08-2026 11:00:00",29.4603683,77.3410291,CO,13,121,73
India,"Uttar Pradesh",Varanasi,"Bhelupur, Varanasi - UPPCB","23-08-2026 11:00:00",25.301778,82.996789,NH3,1,1,1
India,"Uttar Pradesh",Varanasi,"Maldahiya, Varanasi - UPPCB","23-08-2026 11:00:00",25.32393,82.99687,SO2,NA,NA,NA
India,"Uttar Pradesh",Varanasi,"Maldahiya, Varanasi - UPPCB","23-08-2026 11:00:00",25.32393,82.99687,CO,14,16,15
India,"Uttar Pradesh",Varanasi,"IESD Banaras Hindu University, Varanasi - UPPCB","23-08-2026 11:00:00",25.262326,82.995408,PM2.5,NA,NA,NA
India,"Uttar Pradesh",Varanasi,"IESD Banaras Hindu University, Varanasi - UPPCB","23-08-2026 11:00:00",25.262326,82.995408,NO2,2,2,2
India,"Uttar Pradesh",Varanasi,"IESD Banaras Hindu University, Varanasi - UPPCB","23-08-2026 11:00:00",25.262326,82.995408,OZONE,24,26,25
India,"Uttar Pradesh",Vrindavan,"Omex Eternity, Vrindavan - UPPCB","23-08-2026 11:00:00",27.571409,77.655757,SO2,26,31,27
India,"Uttar Pradesh",Vrindavan,"Omex Eternity, Vrindavan - UPPCB","23-08-2026 11:00:00",27.571409,77.655757,OZONE,16,16,16
India,"Uttar Pradesh",Agra,"Sanjay Palace, Agra - UPPCB","23-08-2026 11:00:00",27.19865833,78.00598056,PM2.5,37,95,59
India,"Uttar Pradesh",Agra,"Sanjay Palace, Agra - UPPCB","23-08-2026 11:00:00",27.19865833,78.00598056,NO2,5,11,8
India,"Uttar Pradesh",Agra,"Shastripuram, Agra - UPPCB","23-08-2026 11:00:00",27.19862,77.92066,NO2,53,54,54
India,"Uttar Pradesh",Agra,"Shastripuram, Agra - UPPCB","23-08-2026 11:00:00",27.19862,77.92066,OZONE,2,4,3
India,"Uttar Pradesh",Baghpat,"Sardar Patel Inter College, Baghpat - UPPCB","23-08-2026 11:00:00",28.964949,77.278761,OZONE,25,47,36
India,"Uttar Pradesh",Baraut,"Nagar Palika Parishad, Baraut - UPPCB","23-08-2026 11:00:00",29.09956,77.26235,NH3,NA,NA,NA
India,"Uttar Pradesh",Baraut,"Nagar Palika Parishad, Baraut - UPPCB","23-08-2026 11:00:00",29.09956,77.26235,OZONE,2,4,3
India,"Uttar Pradesh",Bareilly,"Rajendra Nagar, Bareilly - UPPCB","23-08-2026 11:00:00",28.38910936,79.42963708,PM2.5,23,57,42
India,"Uttar Pradesh",Bareilly,"Rajendra Nagar, Bareilly - UPPCB","23-08-2026 11:00:00",28.38910936,79.42963708,NH3,1,2,1
India,"Uttar Pradesh",Bareilly,"Rajendra Nagar, Bareilly - UPPCB","23-08-2026 11:00:00",28.38910936,79.42963708,SO2,3,5,4
India,"Uttar Pradesh",Bareilly,"Rajendra Nagar, Bareilly - UPPCB","23-08-2026 11:00:00",28.38910936,79.42963708,OZONE,NA,NA,NA
India,"Uttar Pradesh",Bareilly,"Civil Lines, Bareilly - UPPCB","23-08-2026 11:00:00",28.359581,79.414455,NH3,0,0,0
India,"Uttar Pradesh",Bareilly,"Civil Lines, Bareilly - UPPCB","23-08-2026 11:00:00",28.359581,79.414455,CO,28,33,30
India,"Uttar Pradesh",Bulandshahr,"Yamunapuram, Bulandshahr - UPPCB","23-08-2026 11:00:00",28.406963,77.849831,PM2.5,12,46,30
India,"Uttar Pradesh",Firozabad,"Vibhab Nagar, Firozabad - UPPCB","23-08-2026 11:00:00",27.1594,78.3953,PM2.5,NA,NA,NA
India,"Uttar Pradesh",Firozabad,"Vibhab Nagar, Firozabad - UPPCB","23-08-2026 11:00:00",27.1594,78.3953,PM10,NA,NA,NA
India,"Uttar Pradesh",Gorakhpur,"Madan Mohan Malaviya University of Technology, Gorakhpur - UPPCB","23-08-2026 11:00:00",26.730136,83.433859,NO2,11,12,11
India,"Uttar Pradesh","Greater Noida","Knowledge Park - V, Greater Noida - UPPCB","23-08-2026 11:00:00",28.557054,77.453663,NH3,4,6,5
India,"Uttar Pradesh","Greater Noida","Knowledge Park - V, Greater Noida - UPPCB","23-08-2026 11:00:00",28.557054,77.453663,SO2,2,16,9
India,"Uttar Pradesh","Greater Noida","Knowledge Park - III, Greater Noida - UPPCB","23-08-2026 11:00:00",28.47272,77.482,PM2.5,22,72,44
India,"Uttar Pradesh","Greater Noida","Knowledge Park - III, Greater Noida - UPPCB","23-08-2026 11:00:00",28.47272,77.482,NO2,11,59,23
India,"Uttar Pradesh","Greater Noida","Knowledge Park - III, Greater Noida - UPPCB","23-08-2026 11:00:00",28.47272,77.482,SO2,6,10,8
India,"Uttar Pradesh",Jhansi,"Shivaji Nagar, Jhansi - UPPCB","23-08-2026 11:00:00",25.4547,78.6039,OZONE,6,6,6
India,"Uttar Pradesh",Kanpur,"FTI Kidwai Nagar, Kanpur - UPPCB","23-08-2026 11:00:00",26.428282,80.327067,NH3,3,3,3
India,"Uttar Pradesh",Kanpur,"FTI Kidwai Nagar, Kanpur - UPPCB","23-08-2026 11:00:00",26.428282,80.327067,SO2,NA,NA,NA
India,"Uttar Pradesh",Kanpur,"FTI Kidwai Nagar, Kanpur - UPPCB","23-08-2026 11:00:00",26.428282,80.327067,OZONE,11,11,11
India,"Uttar Pradesh",Kanpur,"NSI Kalyanpur, Kanpur - UPPCB","23-08-2026 11:00:00",26.509954,80.249612,CO,14,16,15
India,"Uttar Pradesh",Kanpur,"Nehru Nagar, Kanpur - UPPCB","23-08-2026 11:00:00",26.4703136,80.3229863,NH3,NA,NA,NA
India,"Uttar Pradesh",Khora,"Prashant Garden, Khora - UPPCB","23-08-2026 11:00:00",28.61119,77.34206,OZONE,5,8,6
India,"Uttar Pradesh",Khurja,"Kalindi Kunj, Khurja - UPPCB","23-08-2026 11:00:00",28.2348927,77.8683002,PM2.5,19,49,32
India,"West Bengal",Durgapur,"Mahishkapur Road_B-Zone, Durgapur - WBPCB","23-08-2026 11:00:00",23.567923,87.306843,SO2,1,2,2
India,"West Bengal",Durgapur,"Womens College_City Center, Durgapur - WBPCB","23-08-2026 11:00:00",23.549395,87.300496,NO2,14,28,23
India,"West Bengal",Haldia,"Priyambada Housing Estate, Haldia - WBPCB","23-08-2026 11:00:00",22.06047,88.109737,SO2,12,13,12
India,"West Bengal",Howrah,"Belur Math, Howrah - WBPCB","23-08-2026 11:00:00",22.629801,88.352017,PM2.5,11,62,31
India,"West Bengal",Howrah,"Dasnagar, Howrah - WBPCB","23-08-2026 11:00:00",22.6025571,88.3105664,PM2.5,6,165,50
India,"West Bengal",Howrah,"Botanical Garden, Howrah - WBPCB","23-08-2026 11:00:00",22.554954,88.292568,NO2,0,120,21
India,"West Bengal",Howrah,"Botanical Garden, Howrah - WBPCB","23-08-2026 11:00:00",22.554954,88.292568,SO2,2,3,2
India,"West Bengal",Howrah,"Padmapukur, Howrah - WBPCB","23-08-2026 11:00:00",22.5687319,88.2797276,NO2,12,14,12
India,"West Bengal",Howrah,"Padmapukur, Howrah - WBPCB","23-08-2026 11:00:00",22.5687319,88.2797276,CO,50,56,53
India,"West Bengal",Kolkata,"Bidhannagar, Kolkata - WBPCB","23-08-2026 11:00:00",22.58157048,88.41002457,PM10,27,61,42
India,"West Bengal",Kolkata,"Bidhannagar, Kolkata - WBPCB","23-08-2026 11:00:00",22.58157048,88.41002457,NH3,5,6,5
India,"West Bengal",Kolkata,"Bidhannagar, Kolkata - WBPCB","23-08-2026 11:00:00",22.58157048,88.41002457,CO,39,40,40
India,"West Bengal",Kolkata,"Jadavpur, Kolkata - WBPCB","23-08-2026 11:00:00",22.49929,88.36917,NO2,21,108,37
India,"Uttar Pradesh",Meerut,"MIET College, Meerut - UPPCB","23-08-2026 11:00:00",28.972677,77.641018,NH3,3,11,6
India,"Uttar Pradesh",Meerut,"Pallavpuram Phase 2, Meerut - UPPCB","23-08-2026 11:00:00",29.06351,77.709723,NO2,17,60,27
India,"Uttar Pradesh",Meerut,"Ganga Nagar, Meerut - UPPCB","23-08-2026 11:00:00",28.999264,77.7590354,PM10,15,81,40
India,"Uttar Pradesh",Meerut,"Ganga Nagar, Meerut - UPPCB","23-08-2026 11:00:00",28.999264,77.7590354,CO,36,42,40
India,"Uttar Pradesh",Modinagar,"SRM University, Modinagar - UPPCB","23-08-2026 11:00:00",28.798171,77.540243,PM10,31,92,65
India,"Uttar Pradesh",Modinagar,"SRM University, Modinagar - UPPCB","23-08-2026 11:00:00",28.798171,77.540243,NO2,14,36,17
India,"Uttar Pradesh",Moradabad,"Eco Herbal Park, Moradabad - UPPCB","23-08-2026 11:00:00",28.840739,78.697531,PM10,5,59,33
India,"Uttar Pradesh",Moradabad,"Eco Herbal Park, Moradabad - UPPCB","23-08-2026 11:00:00",28.840739,78.697531,CO,14,23,19
India,"Uttar Pradesh",Moradabad,"Eco Herbal Park, Moradabad - UPPCB","23-08-2026 11:00:00",28.840739,78.697531,OZONE,14,34,21
India,"Uttar Pradesh",Moradabad,"Buddhi Vihar, Moradabad - UPPCB","23-08-2026 11:00:00",28.83526,78.7446,PM10,17,63,40
India,"Uttar Pradesh",Moradabad,"Jigar Colony, Moradabad - UPPCB","23-08-2026 11:00:00",28.856664,78.772638,SO2,40,60,50
India,"Uttar Pradesh",Moradabad,"Transport Nagar, Moradabad - UPPCB","23-08-2026 11:00:00",28.802625,78.753728,NO2,24,24,24
India,"Uttar Pradesh",Moradabad,"Transport Nagar, Moradabad - UPPCB","23-08-2026 11:00:00",28.802625,78.753728,SO2,20,22,20
India,"Uttar Pradesh",Moradabad,"Kashiram Nagar, Moradabad - UPPCB","23-08-2026 11:00:00",28.849399,78.742362,PM10,NA,NA,NA
India,"Uttar Pradesh",Moradabad,"Employment Office, Moradabad - UPPCB","23-08-2026 11:00:00",28.88528,78.7388,PM10,26,55,41
India,"Uttar Pradesh",Moradabad,"Employment Office, Moradabad - UPPCB","23-08-2026 11:00:00",28.88528,78.7388,NO2,23,24,23
India,"Uttar Pradesh",Muzaffarnagar,"New Mandi, Muzaffarnagar - UPPCB","23-08-2026 11:00:00",29.4723508,77.7194031,PM10,34,107,66
India,"Uttar Pradesh",Muzaffarnagar,"New Mandi, Muzaffarnagar - UPPCB","23-08-2026 11:00:00",29.4723508,77.7194031,SO2,3,56,17
India,"Uttar Pradesh",Noida,"Sector - 125, Noida - UPPCB","23-08-2026 11:00:00",28.5447608,77.3231257,PM2.5,8,364,87
India,"Uttar Pradesh",Noida,"Sector - 62, Noida - IITM","23-08-2026 11:00:00",28.6245479,77.3577104,PM10,11,133,83
India,"Uttar Pradesh",Noida,"Sector - 62, Noida - IITM","23-08-2026 11:00:00",28.6245479,77.3577104,NO2,18,59,29
India,"Uttar Pradesh",Noida,"Sector - 62, Noida - IITM","23-08-2026 11:00:00",28.6245479,77.3577104,NH3,NA,NA,NA
India,"Uttar Pradesh",Noida,"Sector - 62, Noida - IITM","23-08-2026 11:00:00",28.6245479,77.3577104,SO2,NA,NA,NA
India,"Uttar Pradesh",Noida,"Sector-1, Noida - UPPCB","23-08-2026 11:00:00",28.5898,77.3101,CO,15,59,34
India,"Uttar Pradesh",Noida,"Sector-116, Noida - UPPCB","23-08-2026 11:00:00",28.56923,77.393848,PM10,55,194,123
India,"Uttar Pradesh",Prayagraj,"Motilal Nehru NIT, Prayagraj - UPPCB","23-08-2026 11:00:00",25.494,81.863,CO,4,5,4
India,Uttarakhand,Dehradun,"Doon University, Dehradun - UKPCB","23-08-2026 11:00:00",30.269444,78.044167,NO2,1,4,2
India,Uttarakhand,Dehradun,"Doon University, Dehradun - UKPCB","23-08-2026 11:00:00",30.269444,78.044167,SO2,1,1,1
India,Uttarakhand,Kashipur,"Govt. Girls Inter College, Kashipur - UKPCB","23-08-2026 11:00:00",29.2124114,78.9611753,PM2.5,NA,NA,NA
India,Uttarakhand,Rishikesh,"Shivaji Nagar, Rishikesh - UKPCB","23-08-2026 11:00:00",30.075911,78.2859547,NO2,7,7,7
India,Uttarakhand,Rishikesh,"Shivaji Nagar, Rishikesh - UKPCB","23-08-2026 11:00:00",30.075911,78.2859547,CO,37,37,37
India,Uttarakhand,Rishikesh,"Shivaji Nagar, Rishikesh - UKPCB","23-08-2026 11:00:00",30.075911,78.2859547,OZONE,15,15,15
India,"West Bengal",Asansol,"Evelyn Lodge, Asansol - WBPCB","23-08-2026 11:00:00",23.697936,86.944395,NO2,9,27,16
India,"West Bengal",Asansol,"Mahabir Colliery, Asansol - WBPCB","23-08-2026 11:00:00",23.618183,87.105718,SO2,2,4,3
India,"West Bengal",Asansol,"Mahabir Colliery, Asansol - WBPCB","23-08-2026 11:00:00",23.618183,87.105718,OZONE,6,11,8
India,"West Bengal",Asansol,"Trivenidevi Bhalotia College, Asansol - WBPCB","23-08-2026 11:00:00",23.616515,87.119133,PM2.5,11,67,39
India,"West Bengal",Asansol,"Trivenidevi Bhalotia College, Asansol - WBPCB","23-08-2026 11:00:00",23.616515,87.119133,NH3,6,7,6
India,"West Bengal",Barrackpore,"SVSPA Campus, Barrackpore - WBPCB","23-08-2026 11:00:00",22.7605581,88.3617589,PM10,29,58,43
India,"Uttar Pradesh",Ghaziabad,"Ved Vihar-Loni, Ghaziabad - UPPCB","23-08-2026 11:00:00",28.739153,77.273668,NH3,3,19,9
India,"Uttar Pradesh",Ghaziabad,"Ved Vihar-Loni, Ghaziabad - UPPCB","23-08-2026 11:00:00",28.739153,77.273668,OZONE,5,10,8
India,"Uttar Pradesh",Ghaziabad,"Sanjay Nagar, Ghaziabad - UPPCB","23-08-2026 11:00:00",28.685382,77.453839,SO2,10,12,11
India,"Uttar Pradesh",Ghaziabad,"Indirapuram, Ghaziabad - UPPCB","23-08-2026 11:00:00",28.646233,77.358075,PM10,29,102,56
India,"Uttar Pradesh",Ghaziabad,"Indirapuram, Ghaziabad - UPPCB","23-08-2026 11:00:00",28.646233,77.358075,NO2,15,45,23
India,"Uttar Pradesh",Ghaziabad,"Vasundhara, Ghaziabad - UPPCB","23-08-2026 11:00:00",28.6603346,77.3572563,SO2,NA,NA,NA
India,"Uttar Pradesh",Ghaziabad,"Wave City, Ghaziabad - UPPCB","23-08-2026 11:00:00",28.646675,77.489049,OZONE,5,10,7
India,"Uttar Pradesh",Ghaziabad,"Loni, Ghaziabad - UPPCB","23-08-2026 11:00:00",28.757294,77.278792,NO2,11,99,39
India,"Uttar Pradesh",Ghaziabad,"Loni, Ghaziabad - UPPCB","23-08-2026 11:00:00",28.757294,77.278792,SO2,13,18,15
India,"Uttar Pradesh",Ghaziabad,"Govindpuram, Ghaziabad - UPPCB","23-08-2026 11:00:00",28.694528,77.494705,NO2,41,51,44
India,"Uttar Pradesh",Ghaziabad,"Govindpuram, Ghaziabad - UPPCB","23-08-2026 11:00:00",28.694528,77.494705,OZONE,7,27,20
India,"Uttar Pradesh",Lucknow,"Talkatora District Industries Center, Lucknow - CPCB","23-08-2026 11:00:00",26.83399722,80.8917361,NO2,16,23,18
India,"Uttar Pradesh",Lucknow,"Talkatora District Industries Center, Lucknow - CPCB","23-08-2026 11:00:00",26.83399722,80.8917361,SO2,0,83,17
India,"Uttar Pradesh",Lucknow,"Gomti Nagar, Lucknow - UPPCB","23-08-2026 11:00:00",26.86812,81.005119,SO2,11,12,11
India,"Uttar Pradesh",Lucknow,"B R Ambedkar University, Lucknow - UPPCB","23-08-2026 11:00:00",26.766433,80.927299,PM10,9,488,111
India,"Uttar Pradesh",Lucknow,"B R Ambedkar University, Lucknow - UPPCB","23-08-2026 11:00:00",26.766433,80.927299,NO2,11,12,12
India,"Uttar Pradesh",Lucknow,"B R Ambedkar University, Lucknow - UPPCB","23-08-2026 11:00:00",26.766433,80.927299,SO2,34,43,37
India,"Uttar Pradesh",Lucknow,"Lalbagh, Lucknow - CPCB","23-08-2026 11:00:00",26.8458805,80.9365541,SO2,2,8,5
India,"Uttar Pradesh",Lucknow,"Kukrail Picnic Spot-1, Lucknow - UPPCB","23-08-2026 11:00:00",26.90723,80.98579,NH3,6,6,6
India,"West Bengal",Kolkata,"Rabindra Bharati University, Kolkata - WBPCB","23-08-2026 11:00:00",22.627847,88.380669,PM10,17,68,36
India,"West Bengal",Kolkata,"Fort William, Kolkata - WBPCB","23-08-2026 11:00:00",22.55664,88.342674,PM2.5,11,63,34
India,"West Bengal",Kolkata,"Fort William, Kolkata - WBPCB","23-08-2026 11:00:00",22.55664,88.342674,NH3,7,8,7
India,"West Bengal",Kolkata,"Fort William, Kolkata - WBPCB","23-08-2026 11:00:00",22.55664,88.342674,CO,13,14,14
India,"West Bengal",Kolkata,"Ballygunge, Kolkata - WBPCB","23-08-2026 11:00:00",22.5367507,88.3638022,PM2.5,18,53,29
India,"West Bengal",Kolkata,"Victoria, Kolkata - WBPCB","23-08-2026 11:00:00",22.5448082,88.3403691,OZONE,32,36,34
India,"West Bengal",Siliguri,"Ward-32 Bapupara, Siliguri - WBPCB","23-08-2026 11:00:00",26.6879226,88.4152495,PM10,26,56,35
India,"West Bengal",Siliguri,"Ward-32 Bapupara, Siliguri - WBPCB","23-08-2026 11:00:00",26.6879226,88.4152495,NH3,15,16,15
India,Bihar,Patna,"DRM Office Danapur, Patna - BSPCB","23-08-2026 11:00:00",25.586562,85.043586,PM10,55,95,73
India,Bihar,Patna,"DRM Office Danapur, Patna - BSPCB","23-08-2026 11:00:00",25.586562,85.043586,NH3,8,9,9
India,Bihar,Patna,"DRM Office Danapur, Patna - BSPCB","23-08-2026 11:00:00",25.586562,85.043586,CO,41,47,45
India,Bihar,Patna,"Samanpura, Patna - BSPCB","23-08-2026 11:00:00",25.596727,85.085624,NO2,23,24,24
India,Bihar,Patna,"Samanpura, Patna - BSPCB","23-08-2026 11:00:00",25.596727,85.085624,NH3,4,5,5
India,Bihar,Patna,"Samanpura, Patna - BSPCB","23-08-2026 11:00:00",25.596727,85.085624,SO2,3,3,3
India,Bihar,Purnia,"Mariam Nagar, Purnia - BSPCB","23-08-2026 11:00:00",25.366336,87.117468,NH3,4,4,4
India,Bihar,Saharsa,"Police Line, Saharsa - BSPCB","23-08-2026 11:00:00",25.892357,86.590325,PM10,15,105,54
India,Bihar,Saharsa,"Police Line, Saharsa - BSPCB","23-08-2026 11:00:00",25.892357,86.590325,NH3,4,4,4
India,Bihar,Saharsa,"Police Line, Saharsa - BSPCB","23-08-2026 11:00:00",25.892357,86.590325,CO,40,42,41
India,Bihar,Samastipur,"DM Office_Kasipur, Samastipur - BSPCB","23-08-2026 11:00:00",25.859655,85.77944,PM10,20,131,66
India,Bihar,Samastipur,"DM Office_Kasipur, Samastipur - BSPCB","23-08-2026 11:00:00",25.859655,85.77944,CO,NA,NA,NA
India,Bihar,Sasaram,"Dada Peer, Sasaram - BSPCB","23-08-2026 11:00:00",24.952822,84.002396,PM10,11,304,72
India,Bihar,Sasaram,"Dada Peer, Sasaram - BSPCB","23-08-2026 11:00:00",24.952822,84.002396,SO2,3,5,4
India,Bihar,Sasaram,"Dada Peer, Sasaram - BSPCB","23-08-2026 11:00:00",24.952822,84.002396,OZONE,17,18,17
India,Bihar,Siwan,"Chitragupta Nagar, Siwan - BSPCB","23-08-2026 11:00:00",26.2271665,84.3570427,PM10,59,123,101
India,Bihar,Begusarai,"Lohiyanagar, Begusarai - BSPCB","23-08-2026 11:00:00",25.42742023,86.13886079,CO,14,19,16
India,Bihar,Bettiah,"Kamalnath Nagar, Bettiah - BSPCB","23-08-2026 11:00:00",26.80365,84.51954,PM2.5,22,25,23
India,Bihar,Bettiah,"Kamalnath Nagar, Bettiah - BSPCB","23-08-2026 11:00:00",26.80365,84.51954,SO2,10,22,17
India,Bihar,Bhagalpur,"Mayaganj, Bhagalpur - BSPCB","23-08-2026 11:00:00",25.265194,87.012947,NO2,15,18,17
India,Bihar,Bhagalpur,"Mayaganj, Bhagalpur - BSPCB","23-08-2026 11:00:00",25.265194,87.012947,OZONE,7,25,17
India,Bihar,Bhagalpur,"DM Office_Kachari Chowk, Bhagalpur - BSPCB","23-08-2026 11:00:00",25.251013,86.989001,NO2,10,13,12
India,Bihar,Chhapra,"Darshan Nagar, Chhapra - BSPCB","23-08-2026 11:00:00",25.7808257,84.7446768,OZONE,1,4,2
India,Bihar,Gaya,"Collectorate, Gaya - BSPCB","23-08-2026 11:00:00",24.7955,84.9994,PM2.5,30,223,97
India,Bihar,Gaya,"Collectorate, Gaya - BSPCB","23-08-2026 11:00:00",24.7955,84.9994,PM10,NA,NA,NA
India,Bihar,Gaya,"Collectorate, Gaya - BSPCB","23-08-2026 11:00:00",24.7955,84.9994,NH3,NA,NA,NA
India,Bihar,Gaya,"SFTI Kusdihra, Gaya - BSPCB","23-08-2026 11:00:00",24.762518,84.982348,PM2.5,25,59,38
India,Bihar,Gaya,"SFTI Kusdihra, Gaya - BSPCB","23-08-2026 11:00:00",24.762518,84.982348,NO2,26,34,30
India,Bihar,Gaya,"SFTI Kusdihra, Gaya - BSPCB","23-08-2026 11:00:00",24.762518,84.982348,SO2,9,10,10
India,Bihar,Gaya,"Kareemganj, Gaya - BSPCB","23-08-2026 11:00:00",24.792403,84.992416,PM10,NA,NA,NA
India,"Andhra Pradesh",Vijayawada,"Rajiv Gandhi Park, Vijayawada - APPCB","23-08-2026 11:00:00",16.509717,80.612222,NO2,27,37,32
India,"Andhra Pradesh",Vijayawada,"Rajiv Gandhi Park, Vijayawada - APPCB","23-08-2026 11:00:00",16.509717,80.612222,OZONE,21,21,21
India,"Arunachal Pradesh",Naharlagun,"Naharlagun, Naharlagun - APSPCB","23-08-2026 11:00:00",27.103358,93.679645,NH3,1,1,1
India,"Arunachal Pradesh",Naharlagun,"Naharlagun, Naharlagun - APSPCB","23-08-2026 11:00:00",27.103358,93.679645,SO2,11,12,11
India,Assam,Byrnihat,"Central Academy for SFS, Byrnihat - PCBA","23-08-2026 11:00:00",26.071318,91.87488,NO2,7,11,8
India,Assam,Byrnihat,"Central Academy for SFS, Byrnihat - PCBA","23-08-2026 11:00:00",26.071318,91.87488,NH3,4,5,4
India,Assam,Byrnihat,"Central Academy for SFS, Byrnihat - PCBA","23-08-2026 11:00:00",26.071318,91.87488,SO2,17,33,30
India,Assam,Byrnihat,"Central Academy for SFS, Byrnihat - PCBA","23-08-2026 11:00:00",26.071318,91.87488,CO,21,61,50
India,Assam,Guwahati,"Pan Bazaar, Guwahati - PCBA","23-08-2026 11:00:00",26.1875,91.744194,OZONE,10,13,11
India,Assam,Guwahati,"LGBI Airport, Guwahati - PCBA","23-08-2026 11:00:00",26.10887,91.589544,PM10,22,59,46
India,Assam,Guwahati,"Railway Colony, Guwahati - PCBA","23-08-2026 11:00:00",26.181742,91.78063,NO2,3,4,3
India,Assam,Guwahati,"Railway Colony, Guwahati - PCBA","23-08-2026 11:00:00",26.181742,91.78063,NH3,1,1,1
India,Assam,Guwahati,"Railway Colony, Guwahati - PCBA","23-08-2026 11:00:00",26.181742,91.78063,SO2,1,61,6
India,Chhattisgarh,Chhal,"Nawapara SECL Colony, Chhal - CECB","23-08-2026 11:00:00",22.118125,83.140608,PM10,61,127,82
India,Chhattisgarh,Chhal,"Nawapara SECL Colony, Chhal - CECB","23-08-2026 11:00:00",22.118125,83.140608,NO2,5,13,7
India,Chhattisgarh,Chhal,"Nawapara SECL Colony, Chhal - CECB","23-08-2026 11:00:00",22.118125,83.140608,NH3,NA,NA,NA
India,Chhattisgarh,Chhal,"Nawapara SECL Colony, Chhal - CECB","23-08-2026 11:00:00",22.118125,83.140608,OZONE,28,44,35
India,Chhattisgarh,Korba,"Rampur, Korba - CECB","23-08-2026 11:00:00",22.368195,82.746431,NO2,3,17,7
India,Chhattisgarh,Korba,"Rampur, Korba - CECB","23-08-2026 11:00:00",22.368195,82.746431,SO2,5,27,13
India,Chhattisgarh,Kunjemura,"OP Jindal School, Kunjemura - CECB","23-08-2026 11:00:00",22.12665,83.483212,PM2.5,17,33,25
India,Chhattisgarh,Kunjemura,"OP Jindal School, Kunjemura - CECB","23-08-2026 11:00:00",22.12665,83.483212,SO2,7,15,13
India,Chhattisgarh,Raipur,"Krishak Nagar, Raipur - CECB","23-08-2026 11:00:00",21.237755,81.705301,NH3,2,2,2
India,Chhattisgarh,Raipur,"Siltara Phase-II, Raipur - CECB","23-08-2026 11:00:00",21.371751,81.664929,PM10,43,147,84
India,Chhattisgarh,Raipur,"Siltara Phase-II, Raipur - CECB","23-08-2026 11:00:00",21.371751,81.664929,CO,17,17,17
India,Chhattisgarh,Raipur,"AIIMS, Raipur - CECB","23-08-2026 11:00:00",21.258815,81.578979,NO2,0,3,1
India,"Andhra Pradesh",Nellore,"Ambedkar Nagar, Nellore - APPCB ","23-08-2026 11:00:00",14.438164,79.966814,NO2,25,28,26
India,"Andhra Pradesh",Nellore,"Ambedkar Nagar, Nellore - APPCB ","23-08-2026 11:00:00",14.438164,79.966814,OZONE,22,25,23
India,"Andhra Pradesh",Rajamahendravaram,"Anand Kala Kshetram, Rajamahendravaram - APPCB","23-08-2026 11:00:00",16.9872867,81.7363176,PM10,28,92,50
India,"Andhra Pradesh",Srikakulam,"Chinna Bharatham Colony, Srikakulam - APPCB","23-08-2026 11:00:00",18.292191,83.897173,NH3,2,3,2
India,"Andhra Pradesh",Tirupati,"Vaikuntapuram, Tirupati - APPCB","23-08-2026 11:00:00",13.615387,79.40923,PM10,77,84,80
India,"Andhra Pradesh",Tirupati,"Vaikuntapuram, Tirupati - APPCB","23-08-2026 11:00:00",13.615387,79.40923,NO2,24,27,25
India,"Andhra Pradesh",Vijayawada,"Rajiv Nagar, Vijayawada - APPCB","23-08-2026 11:00:00",16.554731,80.64911,CO,18,25,20
India,"Andhra Pradesh",Vijayawada,"HB Colony, Vijayawada - APPCB","23-08-2026 11:00:00",16.536107,80.594233,PM10,52,116,66
India,"Andhra Pradesh",Vijayawada,"HB Colony, Vijayawada - APPCB","23-08-2026 11:00:00",16.536107,80.594233,NO2,13,22,15
India,"Andhra Pradesh",Vijayawada,"HB Colony, Vijayawada - APPCB","23-08-2026 11:00:00",16.536107,80.594233,OZONE,16,16,16
India,Bihar,Siwan,"Chitragupta Nagar, Siwan - BSPCB","23-08-2026 11:00:00",26.2271665,84.3570427,OZONE,10,10,10
India,Chandigarh,Chandigarh,"Sector-25, Chandigarh - CPCC","23-08-2026 11:00:00",30.751462,76.762879,NH3,13,17,15
India,Chandigarh,Chandigarh,"Sector-25, Chandigarh - CPCC","23-08-2026 11:00:00",30.751462,76.762879,CO,11,20,16
India,Chhattisgarh,Bhilai,"32Bungalows, Bhilai - CECB","23-08-2026 11:00:00",21.194815,81.31477,CO,12,14,13
India,Chhattisgarh,Bhilai,"Hathkhoj, Bhilai - CECB","23-08-2026 11:00:00",21.224231,81.40835,PM2.5,24,45,36
India,Chhattisgarh,Bhilai,"Hathkhoj, Bhilai - CECB","23-08-2026 11:00:00",21.224231,81.40835,NH3,8,15,11
India,Chhattisgarh,Bhilai,"Hathkhoj, Bhilai - CECB","23-08-2026 11:00:00",21.224231,81.40835,CO,11,27,18
India,Chhattisgarh,Bhilai,"Hathkhoj, Bhilai - CECB","23-08-2026 11:00:00",21.224231,81.40835,OZONE,4,11,6
India,Chhattisgarh,Bilaspur,"Mangala, Bilaspur - NTPC","23-08-2026 11:00:00",22.08815,82.13737,PM10,15,66,37
India,Chhattisgarh,Bilaspur,"Mangala, Bilaspur - NTPC","23-08-2026 11:00:00",22.08815,82.13737,SO2,10,14,12
India,Chhattisgarh,Bilaspur,"Mangala, Bilaspur - NTPC","23-08-2026 11:00:00",22.08815,82.13737,OZONE,NA,NA,NA
India,Assam,Nagaon,"Christianpatty, Nagaon - PCBA","23-08-2026 11:00:00",26.349082,92.68449,PM2.5,41,73,58
India,Assam,Nalbari,"Bata Chowk, Nalbari - PCBA","23-08-2026 11:00:00",26.446912,91.439057,SO2,8,8,8
India,Assam,Silchar,"Tarapur, Silchar - PCBA","23-08-2026 11:00:00",24.82827,92.79525,PM10,38,50,47
India,Assam,Silchar,"Tarapur, Silchar - PCBA","23-08-2026 11:00:00",24.82827,92.79525,SO2,4,8,7
India,Assam,Sivasagar,"Girls College, Sivasagar - PCBA","23-08-2026 11:00:00",26.987634,94.636574,PM10,27,35,31
India,Assam,Sivasagar,"Girls College, Sivasagar - PCBA","23-08-2026 11:00:00",26.987634,94.636574,NH3,1,6,3
India,Bihar,Araria,"Kharahiya Basti, Araria - BSPCB","23-08-2026 11:00:00",26.146529,87.454184,SO2,12,40,21
India,Bihar,Hajipur,"Industrial Area, Hajipur - BSPCB","23-08-2026 11:00:00",25.697189,85.2459,SO2,5,8,7
India,Bihar,Hajipur,"Industrial Area, Hajipur - BSPCB","23-08-2026 11:00:00",25.697189,85.2459,OZONE,13,44,22
India,Bihar,Katihar,"Mirchaibari, Katihar - BSPCB","23-08-2026 11:00:00",25.560083,87.553265,SO2,13,25,19
India,Bihar,Muzaffarpur,"Buddha Colony, Muzaffarpur - BSPCB","23-08-2026 11:00:00",26.11442,85.39813,NO2,11,38,18
India,Bihar,Patna,"Rajbansi Nagar, Patna - BSPCB","23-08-2026 11:00:00",25.599486,85.113666,OZONE,25,25,25
India,Bihar,Patna,"Govt. High School Shikarpur, Patna - BSPCB","23-08-2026 11:00:00",25.592539,85.227158,PM10,30,91,59
India,"Andhra Pradesh",Eluru,"District Court, Eluru - APPCB","23-08-2026 11:00:00",16.711754,81.092095,NO2,13,24,18
India,"Andhra Pradesh",Guntur,"Rajendra Nagar North, Guntur - APPCB","23-08-2026 11:00:00",16.316553,80.413302,PM2.5,52,65,58
India,"Andhra Pradesh",Guntur,"Rajendra Nagar North, Guntur - APPCB","23-08-2026 11:00:00",16.316553,80.413302,OZONE,22,22,22
India,"Andhra Pradesh",Kadapa,"Yerramukkapalli, Kadapa - APPCB","23-08-2026 11:00:00",14.465052,78.824187,PM2.5,45,47,46
India,"Andhra Pradesh",Kadapa,"Yerramukkapalli, Kadapa - APPCB","23-08-2026 11:00:00",14.465052,78.824187,NO2,21,27,24
India,"Andhra Pradesh",Kadapa,"Yerramukkapalli, Kadapa - APPCB","23-08-2026 11:00:00",14.465052,78.824187,NH3,2,2,2
India,Delhi,Delhi,"ITO, Delhi - CPCB","23-08-2026 11:00:00",28.628624,77.24106,PM10,27,141,92
India,Delhi,Delhi,"Narela, Delhi - DPCC","23-08-2026 11:00:00",28.822836,77.101981,OZONE,10,21,16
India,Delhi,Delhi,"Major Dhyan Chand National Stadium, Delhi - DPCC","23-08-2026 11:00:00",28.611281,77.237738,CO,12,23,18
India,Delhi,Delhi,"Bawana, Delhi - DPCC","23-08-2026 11:00:00",28.7762,77.051074,OZONE,16,16,16
India,Delhi,Delhi,"Rohini, Delhi - DPCC","23-08-2026 11:00:00",28.732528,77.11992,NH3,3,5,4
India,Haryana,Bahadurgarh,"Arya Nagar, Bahadurgarh - HSPCB","23-08-2026 11:00:00",28.6701,76.9254,NO2,27,32,29
India,Haryana,Ballabgarh,"Nathu Colony, Ballabgarh - HSPCB","23-08-2026 11:00:00",28.3419248,77.319699,PM10,30,110,82
India,Haryana,Ballabgarh,"Nathu Colony, Ballabgarh - HSPCB","23-08-2026 11:00:00",28.3419248,77.319699,OZONE,3,146,38
India,Haryana,Bhiwani,"H.B. Colony, Bhiwani - HSPCB","23-08-2026 11:00:00",28.806223,76.141105,PM2.5,32,72,45
India,Haryana,Bhiwani,"H.B. Colony, Bhiwani - HSPCB","23-08-2026 11:00:00",28.806223,76.141105,SO2,1,18,6
India,Haryana,Bhiwani,"H.B. Colony, Bhiwani - HSPCB","23-08-2026 11:00:00",28.806223,76.141105,CO,17,23,21
India,Haryana,Bhiwani,"H.B. Colony, Bhiwani - HSPCB","23-08-2026 11:00:00",28.806223,76.141105,OZONE,23,29,25
India,Haryana,"Charkhi Dadri","Mini Secretariat, Charkhi Dadri - HSPCB","23-08-2026 11:00:00",28.593883,76.270653,NO2,9,25,16
India,Haryana,"Charkhi Dadri","Mini Secretariat, Charkhi Dadri - HSPCB","23-08-2026 11:00:00",28.593883,76.270653,SO2,6,9,8
India,Haryana,"Charkhi Dadri","Mini Secretariat, Charkhi Dadri - HSPCB","23-08-2026 11:00:00",28.593883,76.270653,CO,8,22,16
India,Haryana,Dharuhera,"Municipal Corporation Office, Dharuhera -  HSPCB","23-08-2026 11:00:00",28.2068,76.7997,PM2.5,48,116,71
India,Haryana,Dharuhera,"Municipal Corporation Office, Dharuhera -  HSPCB","23-08-2026 11:00:00",28.2068,76.7997,PM10,46,102,68
India,Haryana,Faridabad,"New Industrial Town, Faridabad - HSPCB","23-08-2026 11:00:00",28.39072,77.30059,PM10,43,76,57
India,Haryana,Faridabad,"New Industrial Town, Faridabad - HSPCB","23-08-2026 11:00:00",28.39072,77.30059,CO,21,23,22
India,Haryana,Faridabad,"New Industrial Town, Faridabad - HSPCB","23-08-2026 11:00:00",28.39072,77.30059,OZONE,13,14,14
India,Haryana,Faridabad,"Sector 11, Faridabad - HSPCB","23-08-2026 11:00:00",28.376058,77.315741,SO2,4,11,7
India,Haryana,Faridabad,"Sector 30, Faridabad - HSPCB","23-08-2026 11:00:00",28.4417,77.3217,NO2,36,39,37
India,Haryana,Faridabad,"Sector 30, Faridabad - HSPCB","23-08-2026 11:00:00",28.4417,77.3217,NH3,11,12,12
India,Haryana,Faridabad,"Sector 30, Faridabad - HSPCB","23-08-2026 11:00:00",28.4417,77.3217,CO,24,26,25
India,Haryana,Fatehabad,"Huda Sector, Fatehabad - HSPCB","23-08-2026 11:00:00",29.503664,75.467934,SO2,62,67,64
India,Haryana,Fatehabad,"Huda Sector, Fatehabad - HSPCB","23-08-2026 11:00:00",29.503664,75.467934,CO,45,59,49
India,Haryana,Fatehabad,"Huda Sector, Fatehabad - HSPCB","23-08-2026 11:00:00",29.503664,75.467934,OZONE,19,36,29
India,Haryana,Gurugram,"Teri Gram, Gurugram - HSPCB","23-08-2026 11:00:00",28.4275,77.1465,PM10,14,500,123
India,Haryana,Gurugram,"Teri Gram, Gurugram - HSPCB","23-08-2026 11:00:00",28.4275,77.1465,NO2,30,62,43
India,Haryana,Gurugram,"Teri Gram, Gurugram - HSPCB","23-08-2026 11:00:00",28.4275,77.1465,SO2,6,20,12
India,Haryana,Gurugram,"NISE Gwal Pahari, Gurugram - IITM","23-08-2026 11:00:00",28.422681,77.148944,OZONE,2,21,8
India,Haryana,Gurugram,"Sector-51, Gurugram - HSPCB","23-08-2026 11:00:00",28.4227,77.0667,CO,45,49,47
India,Haryana,Hisar,"Urban Estate-II, Hisar - HSPCB","23-08-2026 11:00:00",29.14056,75.744941,PM10,50,100,77
India,Haryana,Hisar,"Urban Estate-II, Hisar - HSPCB","23-08-2026 11:00:00",29.14056,75.744941,NO2,21,29,27
India,Haryana,Kaithal,"Rishi Nagar, Kaithal - HSPCB","23-08-2026 11:00:00",29.8006,76.4155,NO2,19,25,22
India,Haryana,Karnal,"Sector-12, Karnal - HSPCB","23-08-2026 11:00:00",29.6953,77.0027,PM2.5,13,57,28
India,Delhi,Delhi,"IGNOU_Maidan Garhi, Delhi - DPCC","23-08-2026 11:00:00",28.493624,77.201159,CO,43,52,47
India,Delhi,Delhi,"IGNOU_Maidan Garhi, Delhi - DPCC","23-08-2026 11:00:00",28.493624,77.201159,OZONE,6,8,7
India,Delhi,Delhi,"Commonwealth Sports Complex, Delhi - DPCC","23-08-2026 11:00:00",28.615828,77.271992,PM2.5,39,112,63
India,Delhi,Delhi,"Commonwealth Sports Complex, Delhi - DPCC","23-08-2026 11:00:00",28.615828,77.271992,NO2,9,70,28
India,Delhi,Delhi,"Commonwealth Sports Complex, Delhi - DPCC","23-08-2026 11:00:00",28.615828,77.271992,NH3,0,2,2
India,Delhi,Delhi,"Commonwealth Sports Complex, Delhi - DPCC","23-08-2026 11:00:00",28.615828,77.271992,CO,41,50,45
India,Delhi,Delhi,"Talkatora Garden, Delhi - DPCC","23-08-2026 11:00:00",28.62181,77.1944633,SO2,0,1,1
India,Delhi,Delhi,"NSIT Dwarka, Delhi - CPCB","23-08-2026 11:00:00",28.60909,77.0325413,OZONE,17,24,19
India,Delhi,Delhi,"Aya Nagar, Delhi - IITM","23-08-2026 11:00:00",28.4706914,77.1099364,PM10,31,142,94
India,Delhi,Delhi,"Aya Nagar, Delhi - IITM","23-08-2026 11:00:00",28.4706914,77.1099364,NH3,NA,NA,NA
India,Delhi,Delhi,"Aya Nagar, Delhi - IITM","23-08-2026 11:00:00",28.4706914,77.1099364,CO,21,26,24
India,Delhi,Delhi,"CRRI Mathura Road, Delhi - IITM","23-08-2026 11:00:00",28.5512005,77.2735737,PM10,22,145,102
India,Delhi,Delhi,"CRRI Mathura Road, Delhi - IITM","23-08-2026 11:00:00",28.5512005,77.2735737,SO2,NA,NA,NA
India,Delhi,Delhi,"CRRI Mathura Road, Delhi - IITM","23-08-2026 11:00:00",28.5512005,77.2735737,CO,3,39,16
India,Delhi,Delhi,"Burari Crossing, Delhi - IITM","23-08-2026 11:00:00",28.7256504,77.2011573,PM10,18,117,83
India,Delhi,Delhi,"Burari Crossing, Delhi - IITM","23-08-2026 11:00:00",28.7256504,77.2011573,CO,40,54,49
India,Delhi,Delhi,"Sirifort, Delhi - CPCB","23-08-2026 11:00:00",28.5504249,77.2159377,PM2.5,40,157,82
India,Delhi,Delhi,"Chandni Chowk, Delhi - IITM","23-08-2026 11:00:00",28.656756,77.227234,PM10,53,159,115
India,Delhi,Delhi,"Chandni Chowk, Delhi - IITM","23-08-2026 11:00:00",28.656756,77.227234,SO2,6,15,8
India,Delhi,Delhi,"Pusa, Delhi - IITM","23-08-2026 11:00:00",28.63611,77.173332,NH3,NA,NA,NA
India,Delhi,Delhi,"DTU, Delhi - CPCB","23-08-2026 11:00:00",28.7500499,77.1112615,SO2,32,34,33
India,Delhi,Delhi,"Dwarka-Sector 8, Delhi - DPCC ","23-08-2026 11:00:00",28.5710274,77.0719006,PM10,59,274,142
India,Delhi,Delhi,"Dwarka-Sector 8, Delhi - DPCC ","23-08-2026 11:00:00",28.5710274,77.0719006,CO,32,41,36
India,Delhi,Delhi,"Dr. Karni Singh Shooting Range, Delhi - DPCC","23-08-2026 11:00:00",28.498571,77.26484,SO2,6,8,7
India,Delhi,Delhi,"IIT Delhi, Delhi - IITM","23-08-2026 11:00:00",28.54246,77.191651,NO2,8,53,21
India,Delhi,Delhi,"IIT Delhi, Delhi - IITM","23-08-2026 11:00:00",28.54246,77.191651,NH3,NA,NA,NA
India,Delhi,Delhi,"IIT Delhi, Delhi - IITM","23-08-2026 11:00:00",28.54246,77.191651,CO,14,23,19
India,Delhi,Delhi,"IGI Airport (T3), Delhi - IITM","23-08-2026 11:00:00",28.5627763,77.1180053,NO2,23,183,66
India,Delhi,Delhi,"IGI Airport (T3), Delhi - IITM","23-08-2026 11:00:00",28.5627763,77.1180053,NH3,NA,NA,NA
India,Delhi,Delhi,"IGI Airport (T3), Delhi - IITM","23-08-2026 11:00:00",28.5627763,77.1180053,CO,34,43,37
India,Delhi,Delhi,"Vivek Vihar, Delhi - DPCC","23-08-2026 11:00:00",28.672342,77.31526,NO2,18,57,32
India,Delhi,Delhi,"Vivek Vihar, Delhi - DPCC","23-08-2026 11:00:00",28.672342,77.31526,NH3,5,7,6
India,Delhi,Delhi,"Jahangirpuri, Delhi - DPCC","23-08-2026 11:00:00",28.73282,77.170633,PM2.5,17,303,121
India,Delhi,Delhi,"Jahangirpuri, Delhi - DPCC","23-08-2026 11:00:00",28.73282,77.170633,NO2,13,47,23
India,Delhi,Delhi,"Jahangirpuri, Delhi - DPCC","23-08-2026 11:00:00",28.73282,77.170633,SO2,4,7,5
India,Delhi,Delhi,"IHBAS, Dilshad Garden, Delhi - CPCB","23-08-2026 11:00:00",28.6811736,77.3025234,OZONE,2,33,12
India,Delhi,Delhi,"Sri Aurobindo Marg, Delhi - DPCC","23-08-2026 11:00:00",28.531346,77.190156,PM10,43,134,92
India,Delhi,Delhi,"Sri Aurobindo Marg, Delhi - DPCC","23-08-2026 11:00:00",28.531346,77.190156,NO2,12,42,22
India,Delhi,Delhi,"Nehru Nagar, Delhi - DPCC","23-08-2026 11:00:00",28.56789,77.250515,NO2,14,63,31
India,Delhi,Delhi,"Nehru Nagar, Delhi - DPCC","23-08-2026 11:00:00",28.56789,77.250515,CO,13,50,35
India,Delhi,Delhi,"Jawaharlal Nehru Stadium, Delhi - DPCC","23-08-2026 11:00:00",28.58028,77.233829,NH3,7,8,8
India,Delhi,Delhi,"Jawaharlal Nehru Stadium, Delhi - DPCC","23-08-2026 11:00:00",28.58028,77.233829,OZONE,26,46,33
India,Delhi,Delhi,"Najafgarh, Delhi - DPCC","23-08-2026 11:00:00",28.570173,76.933762,NO2,10,33,20
India,Delhi,Delhi,"Najafgarh, Delhi - DPCC","23-08-2026 11:00:00",28.570173,76.933762,OZONE,13,14,14
India,Gujarat,Ahmedabad,"SAC ISRO Satellite, Ahmedabad - IITM","23-08-2026 11:00:00",23.023389,72.515201,CO,5,19,13
India,Gujarat,Ahmedabad,"Gyaspur, Ahmedabad - IITM","23-08-2026 11:00:00",22.977134,72.553024,PM10,88,186,115
India,Gujarat,Ahmedabad,"Raikhad, Ahmedabad - IITM","23-08-2026 11:00:00",23.020509,72.579261,NH3,1,1,1
India,Gujarat,Ankleshwar,"GIDC, Ankleshwar - GPCB","23-08-2026 11:00:00",21.613267,73.010555,NO2,26,26,26
India,Gujarat,Bhavnagar,"Vidhyanagar, Bhavnagar - Nexteng Enviro","23-08-2026 11:00:00",21.755417,72.139056,NH3,5,6,5
India,Gujarat,Bhavnagar,"Vidhyanagar, Bhavnagar - Nexteng Enviro","23-08-2026 11:00:00",21.755417,72.139056,SO2,7,8,7
India,Gujarat,Bhavnagar,"Vidhyanagar, Bhavnagar - Nexteng Enviro","23-08-2026 11:00:00",21.755417,72.139056,OZONE,15,20,17
India,Gujarat,Gandhinagar,"Sector-10, Gandhinagar - GPCB","23-08-2026 11:00:00",23.221714,72.654328,CO,14,14,14
India,Gujarat,Gandhinagar,"IIPHG Lekawada, Gandhinagar - IITM","23-08-2026 11:00:00",23.243639,72.68994,OZONE,2,4,3
India,Gujarat,Gandhinagar,"GIFT City, Gandhinagar - IITM","23-08-2026 11:00:00",23.163798,72.677768,PM10,74,139,104
India,Gujarat,Gandhinagar,"GIFT City, Gandhinagar - IITM","23-08-2026 11:00:00",23.163798,72.677768,SO2,2,15,5
India,Gujarat,Gandhinagar,"GIFT City, Gandhinagar - IITM","23-08-2026 11:00:00",23.163798,72.677768,OZONE,3,5,4
India,Gujarat,Mehsana,"Sadanand Nagar, Mehsana - Nexteng Enviro","23-08-2026 11:00:00",23.59315,72.372792,CO,44,46,45
India,Gujarat,Nandesari,"GIDC, Nandesari - Nandesari Ind. Association","23-08-2026 11:00:00",22.410802,73.097923,PM2.5,27,73,41
India,Gujarat,Nandesari,"GIDC, Nandesari - Nandesari Ind. Association","23-08-2026 11:00:00",22.410802,73.097923,OZONE,NA,NA,NA
India,Gujarat,Rajkot,"Mavdi, Rajkot - Nexteng Enviro ","23-08-2026 11:00:00",22.248853,70.776774,NH3,0,1,1
India,Gujarat,Surat,"Science Center, Surat - SMC","23-08-2026 11:00:00",21.170046,72.795405,SO2,16,17,16
India,Gujarat,Surat,"Katargam, Surat - Nexteng Enviro","23-08-2026 11:00:00",21.217779,72.834787,PM10,32,111,58
India,Gujarat,Surat,"Katargam, Surat - Nexteng Enviro","23-08-2026 11:00:00",21.217779,72.834787,CO,45,50,47
India,Gujarat,Vadodara,"Bapunagar, Vadodara - Nexteng Enviro","23-08-2026 11:00:00",22.320153,73.216285,NO2,11,12,11
India,Gujarat,Vadodara,"Bapunagar, Vadodara - Nexteng Enviro","23-08-2026 11:00:00",22.320153,73.216285,OZONE,2,3,3
India,Gujarat,Vapi,"Phase-1 GIDC, Vapi - GPCB","23-08-2026 11:00:00",20.362421,72.918013,PM10,13,66,35
India,Delhi,Delhi,"JNU, Delhi - DPCC","23-08-2026 11:00:00",28.540721,77.168544,PM10,25,137,82
India,Delhi,Delhi,"North Campus, DU, Delhi - IITM","23-08-2026 11:00:00",28.6573814,77.1585447,PM2.5,16,315,73
India,Delhi,Delhi,"R K Puram, Delhi - DPCC","23-08-2026 11:00:00",28.563262,77.186937,PM2.5,40,183,93
India,Delhi,Delhi,"R K Puram, Delhi - DPCC","23-08-2026 11:00:00",28.563262,77.186937,NO2,10,82,33
India,Gujarat,Ahmedabad,"Rakhial, Ahmedabad - IITM","23-08-2026 11:00:00",23.016834,72.625775,SO2,29,42,34
India,Gujarat,Ahmedabad,"Maninagar, Ahmedabad - GPCB","23-08-2026 11:00:00",23.002657,72.591912,NO2,32,47,42
India,Gujarat,Ahmedabad,"Chandkheda, Ahmedabad - IITM","23-08-2026 11:00:00",23.107969,72.574648,CO,6,11,8
India,Gujarat,Ahmedabad,"SAC ISRO Bopal, Ahmedabad - IITM","23-08-2026 11:00:00",23.041137,72.456691,PM2.5,22,70,44
India,Gujarat,Ahmedabad,"SAC ISRO Satellite, Ahmedabad - IITM","23-08-2026 11:00:00",23.023389,72.515201,NO2,20,42,25
India,Delhi,Delhi,"NSUT Jaffarpur, Delhi - DPCC","23-08-2026 11:00:00",28.594004,76.909423,NH3,NA,NA,NA
India,Delhi,Delhi,"Mundka, Delhi - DPCC","23-08-2026 11:00:00",28.684678,77.076574,PM10,36,199,105
India,Delhi,Delhi,"Mundka, Delhi - DPCC","23-08-2026 11:00:00",28.684678,77.076574,SO2,1,28,20
India,Delhi,Delhi,"Mundka, Delhi - DPCC","23-08-2026 11:00:00",28.684678,77.076574,OZONE,5,7,6
India,Delhi,Delhi,"Punjabi Bagh, Delhi - DPCC","23-08-2026 11:00:00",28.674045,77.131023,PM2.5,8,150,66
India,Delhi,Delhi,"Mandir Marg, Delhi - DPCC","23-08-2026 11:00:00",28.636429,77.201067,CO,51,65,58
India,Delhi,Delhi,"Pusa, Delhi - DPCC","23-08-2026 11:00:00",28.639652,77.146275,PM2.5,18,95,54
India,"Madhya Pradesh",Ratlam,"Shasthri Nagar, Ratlam - IPCA Lab","23-08-2026 11:00:00",23.331731,75.045981,CO,NA,NA,NA
India,"Madhya Pradesh",Ratlam,"Shasthri Nagar, Ratlam - IPCA Lab","23-08-2026 11:00:00",23.331731,75.045981,OZONE,NA,NA,NA
India,"Madhya Pradesh",Sagar,"Civil Lines, Sagar - MPPCB","23-08-2026 11:00:00",23.838586,78.759431,NH3,2,2,2
India,"Madhya Pradesh",Sagar,"Civil Lines, Sagar - MPPCB","23-08-2026 11:00:00",23.838586,78.759431,OZONE,29,37,34
India,"Madhya Pradesh",Satna,"Bandhavgar Colony, Satna - Birla Cement","23-08-2026 11:00:00",24.58434363,80.8549414,NH3,NA,NA,NA
India,"Madhya Pradesh",Satna,"Bandhavgar Colony, Satna - Birla Cement","23-08-2026 11:00:00",24.58434363,80.8549414,OZONE,10,20,16
India,"Madhya Pradesh",Ujjain,"Mahashweta Nagar, Ujjain - MPPCB","23-08-2026 11:00:00",23.1633321,75.800225,CO,24,34,28
India,Maharashtra,Ahmednagar,"Tarakpur, Ahmednagar - MPCB","23-08-2026 11:00:00",19.10122,74.73339,PM2.5,7,26,12
India,Maharashtra,Ahmednagar,"Tarakpur, Ahmednagar - MPCB","23-08-2026 11:00:00",19.10122,74.73339,SO2,NA,NA,NA
India,Maharashtra,Ahmednagar,"Tarakpur, Ahmednagar - MPCB","23-08-2026 11:00:00",19.10122,74.73339,CO,2,18,9
India,Maharashtra,Akola,"Ramdaspeth, Akola - MPCB","23-08-2026 11:00:00",20.719516,77.000253,PM2.5,28,57,34
India,Maharashtra,Akola,"Ramdaspeth, Akola - MPCB","23-08-2026 11:00:00",20.719516,77.000253,PM10,41,67,52
India,Maharashtra,Akola,"Ramdaspeth, Akola - MPCB","23-08-2026 11:00:00",20.719516,77.000253,OZONE,8,14,10
India,Maharashtra,Ambernath,"Chinchpada, Ambernath - MPCB","23-08-2026 11:00:00",19.215784,73.199781,SO2,23,30,26
India,Maharashtra,Amravati,"Shri Shivaji Science College, Amravati - MPCB","23-08-2026 11:00:00",20.939198,77.765701,SO2,4,5,5
India,Maharashtra,Amravati,"Shri Shivaji Science College, Amravati - MPCB","23-08-2026 11:00:00",20.939198,77.765701,CO,22,24,23
India,Maharashtra,Amravati,"Shri Shivaji Science College, Amravati - MPCB","23-08-2026 11:00:00",20.939198,77.765701,OZONE,4,16,8
India,Maharashtra,Aurangabad,"MIDC Chilkalthana, Aurangabad - MPCB","23-08-2026 11:00:00",19.87562,75.38731,PM2.5,26,34,29
India,Maharashtra,Aurangabad,"MIDC Chilkalthana, Aurangabad - MPCB","23-08-2026 11:00:00",19.87562,75.38731,NO2,13,13,13
India,Maharashtra,Aurangabad,"Rachnakar Colony, Aurangabad - MPCB","23-08-2026 11:00:00",19.863756,75.321188,PM2.5,18,51,31
India,"Madhya Pradesh",Indore,"Airport Area, Indore - IMC","23-08-2026 11:00:00",22.7289,75.8076,CO,35,35,35
India,"Madhya Pradesh",Indore,"Maguda Nagar, Indore - IMC","23-08-2026 11:00:00",22.7524,75.8872,PM2.5,5,44,25
India,"Madhya Pradesh",Indore,"Maguda Nagar, Indore - IMC","23-08-2026 11:00:00",22.7524,75.8872,NH3,NA,NA,NA
India,"Madhya Pradesh",Indore,"Residency Area, Indore - IMC","23-08-2026 11:00:00",22.7084,75.8815,PM2.5,16,56,34
India,"Madhya Pradesh",Indore,"Residency Area, Indore - IMC","23-08-2026 11:00:00",22.7084,75.8815,CO,1,2,1
India,"Madhya Pradesh",Jabalpur,"Marhatal, Jabalpur - MPPCB","23-08-2026 11:00:00",23.168606,79.932247,NH3,4,6,5
India,"Madhya Pradesh",Jabalpur,"Marhatal, Jabalpur - MPPCB","23-08-2026 11:00:00",23.168606,79.932247,CO,3,27,11
India,"Madhya Pradesh",Jabalpur,"Gupteshwar, Jabalpur - JMC","23-08-2026 11:00:00",23.142888,79.916147,PM10,34,80,54
India,"Madhya Pradesh",Jabalpur,"Gupteshwar, Jabalpur - JMC","23-08-2026 11:00:00",23.142888,79.916147,SO2,4,11,8
India,"Madhya Pradesh",Jabalpur,"Suhagi, Jabalpur - JMC","23-08-2026 11:00:00",23.218135,79.95777,CO,31,38,34
India,"Madhya Pradesh",Katni,"Gole Bazar, Katni - MPPCB","23-08-2026 11:00:00",23.50016,80.23284,NO2,9,16,13
India,"Madhya Pradesh",Katni,"Gole Bazar, Katni - MPPCB","23-08-2026 11:00:00",23.50016,80.23284,CO,18,33,26
India,"Madhya Pradesh",Maihar,"Sahilara, Maihar - KJS Cements","23-08-2026 11:00:00",24.2613009,80.7231783,PM2.5,NA,NA,NA
India,"Madhya Pradesh",Maihar,"Sahilara, Maihar - KJS Cements","23-08-2026 11:00:00",24.2613009,80.7231783,NO2,12,16,14
India,"Madhya Pradesh",Maihar,"Sahilara, Maihar - KJS Cements","23-08-2026 11:00:00",24.2613009,80.7231783,NH3,NA,NA,NA
India,"Madhya Pradesh",Mandideep,"Sector-D Industrial Area, Mandideep - MPPCB","23-08-2026 11:00:00",23.10844,77.511428,OZONE,17,39,26
India,"Madhya Pradesh",Pithampur,"Sector-2 Industrial Area, Pithampur - MPPCB","23-08-2026 11:00:00",22.624758,75.675238,OZONE,18,30,24
India,"Madhya Pradesh",Ratlam,"Shasthri Nagar, Ratlam - IPCA Lab","23-08-2026 11:00:00",23.331731,75.045981,PM10,18,60,41
India,"Madhya Pradesh",Ratlam,"Shasthri Nagar, Ratlam - IPCA Lab","23-08-2026 11:00:00",23.331731,75.045981,NH3,NA,NA,NA
India,"Madhya Pradesh",Bhopal,"Paryavaran Parisar, Bhopal - MPPCB","23-08-2026 11:00:00",23.210494,77.425409,CO,14,16,15
India,"Madhya Pradesh",Bhopal,"T T Nagar, Bhopal - MPPCB","23-08-2026 11:00:00",23.233584,77.400574,NH3,6,6,6
India,"Madhya Pradesh",Damoh,"Shrivastav Colony, Damoh - MPPCB","23-08-2026 11:00:00",23.81748678,79.446246,CO,14,20,19
India,"Madhya Pradesh",Damoh,"Shrivastav Colony, Damoh - MPPCB","23-08-2026 11:00:00",23.81748678,79.446246,OZONE,NA,NA,NA
India,"Madhya Pradesh",Dewas,"Bhopal Chauraha, Dewas - MPPCB","23-08-2026 11:00:00",22.9682591,76.064118,CO,14,19,17
India,"Madhya Pradesh",Gwalior,"Maharaj Bada, Gwalior - MPPCB","23-08-2026 11:00:00",26.200388,78.147714,NO2,6,35,21
India,"Madhya Pradesh",Gwalior,"Maharaj Bada, Gwalior - MPPCB","23-08-2026 11:00:00",26.200388,78.147714,SO2,1,24,10
India,"Madhya Pradesh",Gwalior,"Maharaj Bada, Gwalior - MPPCB","23-08-2026 11:00:00",26.200388,78.147714,CO,32,56,44
India,"Madhya Pradesh",Gwalior,"Deen Dayal Nagar, Gwalior - MPPCB","23-08-2026 11:00:00",26.259242,78.216432,PM2.5,12,77,26
India,"Madhya Pradesh",Gwalior,"Deen Dayal Nagar, Gwalior - MPPCB","23-08-2026 11:00:00",26.259242,78.216432,PM10,31,103,62
India,"Madhya Pradesh",Gwalior,"Deen Dayal Nagar, Gwalior - MPPCB","23-08-2026 11:00:00",26.259242,78.216432,NO2,31,53,40
India,"Madhya Pradesh",Gwalior,"Deen Dayal Nagar, Gwalior - MPPCB","23-08-2026 11:00:00",26.259242,78.216432,NH3,3,7,4
India,"Madhya Pradesh",Indore,"Regional Park, Indore - IMC","23-08-2026 11:00:00",22.678,75.8559,NO2,1,12,6
India,"Madhya Pradesh",Indore,"Regional Park, Indore - IMC","23-08-2026 11:00:00",22.678,75.8559,SO2,37,39,38
India,"Madhya Pradesh",Indore,"Regional Park, Indore - IMC","23-08-2026 11:00:00",22.678,75.8559,OZONE,5,5,5
India,"Madhya Pradesh",Indore,"Chhoti Gwaltoli, Indore - MPPCB","23-08-2026 11:00:00",22.431,75.5213,PM10,68,134,95
India,"Madhya Pradesh",Indore,"Chhoti Gwaltoli, Indore - MPPCB","23-08-2026 11:00:00",22.431,75.5213,SO2,16,21,19
India,"Madhya Pradesh",Indore,"Airport Area, Indore - IMC","23-08-2026 11:00:00",22.7289,75.8076,PM2.5,NA,NA,NA
India,"Madhya Pradesh",Indore,"Airport Area, Indore - IMC","23-08-2026 11:00:00",22.7289,75.8076,SO2,NA,NA,NA
India,Karnataka,Ramanagara,"Vijay Nagar, Ramanagara - KSPCB","23-08-2026 11:00:00",12.733409,77.298051,PM10,15,62,35
India,Karnataka,Ramanagara,"Vijay Nagar, Ramanagara - KSPCB","23-08-2026 11:00:00",12.733409,77.298051,OZONE,18,39,30
India,Karnataka,Yadgir,"Collector Office, Yadgir - KSPCB","23-08-2026 11:00:00",16.7602,77.1428,PM2.5,3,19,10
India,Kerala,Eloor,"Udyogamandal, Eloor - Kerala PCB","23-08-2026 11:00:00",10.073232,76.302765,CO,43,49,46
India,Kerala,Kannur,"Thavakkara, Kannur - Kerala PCB","23-08-2026 11:00:00",11.875,75.3732,PM2.5,87,99,92
India,Kerala,Kannur,"Thavakkara, Kannur - Kerala PCB","23-08-2026 11:00:00",11.875,75.3732,PM10,75,84,78
India,Kerala,Kannur,"Thavakkara, Kannur - Kerala PCB","23-08-2026 11:00:00",11.875,75.3732,NH3,1,1,1
India,Kerala,Kannur,"Thavakkara, Kannur - Kerala PCB","23-08-2026 11:00:00",11.875,75.3732,SO2,0,0,0
India,Kerala,Kannur,"Thavakkara, Kannur - Kerala PCB","23-08-2026 11:00:00",11.875,75.3732,OZONE,28,28,28
India,Kerala,Thiruvananthapuram,"Plammoodu, Thiruvananthapuram - Kerala PCB","23-08-2026 11:00:00",8.5149093,76.9435879,PM2.5,9,28,17
India,Kerala,Thiruvananthapuram,"Plammoodu, Thiruvananthapuram - Kerala PCB","23-08-2026 11:00:00",8.5149093,76.9435879,PM10,14,43,26
India,Kerala,Thiruvananthapuram,"Plammoodu, Thiruvananthapuram - Kerala PCB","23-08-2026 11:00:00",8.5149093,76.9435879,NO2,2,4,3
India,Kerala,Thrissur,"Corporation Ground, Thrissur - Kerala PCB","23-08-2026 11:00:00",10.5324,76.2159,OZONE,30,31,30
India,Ladakh,Leh,"Skara Yokma, Leh - LPCC","23-08-2026 11:00:00",34.147096,77.55709,NO2,NA,NA,NA
India,"Jammu and Kashmir",Srinagar,"Rajbagh, Srinagar - JKPCC","23-08-2026 11:00:00",34.066206,74.81982,NO2,19,20,19
India,"Jammu and Kashmir",Srinagar,"Rajbagh, Srinagar - JKPCC","23-08-2026 11:00:00",34.066206,74.81982,SO2,3,4,3
India,"Jammu and Kashmir",Srinagar,"Rajbagh, Srinagar - JKPCC","23-08-2026 11:00:00",34.066206,74.81982,CO,11,18,13
India,"Jammu and Kashmir",Srinagar,"Khunmoh, Srinagar - JKPCC","23-08-2026 11:00:00",34.06313,74.96017,OZONE,NA,NA,NA
India,Jharkhand,Dhanbad,"Sardar Patel Nagar, Dhanbad - JSPCB","23-08-2026 11:00:00",23.80569,86.44268,PM2.5,NA,NA,NA
India,Jharkhand,Dhanbad,"Sardar Patel Nagar, Dhanbad - JSPCB","23-08-2026 11:00:00",23.80569,86.44268,SO2,NA,NA,NA
India,Jharkhand,Dhanbad,"Sardar Patel Nagar, Dhanbad - JSPCB","23-08-2026 11:00:00",23.80569,86.44268,OZONE,8,26,16
India,Karnataka,Belgaum,"Ramteerth Nagar, Belgaum - KSPCB","23-08-2026 11:00:00",15.888653,74.541751,SO2,NA,NA,NA
India,Karnataka,Bengaluru,"Jigani, Bengaluru - KSPCB","23-08-2026 11:00:00",12.7816279,77.6299145,NO2,17,18,18
India,Karnataka,Bengaluru,"Jigani, Bengaluru - KSPCB","23-08-2026 11:00:00",12.7816279,77.6299145,NH3,3,3,3
India,Karnataka,Bengaluru,"City Railway Station, Bengaluru - KSPCB","23-08-2026 11:00:00",12.9756843,77.5660749,PM2.5,NA,NA,NA
India,Karnataka,Bengaluru,"Jayanagar 5th Block, Bengaluru - KSPCB","23-08-2026 11:00:00",12.920984,77.584908,NH3,1,2,1
India,Haryana,Palwal,"Shyam Nagar, Palwal - HSPCB","23-08-2026 11:00:00",28.1485564,77.3320667,OZONE,10,10,10
India,Haryana,Panchgaon,"Amity University, Panchgaon - IITM","23-08-2026 11:00:00",28.3153,76.9143,OZONE,NA,NA,NA
India,Haryana,Rohtak,"MD University, Rohtak - HSPCB","23-08-2026 11:00:00",28.52123,76.37138,SO2,10,12,10
India,Haryana,Rohtak,"MD University, Rohtak - HSPCB","23-08-2026 11:00:00",28.52123,76.37138,OZONE,15,25,20
India,Haryana,Sirsa,"F-Block, Sirsa - HSPCB","23-08-2026 11:00:00",29.5364,75.0158,SO2,15,41,36
India,Haryana,Sirsa,"F-Block, Sirsa - HSPCB","23-08-2026 11:00:00",29.5364,75.0158,OZONE,12,74,31
India,Haryana,Sonipat,"Murthal, Sonipat - HSPCB","23-08-2026 11:00:00",29.0272,77.0621,PM2.5,2,14,5
India,Haryana,"Yamuna Nagar","Gobind Pura, Yamuna Nagar - HSPCB","23-08-2026 11:00:00",30.1480566,77.2893471,PM2.5,47,155,75
India,"Himachal Pradesh",Baddi,"HIMUDA Complex Phase-1, Baddi - HPPCB","23-08-2026 11:00:00",30.943887,76.801991,PM2.5,12,133,54
India,"Himachal Pradesh",Baddi,"HIMUDA Complex Phase-1, Baddi - HPPCB","23-08-2026 11:00:00",30.943887,76.801991,NO2,2,33,15
India,Karnataka,Bengaluru,"Shivapura_Peenya, Bengaluru - KSPCB","23-08-2026 11:00:00",13.0246342,77.5080115,PM2.5,37,42,39
India,Karnataka,Bengaluru,"Shivapura_Peenya, Bengaluru - KSPCB","23-08-2026 11:00:00",13.0246342,77.5080115,CO,NA,NA,NA
India,Karnataka,Bengaluru,"Hebbal, Bengaluru - KSPCB","23-08-2026 11:00:00",13.029152,77.585901,CO,35,46,40
India,Karnataka,Bengaluru,"Silk Board, Bengaluru - KSPCB","23-08-2026 11:00:00",12.917348,77.622813,NH3,2,2,2
India,Karnataka,Bengaluru,"Silk Board, Bengaluru - KSPCB","23-08-2026 11:00:00",12.917348,77.622813,SO2,20,23,22
India,Karnataka,Chamarajanagar,"Urban, Chamarajanagar - KSPCB","23-08-2026 11:00:00",11.55358,76.55521,PM10,44,46,45
India,Karnataka,Chamarajanagar,"Urban, Chamarajanagar - KSPCB","23-08-2026 11:00:00",11.55358,76.55521,NO2,23,30,28
India,Karnataka,Chamarajanagar,"Urban, Chamarajanagar - KSPCB","23-08-2026 11:00:00",11.55358,76.55521,CO,22,23,23
India,Karnataka,Chikkaballapur,"Chikkaballapur Rural, Chikkaballapur - KSPCB","23-08-2026 11:00:00",13.428828,77.731418,SO2,NA,NA,NA
India,Karnataka,Chikkaballapur,"Chikkaballapur Rural, Chikkaballapur - KSPCB","23-08-2026 11:00:00",13.428828,77.731418,CO,14,15,15
India,Karnataka,Chikkaballapur,"Chikkaballapur Rural, Chikkaballapur - KSPCB","23-08-2026 11:00:00",13.428828,77.731418,OZONE,18,18,18
India,Karnataka,Chikkamagaluru,"Kalyana Nagara, Chikkamagaluru - KSPCB","23-08-2026 11:00:00",13.328028,75.797056,CO,11,64,18
India,Karnataka,Gadag,"Panchal Nagar, Gadag - KSPCB","23-08-2026 11:00:00",15.411456,75.638133,NO2,17,20,18
India,Karnataka,Gadag,"Panchal Nagar, Gadag - KSPCB","23-08-2026 11:00:00",15.411456,75.638133,OZONE,16,18,17
India,Karnataka,Hubballi,"Lingaraj Nagar, Hubballi - KSPCB","23-08-2026 11:00:00",15.3714823,75.1160168,PM2.5,31,41,39
India,Karnataka,Madikeri,"Stuart Hill, Madikeri - KSPCB","23-08-2026 11:00:00",12.415911,75.73505,NO2,2,3,2
India,Karnataka,Madikeri,"Stuart Hill, Madikeri - KSPCB","23-08-2026 11:00:00",12.415911,75.73505,CO,8,20,13
India,Karnataka,Mangalore,"Kadri, Mangalore - KSPCB","23-08-2026 11:00:00",12.88925,74.853,NO2,3,6,5
India,Karnataka,Mangalore,"Kadri, Mangalore - KSPCB","23-08-2026 11:00:00",12.88925,74.853,NH3,1,4,3
India,Karnataka,Mangalore,"Kadri, Mangalore - KSPCB","23-08-2026 11:00:00",12.88925,74.853,SO2,NA,NA,NA
India,Karnataka,Mangalore,"Kadri, Mangalore - KSPCB","23-08-2026 11:00:00",12.88925,74.853,OZONE,34,34,34
India,Haryana,Kurukshetra,"Sector-7, Kurukshetra - HSPCB","23-08-2026 11:00:00",29.966942,76.875879,NH3,5,6,5
India,Haryana,Mandikhera,"General Hospital, Mandikhera(Nuh) - HSPCB","23-08-2026 11:00:00",27.9002,76.9938,OZONE,46,49,47
India,Haryana,Manesar,"Sector-2 IMT, Manesar - HSPCB","23-08-2026 11:00:00",28.360699,76.93609,NO2,27,116,50
India,Haryana,Manesar,"Sector-2 IMT, Manesar - HSPCB","23-08-2026 11:00:00",28.360699,76.93609,CO,12,16,14
India,Haryana,Manesar,"Sector-2 IMT, Manesar - HSPCB","23-08-2026 11:00:00",28.360699,76.93609,OZONE,8,43,21
India,Haryana,Narnaul,"Shastri Nagar, Narnaul - HSPCB","23-08-2026 11:00:00",28.060249,76.113115,NO2,19,76,45
India,Haryana,Palwal,"Shyam Nagar, Palwal - HSPCB","23-08-2026 11:00:00",28.1485564,77.3320667,NH3,6,6,6
India,Maharashtra,Hingoli,"Ashta Vinayak Nagar, Hingoli - MPCB","23-08-2026 11:00:00",19.710842,77.151824,NO2,4,21,8
India,Maharashtra,Hingoli,"Ashta Vinayak Nagar, Hingoli - MPCB","23-08-2026 11:00:00",19.710842,77.151824,NH3,1,3,1
India,Maharashtra,Hingoli,"Ashta Vinayak Nagar, Hingoli - MPCB","23-08-2026 11:00:00",19.710842,77.151824,OZONE,6,19,10
India,Maharashtra,Jalgaon,"Prabhat Colony, Jalgaon - MPCB","23-08-2026 11:00:00",21.001264,75.565602,PM2.5,18,41,30
India,Maharashtra,Jalgaon,"Prabhat Colony, Jalgaon - MPCB","23-08-2026 11:00:00",21.001264,75.565602,OZONE,8,22,14
India,Maharashtra,Jalna,"Old MIDC, Jalna - MPCB","23-08-2026 11:00:00",19.854616,75.905894,PM10,45,88,62
India,Maharashtra,Jalna,"Old MIDC, Jalna - MPCB","23-08-2026 11:00:00",19.854616,75.905894,NO2,14,24,19
India,Maharashtra,Jalna,"Old MIDC, Jalna - MPCB","23-08-2026 11:00:00",19.854616,75.905894,SO2,9,9,9
India,Maharashtra,Kalyan,"Khadakpada, Kalyan - MPCB","23-08-2026 11:00:00",19.25292,73.142019,PM10,32,152,80
India,Maharashtra,Kalyan,"Pimpleshwar Mandir, Kalyan - MPCB","23-08-2026 11:00:00",19.192056,72.9585188,NH3,0,1,1
India,Maharashtra,Kolhapur,"Sinchan Bhavan, Kolhapur - MPCB","23-08-2026 11:00:00",16.7143745,74.2426398,PM10,15,29,22
India,Maharashtra,Kolhapur,"Shivaji University, Kolhapur - MPCB","23-08-2026 11:00:00",16.6870449,74.2505872,NH3,3,4,4
India,Maharashtra,Mahad,"Kamble Tarf Birwadi, Mahad - MPCB","23-08-2026 11:00:00",18.1023399,73.4783687,CO,27,37,34
India,Maharashtra,Malegaon,"Mahesh Nagar, Malegaon - MPCB","23-08-2026 11:00:00",20.555712,74.529236,PM10,43,82,65
India,Maharashtra,Malegaon,"Mahesh Nagar, Malegaon - MPCB","23-08-2026 11:00:00",20.555712,74.529236,NH3,NA,NA,NA
India,Maharashtra,Malegaon,"Mahesh Nagar, Malegaon - MPCB","23-08-2026 11:00:00",20.555712,74.529236,CO,5,12,8
India,Maharashtra,Mira-Bhayandar,"Bhayandar West, Mira-Bhayandar - MPCB","23-08-2026 11:00:00",19.296481,72.840923,PM2.5,15,36,28
India,Maharashtra,Mira-Bhayandar,"Bhayandar West, Mira-Bhayandar - MPCB","23-08-2026 11:00:00",19.296481,72.840923,NH3,1,4,2
India,Maharashtra,Mumbai,"Shivaji Nagar, Mumbai - BMC","23-08-2026 11:00:00",19.060498,72.923356,PM2.5,8,38,22
India,Maharashtra,Mumbai,"Shivaji Nagar, Mumbai - BMC","23-08-2026 11:00:00",19.060498,72.923356,PM10,38,92,59
India,Maharashtra,Aurangabad,"Rachnakar Colony, Aurangabad - MPCB","23-08-2026 11:00:00",19.863756,75.321188,OZONE,9,10,10
India,Maharashtra,Aurangabad,"More Chowk Waluj, Aurangabad - MPCB","23-08-2026 11:00:00",19.8389439,75.244448,PM2.5,42,54,50
India,Maharashtra,Aurangabad,"More Chowk Waluj, Aurangabad - MPCB","23-08-2026 11:00:00",19.8389439,75.244448,NH3,7,8,7
India,Maharashtra,Aurangabad,"More Chowk Waluj, Aurangabad - MPCB","23-08-2026 11:00:00",19.8389439,75.244448,SO2,25,29,27
India,Maharashtra,Badlapur,"Katrap, Badlapur - MPCB","23-08-2026 11:00:00",19.16485,73.23409,PM2.5,12,14,13
India,Maharashtra,Badlapur,"Katrap, Badlapur - MPCB","23-08-2026 11:00:00",19.16485,73.23409,SO2,8,11,10
India,Maharashtra,Badlapur,"Katrap, Badlapur - MPCB","23-08-2026 11:00:00",19.16485,73.23409,CO,38,43,40
India,Maharashtra,Beed,"Bir, Beed - MPCB","23-08-2026 11:00:00",18.988474,75.753873,OZONE,7,14,10
India,Maharashtra,Bhiwandi,"Gokul Nagar, Bhiwandi - MPCB","23-08-2026 11:00:00",19.309073,73.057223,SO2,3,4,3
India,Maharashtra,Chandrapur,"MIDC Khutala, Chandrapur - MPCB","23-08-2026 11:00:00",19.9775302,79.2337086,PM10,NA,NA,NA
India,Maharashtra,Chandrapur,"MIDC Khutala, Chandrapur - MPCB","23-08-2026 11:00:00",19.9775302,79.2337086,NH3,NA,NA,NA
India,Maharashtra,Chandrapur,"Chauhan Colony, Chandrapur - MPCB","23-08-2026 11:00:00",19.9629,79.298714,PM2.5,13,45,27
India,Maharashtra,Chandrapur,"Chauhan Colony, Chandrapur - MPCB","23-08-2026 11:00:00",19.9629,79.298714,SO2,10,11,10
India,Maharashtra,Chandrapur,"Chauhan Colony, Chandrapur - MPCB","23-08-2026 11:00:00",19.9629,79.298714,CO,24,26,25
India,Maharashtra,Chandrapur,"Chauhan Colony, Chandrapur - MPCB","23-08-2026 11:00:00",19.9629,79.298714,OZONE,5,10,8
India,Maharashtra,Dhule,"Deopur, Dhule - MPCB","23-08-2026 11:00:00",20.918946,74.776388,NO2,3,15,9
India,Maharashtra,Dhule,"Deopur, Dhule - MPCB","23-08-2026 11:00:00",20.918946,74.776388,SO2,NA,NA,NA
India,Maharashtra,Dombivli,"Kalu Nagar, Dombivli - MPCB","23-08-2026 11:00:00",19.2268427,73.0788456,NH3,1,2,1
India,Maharashtra,Dombivli,"Kalu Nagar, Dombivli - MPCB","23-08-2026 11:00:00",19.2268427,73.0788456,OZONE,21,38,28
India,Maharashtra,Mumbai,"Sion, Mumbai - MPCB","23-08-2026 11:00:00",19.047,72.8746,NO2,46,69,58
India,Maharashtra,Mumbai,"Sion, Mumbai - MPCB","23-08-2026 11:00:00",19.047,72.8746,OZONE,NA,NA,NA
India,Maharashtra,Mumbai,"Siddharth Nagar-Worli, Mumbai - IITM","23-08-2026 11:00:00",19.000083,72.813993,PM2.5,9,15,12
India,Maharashtra,Mumbai,"Siddharth Nagar-Worli, Mumbai - IITM","23-08-2026 11:00:00",19.000083,72.813993,NH3,1,1,1
India,Maharashtra,Mumbai,"Siddharth Nagar-Worli, Mumbai - IITM","23-08-2026 11:00:00",19.000083,72.813993,OZONE,12,14,13
India,Maharashtra,Mumbai,"Bandra Kurla Complex, Mumbai - MPCB","23-08-2026 11:00:00",19.065931,72.862131,PM10,36,68,49
India,Maharashtra,Mumbai,"Byculla, Mumbai - BMC","23-08-2026 11:00:00",18.9767,72.838,CO,19,26,22
India,Maharashtra,Mumbai,"Byculla, Mumbai - BMC","23-08-2026 11:00:00",18.9767,72.838,OZONE,5,10,7
India,Maharashtra,Mumbai,"Mindspace-Malad West, Mumbai - MPCB","23-08-2026 11:00:00",19.1878657,72.8304069,PM2.5,13,15,14
India,Maharashtra,Mumbai,"Mindspace-Malad West, Mumbai - MPCB","23-08-2026 11:00:00",19.1878657,72.8304069,PM10,26,28,27
India,Maharashtra,Mumbai,"Mindspace-Malad West, Mumbai - MPCB","23-08-2026 11:00:00",19.1878657,72.8304069,NO2,18,19,18
India,Maharashtra,Mumbai,"Navy Nagar-Colaba, Mumbai - IITM","23-08-2026 11:00:00",18.897756,72.81332,PM10,30,152,66
India,Maharashtra,Mumbai,"Mulund West, Mumbai - MPCB","23-08-2026 11:00:00",19.175,72.9419,NO2,12,14,13
India,Maharashtra,Mumbai,"Chembur, Mumbai - MPCB","23-08-2026 11:00:00",19.0364585,72.8954371,NH3,10,22,16
India,Maharashtra,Mumbai,"Chembur, Mumbai - MPCB","23-08-2026 11:00:00",19.0364585,72.8954371,OZONE,NA,NA,NA
India,Maharashtra,Mumbai,"Kandivali West, Mumbai - BMC","23-08-2026 11:00:00",19.215859,72.831718,PM2.5,9,24,15
India,Maharashtra,Mumbai,"Kandivali West, Mumbai - BMC","23-08-2026 11:00:00",19.215859,72.831718,NO2,14,16,15
India,Maharashtra,"Navi Mumbai","Kopripada-Vashi, Navi Mumbai - MPCB","23-08-2026 11:00:00",19.090337,73.014232,SO2,1,1,1
India,Maharashtra,"Navi Mumbai","Tondare-Taloja, Navi Mumbai - MPCB","23-08-2026 11:00:00",19.063,73.1209,PM2.5,23,55,34
India,Maharashtra,"Navi Mumbai","Sanpada, Navi Mumbai - MPCB","23-08-2026 11:00:00",19.0575752,73.0151367,NH3,4,4,4
India,Maharashtra,"Navi Mumbai","Sector-2E Kalamboli, Navi Mumbai - MPCB","23-08-2026 11:00:00",19.02579,73.10297,PM10,19,37,27
India,Maharashtra,"Navi Mumbai","Mahape, Navi Mumbai - MPCB","23-08-2026 11:00:00",19.1135051,73.008978,NO2,42,44,43
India,Maharashtra,"Navi Mumbai","Mahape, Navi Mumbai - MPCB","23-08-2026 11:00:00",19.1135051,73.008978,OZONE,8,10,9
India,Maharashtra,"Navi Mumbai","Nerul, Navi Mumbai - MPCB","23-08-2026 11:00:00",19.008751,73.01662,PM10,20,54,33
India,Maharashtra,"Navi Mumbai","Nerul, Navi Mumbai - MPCB","23-08-2026 11:00:00",19.008751,73.01662,NH3,1,1,1
India,Maharashtra,"Navi Mumbai","Nerul, Navi Mumbai - MPCB","23-08-2026 11:00:00",19.008751,73.01662,CO,NA,NA,NA
India,Maharashtra,Parbhani,"Masoom Colony, Parbhani - MPCB","23-08-2026 11:00:00",19.265594,76.761463,PM10,16,46,27
India,Maharashtra,Parbhani,"Masoom Colony, Parbhani - MPCB","23-08-2026 11:00:00",19.265594,76.761463,CO,10,13,12
India,Maharashtra,Pimpri-Chinchwad,"Gavalinagar, Pimpri Chinchwad - MPCB","23-08-2026 11:00:00",18.63673,73.82487,NH3,2,5,2
India,Maharashtra,Pimpri-Chinchwad,"Gavalinagar, Pimpri Chinchwad - MPCB","23-08-2026 11:00:00",18.63673,73.82487,SO2,1,1,1
India,Maharashtra,Pimpri-Chinchwad,"Bhosari, Pune - IITM","23-08-2026 11:00:00",18.640051,73.848956,PM10,35,89,61
India,Maharashtra,Pimpri-Chinchwad,"Bhosari, Pune - IITM","23-08-2026 11:00:00",18.640051,73.848956,NO2,25,43,32
India,Maharashtra,Nagpur,"Ram Nagar, Nagpur - MPCB","23-08-2026 11:00:00",21.143383,79.048912,PM2.5,27,65,44
India,Maharashtra,Nagpur,"Ram Nagar, Nagpur - MPCB","23-08-2026 11:00:00",21.143383,79.048912,NO2,4,12,6
India,Maharashtra,Nagpur,"Ram Nagar, Nagpur - MPCB","23-08-2026 11:00:00",21.143383,79.048912,OZONE,NA,NA,NA
India,Maharashtra,Nagpur,"Opp GPO Civil Lines, Nagpur - MPCB","23-08-2026 11:00:00",21.152875,79.0517531,NO2,15,16,16
India,Maharashtra,Nagpur,"Opp GPO Civil Lines, Nagpur - MPCB","23-08-2026 11:00:00",21.152875,79.0517531,CO,6,52,30
India,Maharashtra,Nagpur,"Ambazari, Nagpur - MPCB","23-08-2026 11:00:00",21.121801,79.04952,NH3,2,3,2
India,Maharashtra,Nagpur,"Ambazari, Nagpur - MPCB","23-08-2026 11:00:00",21.121801,79.04952,OZONE,2,9,6
India,Maharashtra,Nanded,"Sneh Nagar, Nanded - MPCB","23-08-2026 11:00:00",19.173852,77.296291,NO2,4,12,8
India,Maharashtra,Nanded,"Sneh Nagar, Nanded - MPCB","23-08-2026 11:00:00",19.173852,77.296291,OZONE,13,27,17
India,Maharashtra,Nashik,"Gangapur Road, Nashik - MPCB","23-08-2026 11:00:00",20.0073285,73.7762427,NH3,3,3,3
India,Maharashtra,Nashik,"Pandav Nagari, Nashik - MPCB","23-08-2026 11:00:00",19.9591346,73.7788008,NH3,2,3,2
India,Maharashtra,Nashik,"Hirawadi, Nashik - MPCB","23-08-2026 11:00:00",20.021503,73.813844,SO2,10,15,12
India,Maharashtra,Nashik,"MIDC Ambad, Nashik - MPCB","23-08-2026 11:00:00",19.95022,73.73148,NO2,3,8,5
India,Maharashtra,Mumbai,"Khindipada-Bhandup West, Mumbai - IITM","23-08-2026 11:00:00",19.1653323,72.922099,PM2.5,5,31,14
India,Maharashtra,Mumbai,"Khindipada-Bhandup West, Mumbai - IITM","23-08-2026 11:00:00",19.1653323,72.922099,CO,31,41,39
India,Maharashtra,Mumbai,"Malad West, Mumbai - IITM","23-08-2026 11:00:00",19.19709,72.82204,PM2.5,7,28,14
India,Maharashtra,Mumbai,"Chakala-Andheri East, Mumbai - IITM","23-08-2026 11:00:00",19.11074,72.86084,SO2,1,29,11
India,Maharashtra,Mumbai,"Bandra Kurla Complex, Mumbai - IITM","23-08-2026 11:00:00",19.053536,72.84643,NH3,1,4,2
India,Maharashtra,Mumbai,"Kurla, Mumbai - MPCB","23-08-2026 11:00:00",19.0863,72.8888,PM2.5,17,130,44
India,Maharashtra,Mumbai,"Kurla, Mumbai - MPCB","23-08-2026 11:00:00",19.0863,72.8888,PM10,20,133,50
India,Maharashtra,Mumbai,"Kurla, Mumbai - MPCB","23-08-2026 11:00:00",19.0863,72.8888,NH3,2,2,2
India,Maharashtra,Mumbai,"Deonar, Mumbai - IITM","23-08-2026 11:00:00",19.04946,72.923,CO,12,12,12
India,Maharashtra,Mumbai,"Chhatrapati Shivaji Intl. Airport (T2), Mumbai - MPCB","23-08-2026 11:00:00",19.10078,72.87462,NO2,13,13,13
India,Maharashtra,Pune,"Mhada Colony, Pune - IITM","23-08-2026 11:00:00",18.57304,73.927715,NH3,NA,NA,NA
India,Maharashtra,Pune,"Dhankawadi, Pune - IITM","23-08-2026 11:00:00",18.459883,73.852193,PM10,26,59,43
India,Maharashtra,Pune,"Dhankawadi, Pune - IITM","23-08-2026 11:00:00",18.459883,73.852193,NH3,NA,NA,NA
India,Maharashtra,Pune,"Panchawati_Pashan, Pune - IITM","23-08-2026 11:00:00",18.536457,73.805454,PM2.5,21,46,28
India,Maharashtra,Pune,"Panchawati_Pashan, Pune - IITM","23-08-2026 11:00:00",18.536457,73.805454,CO,19,56,38
India,Maharashtra,Sangli,"Vijay Nagar, Sangli - MPCB","23-08-2026 11:00:00",16.5038,74.3623,PM2.5,13,47,26
India,Maharashtra,Sangli,"Vijay Nagar, Sangli - MPCB","23-08-2026 11:00:00",16.5038,74.3623,NH3,1,3,1
India,Maharashtra,Satara,"Koyana Nagar, Satara - MPCB","23-08-2026 11:00:00",17.696651,74.003387,SO2,2,6,5
India,Maharashtra,Solapur,"Dnyaneshwar Nagar, Solapur - MPCB","23-08-2026 11:00:00",17.6336264,75.9132495,NO2,4,11,6
India,Maharashtra,Solapur,"Dnyaneshwar Nagar, Solapur - MPCB","23-08-2026 11:00:00",17.6336264,75.9132495,NH3,4,11,7
India,Maharashtra,Solapur,"Ratandeep Housing Society, Solapur - MPCB","23-08-2026 11:00:00",17.65439,75.90649,PM2.5,17,42,33
India,Maharashtra,Solapur,"Ratandeep Housing Society, Solapur - MPCB","23-08-2026 11:00:00",17.65439,75.90649,PM10,16,50,32
India,Maharashtra,Thane,"Upvan Fort, Thane - MPCB","23-08-2026 11:00:00",19.222279,72.957979,PM2.5,9,30,18
India,Maharashtra,Thane,"Upvan Fort, Thane - MPCB","23-08-2026 11:00:00",19.222279,72.957979,SO2,0,5,2
India,Maharashtra,Thane,"Kasarvadavali, Thane - MPCB","23-08-2026 11:00:00",19.26777,72.97182,PM2.5,19,52,32
India,Maharashtra,Pimpri-Chinchwad,"Park Street Wakad, Pimpri Chinchwad - MPCB","23-08-2026 11:00:00",18.59051,73.77946,NO2,10,21,15
India,Maharashtra,Pimpri-Chinchwad,"Savta Mali Nagar, Pimpri-Chinchwad - IITM","23-08-2026 11:00:00",18.614767,73.799516,NH3,NA,NA,NA
India,Maharashtra,Pune,"Hadapsar, Pune - IITM","23-08-2026 11:00:00",18.501793,73.927532,SO2,NA,NA,NA
India,Maharashtra,Pune,"Revenue Colony-Shivajinagar, Pune - IITM","23-08-2026 11:00:00",18.530085,73.849598,CO,57,89,72
India,Punjab,Rupnagar,"Ratanpura, Rupnagar - Ambuja Cements","23-08-2026 11:00:00",31.0325454,76.5623046,NO2,9,47,26
India,Punjab,Rupnagar,"Ratanpura, Rupnagar - Ambuja Cements","23-08-2026 11:00:00",31.0325454,76.5623046,NH3,NA,NA,NA
India,Punjab,Rupnagar,"Ratanpura, Rupnagar - Ambuja Cements","23-08-2026 11:00:00",31.0325454,76.5623046,CO,53,57,55
India,Rajasthan,Alwar,"Vigyan Nagar, Alwar - RSPCB","23-08-2026 11:00:00",27.598796,76.63861,PM2.5,7,107,43
India,Rajasthan,Banswara,"Rati Talai, Banswara - RSPCB","23-08-2026 11:00:00",23.55519,74.44001,SO2,5,23,8
India,Rajasthan,Banswara,"Rati Talai, Banswara - RSPCB","23-08-2026 11:00:00",23.55519,74.44001,OZONE,17,43,29
India,Rajasthan,Baran,"Bamboliya, Baran - RSPCB","23-08-2026 11:00:00",25.106006,76.469948,PM2.5,17,30,23
India,Rajasthan,Barmer,"Railway Colony, Barmer - RSPCB","23-08-2026 11:00:00",25.747299,71.393989,PM10,34,81,61
India,Rajasthan,Bharatpur,"Krishna Nagar, Bharatpur - RSPCB","23-08-2026 11:00:00",27.215415,77.50873,NO2,2,18,7
India,Rajasthan,Bharatpur,"Krishna Nagar, Bharatpur - RSPCB","23-08-2026 11:00:00",27.215415,77.50873,OZONE,5,43,31
India,Rajasthan,Bhilwara,"Pratap Nagar, Bhilwara - RSPCB","23-08-2026 11:00:00",25.339605,74.618883,PM2.5,28,67,45
India,Rajasthan,Bhilwara,"Pratap Nagar, Bhilwara - RSPCB","23-08-2026 11:00:00",25.339605,74.618883,SO2,6,10,8
India,Rajasthan,Bhilwara,"Pratap Nagar, Bhilwara - RSPCB","23-08-2026 11:00:00",25.339605,74.618883,CO,NA,NA,NA
India,Rajasthan,Bikaner,"MM Ground, Bikaner - RSPCB","23-08-2026 11:00:00",28.018792,73.292658,OZONE,12,35,22
India,Rajasthan,Bundi,"New Colony, Bundi - RSPCB","23-08-2026 11:00:00",25.435774,75.644272,PM10,45,103,69
India,Rajasthan,Bundi,"New Colony, Bundi - RSPCB","23-08-2026 11:00:00",25.435774,75.644272,NH3,NA,NA,NA
India,Rajasthan,Bundi,"New Colony, Bundi - RSPCB","23-08-2026 11:00:00",25.435774,75.644272,OZONE,21,43,28
India,Rajasthan,Chittorgarh,"Shastri Nagar, Chittorgarh - RSPCB","23-08-2026 11:00:00",24.892047,74.623527,NH3,9,17,11
India,Rajasthan,Chittorgarh,"Shastri Nagar, Chittorgarh - RSPCB","23-08-2026 11:00:00",24.892047,74.623527,CO,5,9,7
India,Rajasthan,Chittorgarh,"Shastri Nagar, Chittorgarh - RSPCB","23-08-2026 11:00:00",24.892047,74.623527,OZONE,18,57,31
India,Rajasthan,Churu,"Subash Chowk, Churu - RSPCB","23-08-2026 11:00:00",28.296139,74.961696,PM2.5,2,41,22
India,Rajasthan,Churu,"Subash Chowk, Churu - RSPCB","23-08-2026 11:00:00",28.296139,74.961696,NH3,4,5,4
India,Rajasthan,Dausa,"Khatikan Mohalla, Dausa - RSPCB","23-08-2026 11:00:00",26.895552,76.334753,PM2.5,25,72,45
India,Rajasthan,Dausa,"Khatikan Mohalla, Dausa - RSPCB","23-08-2026 11:00:00",26.895552,76.334753,PM10,27,122,78
India,Rajasthan,Dausa,"Khatikan Mohalla, Dausa - RSPCB","23-08-2026 11:00:00",26.895552,76.334753,CO,13,28,22
India,Rajasthan,Dungarpur,"Bhoiwada, Dungarpur - RSPCB","23-08-2026 11:00:00",23.837789,73.714926,NH3,10,13,12
India,Odisha,Baripada,"Meher Colony, Baripada - OSPCB","23-08-2026 11:00:00",21.941841,86.728318,CO,8,26,15
India,Odisha,Bhubaneswar,"Patia, Bhubaneswar - OSPCB","23-08-2026 11:00:00",20.34652,85.8163,CO,32,36,34
India,Odisha,Bhubaneswar,"Patia, Bhubaneswar - OSPCB","23-08-2026 11:00:00",20.34652,85.8163,OZONE,9,19,14
India,Odisha,Bhubaneswar,"Lingraj Mandir, Bhubaneswar - OSPCB","23-08-2026 11:00:00",20.24079,85.836784,PM2.5,7,237,52
India,Odisha,Brajrajnagar,"GM Office, Brajrajnagar - OSPCB","23-08-2026 11:00:00",21.8004996,83.8396977,NO2,21,44,26
India,Odisha,Brajrajnagar,"GM Office, Brajrajnagar - OSPCB","23-08-2026 11:00:00",21.8004996,83.8396977,CO,40,56,51
India,Odisha,Brajrajnagar,"GM Office, Brajrajnagar - OSPCB","23-08-2026 11:00:00",21.8004996,83.8396977,OZONE,42,44,43
India,Odisha,Byasanagar,"Ferro Chrome Colony, Byasanagar - OSPCB","23-08-2026 11:00:00",20.94185,86.1151,NO2,6,17,11
India,Odisha,Byasanagar,"Ferro Chrome Colony, Byasanagar - OSPCB","23-08-2026 11:00:00",20.94185,86.1151,CO,32,59,43
India,Odisha,Keonjhar,"Jagamohanpur, Keonjhar - OSPCB","23-08-2026 11:00:00",21.6439,85.599355,PM10,NA,NA,NA
India,Odisha,Keonjhar,"Jagamohanpur, Keonjhar - OSPCB","23-08-2026 11:00:00",21.6439,85.599355,NH3,2,2,2
India,Rajasthan,Jalore,"Mudtra Sili, Jalore - RSPCB","23-08-2026 11:00:00",25.344694,72.626208,OZONE,15,33,23
India,Rajasthan,Jodhpur,"Digari Kalan, Jodhpur - RSPCB","23-08-2026 11:00:00",26.29581,73.082283,PM10,75,151,97
India,Rajasthan,Jodhpur,"Digari Kalan, Jodhpur - RSPCB","23-08-2026 11:00:00",26.29581,73.082283,CO,9,14,12
India,Rajasthan,Jodhpur,"Digari Kalan, Jodhpur - RSPCB","23-08-2026 11:00:00",26.29581,73.082283,OZONE,14,27,21
India,Rajasthan,Jodhpur,"Jhalamand, Jodhpur - RSPCB","23-08-2026 11:00:00",26.215415,73.070156,PM10,80,139,102
India,Rajasthan,Jodhpur,"Jhalamand, Jodhpur - RSPCB","23-08-2026 11:00:00",26.215415,73.070156,NO2,3,10,6
India,Rajasthan,Jodhpur,"Mandor, Jodhpur - RSPCB","23-08-2026 11:00:00",26.358805,73.047444,NH3,2,3,3
India,Rajasthan,Jodhpur,"Collectorate, Jodhpur - RSPCB","23-08-2026 11:00:00",26.268249,73.0193853,NH3,2,8,5
India,Rajasthan,Jodhpur,"Collectorate, Jodhpur - RSPCB","23-08-2026 11:00:00",26.268249,73.0193853,SO2,5,14,8
India,Rajasthan,Jodhpur,"Collectorate, Jodhpur - RSPCB","23-08-2026 11:00:00",26.268249,73.0193853,CO,5,25,11
India,Rajasthan,Jodhpur,"Samrat Ashok Udhyan, Jodhpur - RSPCB","23-08-2026 11:00:00",26.253384,72.976571,CO,13,19,15
India,Odisha,Keonjhar,"Jagamohanpur, Keonjhar - OSPCB","23-08-2026 11:00:00",21.6439,85.599355,CO,37,45,42
India,Odisha,Rourkela,"Sector-2, Rourkela - OSPCB","23-08-2026 11:00:00",22.245,84.88111111,PM2.5,11,11,11
India,Odisha,Rourkela,"Raghunathpali, Rourkela - OSPCB","23-08-2026 11:00:00",22.220833,84.809444,OZONE,3,3,3
India,Odisha,Rourkela,"Fertilizer Township, Rourkela - OSPCB","23-08-2026 11:00:00",22.18972222,84.86277778,CO,NA,NA,NA
India,Odisha,Talcher,"Talcher Coalfields,Talcher - OSPCB","23-08-2026 11:00:00",20.9360711,85.1707021,PM2.5,8,80,32
India,Odisha,Talcher,"Talcher Coalfields,Talcher - OSPCB","23-08-2026 11:00:00",20.9360711,85.1707021,PM10,NA,NA,NA
India,Odisha,Talcher,"Talcher Coalfields,Talcher - OSPCB","23-08-2026 11:00:00",20.9360711,85.1707021,NH3,6,7,7
India,Odisha,Tensa,"Barsua Iron Ore Mines, Tensa - OSPCB","23-08-2026 11:00:00",21.869985,85.167016,PM2.5,13,31,19
India,Odisha,Tensa,"Barsua Iron Ore Mines, Tensa - OSPCB","23-08-2026 11:00:00",21.869985,85.167016,SO2,14,36,27
India,Odisha,Tensa,"Barsua Iron Ore Mines, Tensa - OSPCB","23-08-2026 11:00:00",21.869985,85.167016,CO,NA,NA,NA
India,Punjab,Bathinda,"Hardev Nagar, Bathinda - PPCB","23-08-2026 11:00:00",30.233011,74.907758,NH3,NA,NA,NA
India,Punjab,Bathinda,"Hardev Nagar, Bathinda - PPCB","23-08-2026 11:00:00",30.233011,74.907758,SO2,10,24,15
India,Punjab,Jalandhar,"Civil Line, Jalandhar - PPCB","23-08-2026 11:00:00",31.321907,75.578914,NH3,3,3,3
India,Punjab,Ludhiana,"Punjab Agricultural University, Ludhiana - PPCB","23-08-2026 11:00:00",30.9028,75.8086,PM10,44,115,70
India,Punjab,Ludhiana,"Punjab Agricultural University, Ludhiana - PPCB","23-08-2026 11:00:00",30.9028,75.8086,NO2,14,41,30
India,Punjab,Ludhiana,"Punjab Agricultural University, Ludhiana - PPCB","23-08-2026 11:00:00",30.9028,75.8086,CO,12,30,19
India,Punjab,Patiala,"Model Town, Patiala - PPCB","23-08-2026 11:00:00",30.349388,76.366642,NH3,3,9,6
India,Rajasthan,Jaipur,"Mansarovar Sector-12, Jaipur - RSPCB","23-08-2026 11:00:00",26.843698,75.766894,OZONE,20,52,37
India,Rajasthan,Jaipur,"Sector-2 Murlipura, Jaipur - RSPCB","23-08-2026 11:00:00",26.960669,75.771817,PM2.5,35,60,46
India,Rajasthan,Jaipur,"Police Commissionerate, Jaipur - RSPCB","23-08-2026 11:00:00",26.9164092,75.7994901,PM10,60,106,84
India,Rajasthan,Jaipur,"RIICO Sitapura, Jaipur - RSPCB","23-08-2026 11:00:00",26.786682,75.827928,PM2.5,47,147,76
India,Rajasthan,Jaipur,"RIICO Sitapura, Jaipur - RSPCB","23-08-2026 11:00:00",26.786682,75.827928,NH3,3,4,3
India,Rajasthan,Jaisalmer,"Sadar Bazar, Jaisalmer - RSPCB","23-08-2026 11:00:00",26.912329,70.909168,PM2.5,15,43,28
India,Meghalaya,Shillong,"JN Stadium, Shillong - Meghalaya PCB","23-08-2026 11:00:00",25.5803419,91.8942571,NO2,2,10,5
India,Mizoram,Aizawl,"Sikulpuikawn, Aizawl - Mizoram PCB","23-08-2026 11:00:00",23.7176342,92.7192841,SO2,14,15,14
India,Odisha,Balasore,"Kalidaspur, Balasore - OSPCB","23-08-2026 11:00:00",21.51161,86.89088,CO,37,47,42
India,Odisha,Barbil,"Forest Office, Barbil - OSPCB","23-08-2026 11:00:00",22.1166054,85.3945546,OZONE,5,25,14
India,Maharashtra,Ulhasnagar,"Sidhi Vinayak Nagar, Ulhasnagar - MPCB","23-08-2026 11:00:00",19.235581,73.159121,PM2.5,11,45,35
India,Maharashtra,Ulhasnagar,"Sidhi Vinayak Nagar, Ulhasnagar - MPCB","23-08-2026 11:00:00",19.235581,73.159121,NH3,1,2,2
India,Maharashtra,Ulhasnagar,"Sidhi Vinayak Nagar, Ulhasnagar - MPCB","23-08-2026 11:00:00",19.235581,73.159121,OZONE,0,5,2
India,Maharashtra,Ulhasnagar,"Vithalwadi, Ulhasnagar - MPCB","23-08-2026 11:00:00",19.2307571,73.155192,SO2,6,34,9
India,Rajasthan,Sikar,"Radhakishan Pura, Sikar - RSPCB","23-08-2026 11:00:00",27.608912,75.153302,NO2,5,14,9
India,Rajasthan,Sikar,"Radhakishan Pura, Sikar - RSPCB","23-08-2026 11:00:00",27.608912,75.153302,SO2,3,4,4
India,Rajasthan,Sikar,"Radhakishan Pura, Sikar - RSPCB","23-08-2026 11:00:00",27.608912,75.153302,CO,14,18,16
India,Rajasthan,Sirohi,"Vedhaynath Colony, Sirohi - RSPCB","23-08-2026 11:00:00",24.885261,72.857549,PM2.5,20,42,29
India,Rajasthan,"Sri Ganganagar","Old City, Sri Ganganagar - RSPCB","23-08-2026 11:00:00",29.931624,73.864511,SO2,3,9,5
India,Rajasthan,"Sri Ganganagar","Old City, Sri Ganganagar - RSPCB","23-08-2026 11:00:00",29.931624,73.864511,CO,19,28,23
India,Rajasthan,Tonk,"Shastri Nagar, Tonk - RSPCB","23-08-2026 11:00:00",26.159933,75.780517,PM2.5,30,83,56
India,Rajasthan,Tonk,"Shastri Nagar, Tonk - RSPCB","23-08-2026 11:00:00",26.159933,75.780517,NO2,6,18,10
India,Rajasthan,Udaipur,"Ashok Nagar, Udaipur - RSPCB","23-08-2026 11:00:00",24.5886166,73.6321397,PM2.5,54,125,84
India,Rajasthan,Udaipur,"Ashok Nagar, Udaipur - RSPCB","23-08-2026 11:00:00",24.5886166,73.6321397,PM10,57,108,88
India,Sikkim,Gangtok,"Zero Point GICI, Gangtok - SSPCB","23-08-2026 11:00:00",27.33853,88.614099,NO2,7,8,8
India,"Tamil Nadu",Chennai,"Kodungaiyur, Chennai - TNPCB","23-08-2026 11:00:00",13.1278,80.2642,NO2,11,15,14
India,"Tamil Nadu",Chennai,"Kodungaiyur, Chennai - TNPCB","23-08-2026 11:00:00",13.1278,80.2642,NH3,4,6,4
India,"Tamil Nadu",Chennai,"Kodungaiyur, Chennai - TNPCB","23-08-2026 11:00:00",13.1278,80.2642,SO2,4,8,6
India,"Tamil Nadu",Chennai,"Velachery Res. Area, Chennai - CPCB","23-08-2026 11:00:00",13.0052189,80.2398125,NO2,11,13,12
India,"Tamil Nadu",Chennai,"Velachery Res. Area, Chennai - CPCB","23-08-2026 11:00:00",13.0052189,80.2398125,SO2,4,5,4
India,"Tamil Nadu",Chennai,"Perungudi, Chennai - TNPCB","23-08-2026 11:00:00",12.9533,80.2357,SO2,2,8,5
India,"Tamil Nadu",Chennai,"Manali Village, Chennai - TNPCB","23-08-2026 11:00:00",13.1662,80.2584,NH3,0,2,1
India,"Tamil Nadu",Chennai,"Manali, Chennai - CPCB","23-08-2026 11:00:00",13.164544,80.26285,PM10,14,226,70
India,"Tamil Nadu",Chennai,"Manali, Chennai - CPCB","23-08-2026 11:00:00",13.164544,80.26285,SO2,4,7,6
India,"Tamil Nadu",Coimbatore,"SIDCO Kurichi, Coimbatore - TNPCB","23-08-2026 11:00:00",10.942451,76.978996,OZONE,19,20,20
India,"Tamil Nadu",Cuddalore,"Kudikadu, Cuddalore - TNPCB","23-08-2026 11:00:00",11.6829898,79.7532099,PM10,NA,NA,NA
India,"Tamil Nadu",Cuddalore,"Semmandalam, Cuddalore - TNPCB","23-08-2026 11:00:00",11.7637683,79.7499835,CO,NA,NA,NA
India,"Tamil Nadu",Gummidipoondi,"Anthoni Pillai Nagar, Gummidipoondi - TNPCB","23-08-2026 11:00:00",13.4127,80.1081,NH3,0,1,1
India,"Tamil Nadu",Thoothukudi,"Meelavittan, Thoothukudi - TNPCB","23-08-2026 11:00:00",8.816428,78.099039,NO2,10,22,16
India,Telangana,Hyderabad,"Zoo Park, Hyderabad - TSPCB","23-08-2026 11:00:00",17.349694,78.451437,OZONE,3,5,4
India,Telangana,Hyderabad,"Central University, Hyderabad - TSPCB","23-08-2026 11:00:00",17.460103,78.334361,PM2.5,10,25,16
India,Telangana,Hyderabad,"Central University, Hyderabad - TSPCB","23-08-2026 11:00:00",17.460103,78.334361,SO2,1,14,6
India,Telangana,Hyderabad,"Central University, Hyderabad - TSPCB","23-08-2026 11:00:00",17.460103,78.334361,CO,19,20,20
India,Telangana,Hyderabad,"IITH Kandi, Hyderabad - TSPCB","23-08-2026 11:00:00",17.585705,78.126199,NO2,11,16,13
India,Telangana,Hyderabad,"IITH Kandi, Hyderabad - TSPCB","23-08-2026 11:00:00",17.585705,78.126199,CO,21,28,23
India,Telangana,Hyderabad,"Nacharam_TSIIC IALA, Hyderabad - TSPCB","23-08-2026 11:00:00",17.429398,78.569354,PM10,NA,NA,NA
India,Telangana,Hyderabad,"Nacharam_TSIIC IALA, Hyderabad - TSPCB","23-08-2026 11:00:00",17.429398,78.569354,NH3,NA,NA,NA
India,Rajasthan,Karauli,"Satyawati Vihar, Karauli - RSPCB","23-08-2026 11:00:00",26.506177,77.025989,NH3,6,13,9
India,Rajasthan,Karauli,"Satyawati Vihar, Karauli - RSPCB","23-08-2026 11:00:00",26.506177,77.025989,SO2,7,13,9
India,Rajasthan,Khairthal,"New Anaj Mandi, Khairthal - RSPCB","23-08-2026 11:00:00",27.8015617,76.6365217,PM10,101,128,112
India,Rajasthan,Khairthal,"New Anaj Mandi, Khairthal - RSPCB","23-08-2026 11:00:00",27.8015617,76.6365217,NO2,28,35,30
India,Rajasthan,Khairthal,"New Anaj Mandi, Khairthal - RSPCB","23-08-2026 11:00:00",27.8015617,76.6365217,SO2,1,1,1
India,Rajasthan,Khairthal,"New Anaj Mandi, Khairthal - RSPCB","23-08-2026 11:00:00",27.8015617,76.6365217,CO,60,74,67
India,Rajasthan,Kota,"Nayapura, Kota - RSPCB","23-08-2026 11:00:00",25.196024,75.855668,NH3,5,7,6
India,Rajasthan,Kota,"Nayapura, Kota - RSPCB","23-08-2026 11:00:00",25.196024,75.855668,SO2,1,6,5
India,Rajasthan,Kota,"Dhanmandi, Kota - RSPCB","23-08-2026 11:00:00",25.16409,75.858137,PM10,45,90,64
India,Rajasthan,Pali,"Indira Colony Vistar, Pali - RSPCB","23-08-2026 11:00:00",25.771061,73.340227,SO2,7,12,9
India,Rajasthan,Pali,"Indira Colony Vistar, Pali - RSPCB","23-08-2026 11:00:00",25.771061,73.340227,OZONE,18,22,20
India,Rajasthan,Pratapgarh,"Pragati Nagar, Pratapgarh - RSPCB","23-08-2026 11:00:00",24.041198,74.780702,NO2,7,17,11
India,Rajasthan,Pratapgarh,"Pragati Nagar, Pratapgarh - RSPCB","23-08-2026 11:00:00",24.041198,74.780702,NH3,5,5,5
India,Rajasthan,Pratapgarh,"Pragati Nagar, Pratapgarh - RSPCB","23-08-2026 11:00:00",24.041198,74.780702,CO,12,14,13
India,Rajasthan,Rajsamand,"Dhoinda, Rajsamand - RSPCB","23-08-2026 11:00:00",25.03636,73.883502,NH3,7,9,8
India,Rajasthan,Rajsamand,"Dhoinda, Rajsamand - RSPCB","23-08-2026 11:00:00",25.03636,73.883502,SO2,3,5,4
India,Rajasthan,"Sawai Madhopur","Sahu Nagar, Sawai Madhopur - RSPCB","23-08-2026 11:00:00",26.031443,76.359327,NH3,2,5,3
India,"Uttar Pradesh","Fatehpur Sikri","Dadupura, Fatehpur Sikri - UPPCB","23-08-2026 11:00:00",27.097694,77.671335,NO2,7,8,8
India,"Uttar Pradesh","Fatehpur Sikri","Dadupura, Fatehpur Sikri - UPPCB","23-08-2026 11:00:00",27.097694,77.671335,NH3,2,2,2
India,"Uttar Pradesh",Firozabad,"Nagla Bhau, Firozabad - UPPCB","23-08-2026 11:00:00",27.168897,78.37696,SO2,15,85,34
India,"Uttar Pradesh",Gajraula,"Rajanpur, Gajraula - UPPCB","23-08-2026 11:00:00",28.829109,78.248796,SO2,9,12,11
India,"Uttar Pradesh",Ghaziabad,"Ved Vihar-Loni, Ghaziabad - UPPCB","23-08-2026 11:00:00",28.739153,77.273668,PM2.5,21,170,78
India,"Uttar Pradesh",Ghaziabad,"Ved Vihar-Loni, Ghaziabad - UPPCB","23-08-2026 11:00:00",28.739153,77.273668,NO2,13,44,25
India,"Uttar Pradesh",Ghaziabad,"Ved Vihar-Loni, Ghaziabad - UPPCB","23-08-2026 11:00:00",28.739153,77.273668,SO2,6,7,7
India,"Uttar Pradesh",Ghaziabad,"Sanjay Nagar, Ghaziabad - UPPCB","23-08-2026 11:00:00",28.685382,77.453839,NO2,11,57,28
India,"Uttar Pradesh",Ghaziabad,"Sanjay Nagar, Ghaziabad - UPPCB","23-08-2026 11:00:00",28.685382,77.453839,CO,22,39,33
India,"Uttar Pradesh",Ghaziabad,"Indirapuram, Ghaziabad - UPPCB","23-08-2026 11:00:00",28.646233,77.358075,CO,16,18,17
India,"Uttar Pradesh",Ghaziabad,"Indirapuram, Ghaziabad - UPPCB","23-08-2026 11:00:00",28.646233,77.358075,OZONE,20,26,24
India,"Uttar Pradesh",Ghaziabad,"Vasundhara, Ghaziabad - UPPCB","23-08-2026 11:00:00",28.6603346,77.3572563,PM2.5,NA,NA,NA
India,"Uttar Pradesh",Ghaziabad,"Vasundhara, Ghaziabad - UPPCB","23-08-2026 11:00:00",28.6603346,77.3572563,PM10,32,166,111
India,"Uttar Pradesh",Ghaziabad,"Wave City, Ghaziabad - UPPCB","23-08-2026 11:00:00",28.646675,77.489049,PM2.5,NA,NA,NA
India,Telangana,Hyderabad,"New Malakpet, Hyderabad - TSPCB","23-08-2026 11:00:00",17.37206,78.50864,CO,17,28,20
India,Telangana,Hyderabad,"Kokapet, Hyderabad - TSPCB","23-08-2026 11:00:00",17.393559,78.339194,NO2,11,15,13
India,Telangana,Hyderabad,"Kokapet, Hyderabad - TSPCB","23-08-2026 11:00:00",17.393559,78.339194,SO2,6,11,8
India,Telangana,Hyderabad,"ECIL Kapra, Hyderabad - TSPCB","23-08-2026 11:00:00",17.470431,78.566959,PM2.5,34,59,43
India,Telangana,Hyderabad,"Kompally Municipal Office, Hyderabad - TSPCB","23-08-2026 11:00:00",17.544899,78.486949,NH3,2,3,3
India,Telangana,Hyderabad,"Kompally Municipal Office, Hyderabad - TSPCB","23-08-2026 11:00:00",17.544899,78.486949,SO2,3,6,5
India,Telangana,Hyderabad,"Sanathnagar, Hyderabad - TSPCB","23-08-2026 11:00:00",17.4559458,78.4332152,PM2.5,8,168,40
India,Telangana,Hyderabad,"Sanathnagar, Hyderabad - TSPCB","23-08-2026 11:00:00",17.4559458,78.4332152,OZONE,27,91,58
India,Tripura,Agartala,"Bardowali, Agartala - Tripura SPCB","23-08-2026 11:00:00",23.8175497,91.2726974,PM2.5,15,60,36
India,Tripura,Agartala,"Bardowali, Agartala - Tripura SPCB","23-08-2026 11:00:00",23.8175497,91.2726974,NH3,NA,NA,NA
India,Tripura,Agartala,"Bardowali, Agartala - Tripura SPCB","23-08-2026 11:00:00",23.8175497,91.2726974,CO,21,25,24
India,"Uttar Pradesh",Agra,"Rohta, Agra - UPPCB","23-08-2026 11:00:00",27.106972,78.000111,SO2,11,22,15
India,"Uttar Pradesh",Agra,"Rohta, Agra - UPPCB","23-08-2026 11:00:00",27.106972,78.000111,OZONE,13,17,15
India,"Uttar Pradesh",Agra,"Sector-3B Avas Vikas Colony, Agra - UPPCB","23-08-2026 11:00:00",27.19412,77.96237,PM10,35,105,62
India,"Uttar Pradesh",Agra,"Sector-3B Avas Vikas Colony, Agra - UPPCB","23-08-2026 11:00:00",27.19412,77.96237,OZONE,12,14,13
India,"Uttar Pradesh",Agra,"Manoharpur, Agra - UPPCB","23-08-2026 11:00:00",27.23711,78.01936,PM2.5,10,188,96
India,"Uttar Pradesh",Agra,"Sanjay Palace, Agra - UPPCB","23-08-2026 11:00:00",27.19865833,78.00598056,SO2,7,7,7
India,"Uttar Pradesh",Agra,"Sanjay Palace, Agra - UPPCB","23-08-2026 11:00:00",27.19865833,78.00598056,OZONE,2,6,4
India,"Uttar Pradesh",Agra,"Shastripuram, Agra - UPPCB","23-08-2026 11:00:00",27.19862,77.92066,PM2.5,21,59,38
India,"Uttar Pradesh",Baghpat,"Sardar Patel Inter College, Baghpat - UPPCB","23-08-2026 11:00:00",28.964949,77.278761,PM10,14,122,71
India,"Uttar Pradesh",Baghpat,"Sardar Patel Inter College, Baghpat - UPPCB","23-08-2026 11:00:00",28.964949,77.278761,NO2,11,25,17
India,"Uttar Pradesh",Baghpat,"Sardar Patel Inter College, Baghpat - UPPCB","23-08-2026 11:00:00",28.964949,77.278761,SO2,2,14,8
India,"Uttar Pradesh",Bareilly,"Rajendra Nagar, Bareilly - UPPCB","23-08-2026 11:00:00",28.38910936,79.42963708,PM10,20,64,46
India,"Uttar Pradesh",Bareilly,"Rajendra Nagar, Bareilly - UPPCB","23-08-2026 11:00:00",28.38910936,79.42963708,NO2,9,11,9
India,"Uttar Pradesh",Ghaziabad,"Wave City, Ghaziabad - UPPCB","23-08-2026 11:00:00",28.646675,77.489049,NH3,NA,NA,NA
India,"Uttar Pradesh",Ghaziabad,"Loni, Ghaziabad - UPPCB","23-08-2026 11:00:00",28.757294,77.278792,PM2.5,35,303,86
India,"Uttar Pradesh",Ghaziabad,"Loni, Ghaziabad - UPPCB","23-08-2026 11:00:00",28.757294,77.278792,CO,19,55,41
India,"Uttar Pradesh","Greater Noida","Knowledge Park - III, Greater Noida - UPPCB","23-08-2026 11:00:00",28.47272,77.482,CO,41,51,45
India,"Uttar Pradesh",Jhansi,"Shivaji Nagar, Jhansi - UPPCB","23-08-2026 11:00:00",25.4547,78.6039,PM10,26,93,55
India,"Uttar Pradesh",Kanpur,"FTI Kidwai Nagar, Kanpur - UPPCB","23-08-2026 11:00:00",26.428282,80.327067,PM10,11,131,57
India,"Uttar Pradesh",Kanpur,"FTI Kidwai Nagar, Kanpur - UPPCB","23-08-2026 11:00:00",26.428282,80.327067,NO2,26,27,26
India,"Uttar Pradesh",Kanpur,"NSI Kalyanpur, Kanpur - UPPCB","23-08-2026 11:00:00",26.509954,80.249612,PM2.5,21,49,36
India,"Uttar Pradesh",Kanpur,"NSI Kalyanpur, Kanpur - UPPCB","23-08-2026 11:00:00",26.509954,80.249612,NH3,2,2,2
India,"Uttar Pradesh",Kanpur,"NSI Kalyanpur, Kanpur - UPPCB","23-08-2026 11:00:00",26.509954,80.249612,OZONE,20,21,20
India,"Uttar Pradesh",Meerut,"Jai Bhim Nagar, Meerut - UPPCB","23-08-2026 11:00:00",28.9535882,77.7622941,PM2.5,2,47,20
India,"Uttar Pradesh",Meerut,"Jai Bhim Nagar, Meerut - UPPCB","23-08-2026 11:00:00",28.9535882,77.7622941,NO2,10,18,14
India,"Uttar Pradesh",Meerut,"Jai Bhim Nagar, Meerut - UPPCB","23-08-2026 11:00:00",28.9535882,77.7622941,SO2,6,13,11
India,"Uttar Pradesh",Meerut,"MIET College, Meerut - UPPCB","23-08-2026 11:00:00",28.972677,77.641018,PM2.5,NA,NA,NA
India,"Uttar Pradesh",Meerut,"Pallavpuram Phase 2, Meerut - UPPCB","23-08-2026 11:00:00",29.06351,77.709723,PM10,21,78,47
India,"Uttar Pradesh",Meerut,"Pallavpuram Phase 2, Meerut - UPPCB","23-08-2026 11:00:00",29.06351,77.709723,NH3,6,8,7
India,"Uttar Pradesh",Meerut,"Ganga Nagar, Meerut - UPPCB","23-08-2026 11:00:00",28.999264,77.7590354,PM2.5,7,52,32
India,"Uttar Pradesh",Moradabad,"Eco Herbal Park, Moradabad - UPPCB","23-08-2026 11:00:00",28.840739,78.697531,NO2,14,26,20
India,"Uttar Pradesh",Moradabad,"Buddhi Vihar, Moradabad - UPPCB","23-08-2026 11:00:00",28.83526,78.7446,NO2,28,29,29
India,"Uttar Pradesh",Khora,"Prashant Garden, Khora - UPPCB","23-08-2026 11:00:00",28.61119,77.34206,PM2.5,73,150,93
India,"Uttar Pradesh",Khora,"Prashant Garden, Khora - UPPCB","23-08-2026 11:00:00",28.61119,77.34206,CO,40,45,42
India,"Uttar Pradesh",Khurja,"Kalindi Kunj, Khurja - UPPCB","23-08-2026 11:00:00",28.2348927,77.8683002,NH3,1,1,1
India,"Uttar Pradesh",Lucknow,"Talkatora District Industries Center, Lucknow - CPCB","23-08-2026 11:00:00",26.83399722,80.8917361,CO,2,13,8
India,"Uttar Pradesh",Lucknow,"Kendriya Vidyalaya, Lucknow - CPCB","23-08-2026 11:00:00",26.906111,80.948222,NO2,19,28,22
India,"Uttar Pradesh",Lucknow,"Kendriya Vidyalaya, Lucknow - CPCB","23-08-2026 11:00:00",26.906111,80.948222,CO,30,48,40
India,"Uttar Pradesh",Lucknow,"Lalbagh, Lucknow - CPCB","23-08-2026 11:00:00",26.8458805,80.9365541,NO2,18,22,20
India,"Uttar Pradesh",Moradabad,"Kashiram Nagar, Moradabad - UPPCB","23-08-2026 11:00:00",28.849399,78.742362,PM2.5,10,113,49
India,"Uttar Pradesh",Noida,"Sector - 125, Noida - UPPCB","23-08-2026 11:00:00",28.5447608,77.3231257,SO2,5,11,8
India,"Uttar Pradesh",Noida,"Sector-1, Noida - UPPCB","23-08-2026 11:00:00",28.5898,77.3101,NO2,13,47,25
India,"Uttar Pradesh",Noida,"Sector-116, Noida - UPPCB","23-08-2026 11:00:00",28.56923,77.393848,OZONE,34,72,51
India,"Uttar Pradesh",Prayagraj,"Motilal Nehru NIT, Prayagraj - UPPCB","23-08-2026 11:00:00",25.494,81.863,NH3,8,8,8
India,"Uttar Pradesh",Prayagraj,"Motilal Nehru NIT, Prayagraj - UPPCB","23-08-2026 11:00:00",25.494,81.863,SO2,17,24,20
India,"Uttar Pradesh",Prayagraj,"Motilal Nehru NIT, Prayagraj - UPPCB","23-08-2026 11:00:00",25.494,81.863,OZONE,11,16,13
India,"Uttar Pradesh",Prayagraj,"Nagar Nigam, Prayagraj - UPPCB","23-08-2026 11:00:00",25.44919916,81.82735986,PM10,20,72,46
India,"Uttar Pradesh",Prayagraj,"Nagar Nigam, Prayagraj - UPPCB","23-08-2026 11:00:00",25.44919916,81.82735986,NO2,5,5,5
India,"Uttar Pradesh",Prayagraj,"Nagar Nigam, Prayagraj - UPPCB","23-08-2026 11:00:00",25.44919916,81.82735986,OZONE,11,18,13
India,"Uttar Pradesh",Prayagraj,"Jhunsi, Prayagraj - UPPCB","23-08-2026 11:00:00",25.425602,81.917152,SO2,48,99,62
India,"Uttar Pradesh",Raebareli," Indira Nagar, Raebareli - NTPC Unchahar","23-08-2026 11:00:00",26.207781,81.245571,CO,51,52,52
India,"Uttar Pradesh",Shamli,"New Tehsil, Shamli - UPPCB","23-08-2026 11:00:00",29.4603683,77.3410291,NH3,1,2,1
India,"Uttar Pradesh",Varanasi,"Bhelupur, Varanasi - UPPCB","23-08-2026 11:00:00",25.301778,82.996789,SO2,22,24,23
India,"Uttar Pradesh",Varanasi,"Bhelupur, Varanasi - UPPCB","23-08-2026 11:00:00",25.301778,82.996789,CO,9,11,10
India,"Uttar Pradesh",Varanasi,"Maldahiya, Varanasi - UPPCB","23-08-2026 11:00:00",25.32393,82.99687,PM10,NA,NA,NA
India,"Uttar Pradesh",Varanasi,"Maldahiya, Varanasi - UPPCB","23-08-2026 11:00:00",25.32393,82.99687,OZONE,4,4,4
India,"Uttar Pradesh",Varanasi,"Ardhali Bazar, Varanasi - UPPCB","23-08-2026 11:00:00",25.3505986,82.9083074,NH3,NA,NA,NA
India,"Uttar Pradesh",Varanasi,"Ardhali Bazar, Varanasi - UPPCB","23-08-2026 11:00:00",25.3505986,82.9083074,SO2,5,6,5
India,"Uttar Pradesh",Varanasi,"Ardhali Bazar, Varanasi - UPPCB","23-08-2026 11:00:00",25.3505986,82.9083074,OZONE,6,22,14
India,"Uttar Pradesh",Vrindavan,"Omex Eternity, Vrindavan - UPPCB","23-08-2026 11:00:00",27.571409,77.655757,PM2.5,NA,NA,NA
India,"Uttar Pradesh",Vrindavan,"Omex Eternity, Vrindavan - UPPCB","23-08-2026 11:00:00",27.571409,77.655757,PM10,NA,NA,NA
India,"Uttar Pradesh",Vrindavan,"Omex Eternity, Vrindavan - UPPCB","23-08-2026 11:00:00",27.571409,77.655757,NO2,27,27,27
India,"Uttar Pradesh",Vrindavan,"Omex Eternity, Vrindavan - UPPCB","23-08-2026 11:00:00",27.571409,77.655757,CO,3,12,5
India,Uttarakhand,Dehradun,"Doon University, Dehradun - UKPCB","23-08-2026 11:00:00",30.269444,78.044167,CO,9,15,11
India,Uttarakhand,Rishikesh,"Shivaji Nagar, Rishikesh - UKPCB","23-08-2026 11:00:00",30.075911,78.2859547,PM2.5,2,2,2
India,"West Bengal",Asansol,"Asansol Court Area, Asansol - WBPCB","23-08-2026 11:00:00",23.685297,86.945968,PM2.5,38,75,51
India,"West Bengal",Asansol,"Evelyn Lodge, Asansol - WBPCB","23-08-2026 11:00:00",23.697936,86.944395,SO2,77,77,77
India,"West Bengal",Asansol,"Mahabir Colliery, Asansol - WBPCB","23-08-2026 11:00:00",23.618183,87.105718,CO,18,47,34
India,"West Bengal",Asansol,"Trivenidevi Bhalotia College, Asansol - WBPCB","23-08-2026 11:00:00",23.616515,87.119133,SO2,43,47,44
India,"West Bengal",Asansol,"Trivenidevi Bhalotia College, Asansol - WBPCB","23-08-2026 11:00:00",23.616515,87.119133,CO,52,78,65
India,"West Bengal",Asansol,"Trivenidevi Bhalotia College, Asansol - WBPCB","23-08-2026 11:00:00",23.616515,87.119133,OZONE,4,15,9
India,"West Bengal",Barrackpore,"SVSPA Campus, Barrackpore - WBPCB","23-08-2026 11:00:00",22.7605581,88.3617589,NH3,6,8,7
India,"West Bengal",Durgapur,"PCBL Residential Complex, Durgapur - WBPCB","23-08-2026 11:00:00",23.508764,87.35444,NO2,76,89,84
India,"West Bengal",Durgapur,"Womens College_City Center, Durgapur - WBPCB","23-08-2026 11:00:00",23.549395,87.300496,CO,14,34,26
India,"West Bengal",Haldia,"Priyambada Housing Estate, Haldia - WBPCB","23-08-2026 11:00:00",22.06047,88.109737,PM2.5,22,26,23
India,"West Bengal",Howrah,"Dasnagar, Howrah - WBPCB","23-08-2026 11:00:00",22.6025571,88.3105664,SO2,3,9,8
India,"West Bengal",Howrah,"Botanical Garden, Howrah - WBPCB","23-08-2026 11:00:00",22.554954,88.292568,PM2.5,10,69,38
India,"West Bengal",Howrah,"Botanical Garden, Howrah - WBPCB","23-08-2026 11:00:00",22.554954,88.292568,NH3,0,1,0
India,"West Bengal",Howrah,"Botanical Garden, Howrah - WBPCB","23-08-2026 11:00:00",22.554954,88.292568,OZONE,13,17,14
India,"West Bengal",Howrah,"Ghusuri, Howrah - WBPCB","23-08-2026 11:00:00",22.611968,88.347422,NO2,41,57,49
India,"West Bengal",Howrah,"Ghusuri, Howrah - WBPCB","23-08-2026 11:00:00",22.611968,88.347422,SO2,6,11,8
India,"West Bengal",Howrah,"Ghusuri, Howrah - WBPCB","23-08-2026 11:00:00",22.611968,88.347422,CO,20,25,22
India,"West Bengal",Kolkata,"Bidhannagar, Kolkata - WBPCB","23-08-2026 11:00:00",22.58157048,88.41002457,PM2.5,7,44,23
India,"West Bengal",Kolkata,"Bidhannagar, Kolkata - WBPCB","23-08-2026 11:00:00",22.58157048,88.41002457,NO2,13,14,13
India,"West Bengal",Kolkata,"Jadavpur, Kolkata - WBPCB","23-08-2026 11:00:00",22.49929,88.36917,PM10,24,102,50
India,"West Bengal",Kolkata,"Rabindra Bharati University, Kolkata - WBPCB","23-08-2026 11:00:00",22.627847,88.380669,NO2,16,33,22
India,"West Bengal",Kolkata,"Rabindra Bharati University, Kolkata - WBPCB","23-08-2026 11:00:00",22.627847,88.380669,NH3,5,8,7
India,"West Bengal",Kolkata,"Fort William, Kolkata - WBPCB","23-08-2026 11:00:00",22.55664,88.342674,PM10,12,66,36
India,"West Bengal",Kolkata,"Rabindra Sarobar, Kolkata - WBPCB","23-08-2026 11:00:00",22.51106,88.35142,PM2.5,18,51,26
India,"West Bengal",Kolkata,"Rabindra Sarobar, Kolkata - WBPCB","23-08-2026 11:00:00",22.51106,88.35142,PM10,20,43,28
India,"West Bengal",Kolkata,"Rabindra Sarobar, Kolkata - WBPCB","23-08-2026 11:00:00",22.51106,88.35142,SO2,5,8,7
India,"West Bengal",Kolkata,"Rabindra Sarobar, Kolkata - WBPCB","23-08-2026 11:00:00",22.51106,88.35142,CO,14,23,18
India,"West Bengal",Kolkata,"Ballygunge, Kolkata - WBPCB","23-08-2026 11:00:00",22.5367507,88.3638022,SO2,5,9,7
India,"West Bengal",Kolkata,"Victoria, Kolkata - WBPCB","23-08-2026 11:00:00",22.5448082,88.3403691,NO2,28,32,30
India,"West Bengal",Siliguri,"Ward-32 Bapupara, Siliguri - WBPCB","23-08-2026 11:00:00",26.6879226,88.4152495,PM2.5,16,28,22
India,Bihar,Hajipur,"Industrial Area, Hajipur - BSPCB","23-08-2026 11:00:00",25.697189,85.2459,PM10,36,66,51
India,Bihar,Katihar,"Mirchaibari, Katihar - BSPCB","23-08-2026 11:00:00",25.560083,87.553265,PM10,20,38,32
India,Bihar,Katihar,"Mirchaibari, Katihar - BSPCB","23-08-2026 11:00:00",25.560083,87.553265,NO2,2,2,2
India,Bihar,Katihar,"Mirchaibari, Katihar - BSPCB","23-08-2026 11:00:00",25.560083,87.553265,NH3,1,1,1
India,Bihar,Katihar,"Mirchaibari, Katihar - BSPCB","23-08-2026 11:00:00",25.560083,87.553265,CO,61,88,73
India,Bihar,Kishanganj,"SDM Office_Khagra, Kishanganj - BSPCB","23-08-2026 11:00:00",26.0881305,87.93840336,CO,44,48,46
India,Bihar,Manguraha,"Forest Rest House, Manguraha - BSPCB","23-08-2026 11:00:00",27.308328,84.531742,CO,16,33,28
India,Bihar,Manguraha,"Forest Rest House, Manguraha - BSPCB","23-08-2026 11:00:00",27.308328,84.531742,OZONE,28,31,29
India,Bihar,Munger,"Town Hall, Munger - BSPCB","23-08-2026 11:00:00",25.376776,86.471523,OZONE,14,17,15
India,Bihar,Muzaffarpur,"Buddha Colony, Muzaffarpur - BSPCB","23-08-2026 11:00:00",26.11442,85.39813,NH3,6,10,8
India,Bihar,Muzaffarpur,"Buddha Colony, Muzaffarpur - BSPCB","23-08-2026 11:00:00",26.11442,85.39813,OZONE,13,55,26
India,Bihar,Muzaffarpur,"MIT-Daudpur Kothi, Muzaffarpur - BSPCB","23-08-2026 11:00:00",26.1403345,85.3650192,NH3,1,2,1
India,Bihar,Muzaffarpur,"MIT-Daudpur Kothi, Muzaffarpur - BSPCB","23-08-2026 11:00:00",26.1403345,85.3650192,SO2,15,33,23
India,Bihar,Muzaffarpur,"MIT-Daudpur Kothi, Muzaffarpur - BSPCB","23-08-2026 11:00:00",26.1403345,85.3650192,CO,7,17,11
India,Bihar,Patna,"Rajbansi Nagar, Patna - BSPCB","23-08-2026 11:00:00",25.599486,85.113666,PM10,NA,NA,NA
India,Bihar,Patna,"Rajbansi Nagar, Patna - BSPCB","23-08-2026 11:00:00",25.599486,85.113666,NH3,NA,NA,NA
India,Bihar,Patna,"Rajbansi Nagar, Patna - BSPCB","23-08-2026 11:00:00",25.599486,85.113666,CO,21,21,21
India,"Andhra Pradesh",Nellore,"Ambedkar Nagar, Nellore - APPCB ","23-08-2026 11:00:00",14.438164,79.966814,NH3,7,8,7
India,"Andhra Pradesh",Rajamahendravaram,"Anand Kala Kshetram, Rajamahendravaram - APPCB","23-08-2026 11:00:00",16.9872867,81.7363176,PM2.5,12,39,25
India,"Andhra Pradesh",Rajamahendravaram,"Anand Kala Kshetram, Rajamahendravaram - APPCB","23-08-2026 11:00:00",16.9872867,81.7363176,NO2,5,17,9
India,"Andhra Pradesh",Rajamahendravaram,"Anand Kala Kshetram, Rajamahendravaram - APPCB","23-08-2026 11:00:00",16.9872867,81.7363176,SO2,4,6,5
India,"Andhra Pradesh",Srikakulam,"Chinna Bharatham Colony, Srikakulam - APPCB","23-08-2026 11:00:00",18.292191,83.897173,PM2.5,9,29,18
India,"Andhra Pradesh",Srikakulam,"Chinna Bharatham Colony, Srikakulam - APPCB","23-08-2026 11:00:00",18.292191,83.897173,CO,62,79,71
India,"Andhra Pradesh",Tirumala,"Toll Gate, Tirumala - APPCB","23-08-2026 11:00:00",13.67,79.35,PM10,10,157,36
India,"Andhra Pradesh",Tirupati,"Vaikuntapuram, Tirupati - APPCB","23-08-2026 11:00:00",13.615387,79.40923,SO2,11,12,11
India,"Andhra Pradesh",Vijayawada,"Rajiv Nagar, Vijayawada - APPCB","23-08-2026 11:00:00",16.554731,80.64911,PM2.5,57,77,65
India,"Andhra Pradesh",Vijayawada,"Rajiv Nagar, Vijayawada - APPCB","23-08-2026 11:00:00",16.554731,80.64911,PM10,60,80,69
India,"Andhra Pradesh",Vijayawada,"HB Colony, Vijayawada - APPCB","23-08-2026 11:00:00",16.536107,80.594233,PM2.5,53,146,64
India,"Andhra Pradesh",Vijayawada,"HB Colony, Vijayawada - APPCB","23-08-2026 11:00:00",16.536107,80.594233,NH3,3,4,3
India,"Andhra Pradesh",Vijayawada,"HB Colony, Vijayawada - APPCB","23-08-2026 11:00:00",16.536107,80.594233,SO2,6,16,8
India,"Andhra Pradesh",Vijayawada,"Rajiv Gandhi Park, Vijayawada - APPCB","23-08-2026 11:00:00",16.509717,80.612222,NH3,4,7,6
India,"Andhra Pradesh",Vijayawada,"Rajiv Gandhi Park, Vijayawada - APPCB","23-08-2026 11:00:00",16.509717,80.612222,SO2,12,18,16
India,Bihar,Begusarai,"Lohiyanagar, Begusarai - BSPCB","23-08-2026 11:00:00",25.42742023,86.13886079,PM10,89,186,133
India,Bihar,Bettiah,"Kamalnath Nagar, Bettiah - BSPCB","23-08-2026 11:00:00",26.80365,84.51954,PM10,20,23,21
India,Bihar,Bhagalpur,"Mayaganj, Bhagalpur - BSPCB","23-08-2026 11:00:00",25.265194,87.012947,PM2.5,13,486,192
India,Bihar,Bhagalpur,"Mayaganj, Bhagalpur - BSPCB","23-08-2026 11:00:00",25.265194,87.012947,CO,24,108,63
India,Bihar,Bhagalpur,"DM Office_Kachari Chowk, Bhagalpur - BSPCB","23-08-2026 11:00:00",25.251013,86.989001,PM10,24,473,158
India,Bihar,Bhagalpur,"DM Office_Kachari Chowk, Bhagalpur - BSPCB","23-08-2026 11:00:00",25.251013,86.989001,CO,27,30,28
India,Bihar,Bhagalpur,"DM Office_Kachari Chowk, Bhagalpur - BSPCB","23-08-2026 11:00:00",25.251013,86.989001,OZONE,17,20,19
India,Bihar,Chhapra,"Darshan Nagar, Chhapra - BSPCB","23-08-2026 11:00:00",25.7808257,84.7446768,PM10,111,118,114
India,Bihar,Chhapra,"Darshan Nagar, Chhapra - BSPCB","23-08-2026 11:00:00",25.7808257,84.7446768,NO2,0,1,1
India,Bihar,Chhapra,"Darshan Nagar, Chhapra - BSPCB","23-08-2026 11:00:00",25.7808257,84.7446768,NH3,1,3,2
India,Bihar,Chhapra,"Darshan Nagar, Chhapra - BSPCB","23-08-2026 11:00:00",25.7808257,84.7446768,CO,84,93,88
India,Bihar,Gaya,"SFTI Kusdihra, Gaya - BSPCB","23-08-2026 11:00:00",24.762518,84.982348,PM10,32,65,46
India,Bihar,Gaya,"SFTI Kusdihra, Gaya - BSPCB","23-08-2026 11:00:00",24.762518,84.982348,CO,25,34,30
India,Bihar,Gaya,"Kareemganj, Gaya - BSPCB","23-08-2026 11:00:00",24.792403,84.992416,SO2,37,44,42
India,Chhattisgarh,Chhal,"Nawapara SECL Colony, Chhal - CECB","23-08-2026 11:00:00",22.118125,83.140608,CO,21,27,24
India,Chhattisgarh,Korba,"Urja Nagar, Korba - CECB","23-08-2026 11:00:00",22.348441,82.549611,PM2.5,5,27,13
India,Chhattisgarh,Korba,"Urja Nagar, Korba - CECB","23-08-2026 11:00:00",22.348441,82.549611,PM10,8,26,15
India,Chhattisgarh,Korba,"Urja Nagar, Korba - CECB","23-08-2026 11:00:00",22.348441,82.549611,NH3,1,1,1
India,Chhattisgarh,Korba,"Urja Nagar, Korba - CECB","23-08-2026 11:00:00",22.348441,82.549611,OZONE,5,5,5
India,Chhattisgarh,Kunjemura,"OP Jindal School, Kunjemura - CECB","23-08-2026 11:00:00",22.12665,83.483212,PM10,47,168,71
India,Chhattisgarh,Milupara,"Govt. Higher Secondary School, Milupara - CECB","23-08-2026 11:00:00",22.1910172,83.5197009,SO2,14,29,16
India,Chhattisgarh,Raipur,"Krishak Nagar, Raipur - CECB","23-08-2026 11:00:00",21.237755,81.705301,SO2,5,11,7
India,Chhattisgarh,Raipur,"Bhatagaon New ISBT, Raipur - CECB","23-08-2026 11:00:00",21.219665,81.630094,NO2,6,30,11
India,Chhattisgarh,Raipur,"Bhatagaon New ISBT, Raipur - CECB","23-08-2026 11:00:00",21.219665,81.630094,OZONE,2,5,3
India,Chhattisgarh,Raipur,"Siltara Phase-II, Raipur - CECB","23-08-2026 11:00:00",21.371751,81.664929,SO2,1,33,10
India,Chhattisgarh,Raipur,"AIIMS, Raipur - CECB","23-08-2026 11:00:00",21.258815,81.578979,SO2,4,5,4
India,Chhattisgarh,Raipur,"AIIMS, Raipur - CECB","23-08-2026 11:00:00",21.258815,81.578979,CO,17,21,19
India,Delhi,Delhi,"ITO, Delhi - CPCB","23-08-2026 11:00:00",28.628624,77.24106,NO2,10,131,69
India,Delhi,Delhi,"ITO, Delhi - CPCB","23-08-2026 11:00:00",28.628624,77.24106,NH3,1,8,4
India,Delhi,Delhi,"Narela, Delhi - DPCC","23-08-2026 11:00:00",28.822836,77.101981,NH3,7,15,11
India,Delhi,Delhi,"Narela, Delhi - DPCC","23-08-2026 11:00:00",28.822836,77.101981,SO2,10,14,11
India,Delhi,Delhi,"Narela, Delhi - DPCC","23-08-2026 11:00:00",28.822836,77.101981,CO,17,33,24
India,Delhi,Delhi,"Cantonment Area, Delhi - DPCC","23-08-2026 11:00:00",28.594169,77.1251,PM10,NA,NA,NA
India,Delhi,Delhi,"Cantonment Area, Delhi - DPCC","23-08-2026 11:00:00",28.594169,77.1251,NO2,3,15,8
India,Delhi,Delhi,"Cantonment Area, Delhi - DPCC","23-08-2026 11:00:00",28.594169,77.1251,NH3,2,7,4
India,Delhi,Delhi,"Major Dhyan Chand National Stadium, Delhi - DPCC","23-08-2026 11:00:00",28.611281,77.237738,SO2,17,19,18
India,Delhi,Delhi,"Sonia Vihar, Delhi - DPCC","23-08-2026 11:00:00",28.710508,77.249485,SO2,1,122,10
India,Delhi,Delhi,"Sonia Vihar, Delhi - DPCC","23-08-2026 11:00:00",28.710508,77.249485,OZONE,7,21,14
India,Delhi,Delhi,"Bawana, Delhi - DPCC","23-08-2026 11:00:00",28.7762,77.051074,PM10,NA,NA,NA
India,Delhi,Delhi,"Okhla Phase-2, Delhi - DPCC","23-08-2026 11:00:00",28.530785,77.271255,SO2,6,14,10
India,Delhi,Delhi,"Okhla Phase-2, Delhi - DPCC","23-08-2026 11:00:00",28.530785,77.271255,CO,52,59,56
India,Assam,Nagaon,"Christianpatty, Nagaon - PCBA","23-08-2026 11:00:00",26.349082,92.68449,NH3,4,4,4
India,Assam,Nagaon,"Christianpatty, Nagaon - PCBA","23-08-2026 11:00:00",26.349082,92.68449,SO2,1,15,11
India,Assam,Nalbari,"Bata Chowk, Nalbari - PCBA","23-08-2026 11:00:00",26.446912,91.439057,OZONE,19,19,19
India,Assam,Sivasagar,"Girls College, Sivasagar - PCBA","23-08-2026 11:00:00",26.987634,94.636574,NO2,6,17,11
India,Bihar,Araria,"Kharahiya Basti, Araria - BSPCB","23-08-2026 11:00:00",26.146529,87.454184,OZONE,35,40,37
India,Bihar,Arrah,"New DM Office, Arrah - BSPCB","23-08-2026 11:00:00",25.5626095,84.663264,PM2.5,33,40,35
India,Bihar,Arrah,"New DM Office, Arrah - BSPCB","23-08-2026 11:00:00",25.5626095,84.663264,NO2,5,9,7
India,Bihar,Arrah,"New DM Office, Arrah - BSPCB","23-08-2026 11:00:00",25.5626095,84.663264,CO,39,60,52
India,Bihar,Aurangabad,"Gurdeo Nagar, Aurangabad - BSPCB","23-08-2026 11:00:00",24.75746,84.366208,PM10,17,171,45
India,Chandigarh,Chandigarh,"Sector 22, Chandigarh - CPCC","23-08-2026 11:00:00",30.735567,76.775714,CO,28,32,30
India,Chandigarh,Chandigarh,"Sector 22, Chandigarh - CPCC","23-08-2026 11:00:00",30.735567,76.775714,OZONE,10,15,12
India,Chandigarh,Chandigarh,"Sector-25, Chandigarh - CPCC","23-08-2026 11:00:00",30.751462,76.762879,PM2.5,11,38,25
India,Chandigarh,Chandigarh,"Sector-25, Chandigarh - CPCC","23-08-2026 11:00:00",30.751462,76.762879,NO2,3,21,9
India,Chandigarh,Chandigarh,"Sector-53, Chandigarh - CPCC","23-08-2026 11:00:00",30.719859,76.738637,PM2.5,NA,NA,NA
India,Chandigarh,Chandigarh,"Sector-53, Chandigarh - CPCC","23-08-2026 11:00:00",30.719859,76.738637,SO2,0,3,2
India,Chandigarh,Chandigarh,"Sector-53, Chandigarh - CPCC","23-08-2026 11:00:00",30.719859,76.738637,OZONE,5,11,8
India,Chhattisgarh,Bhilai,"32Bungalows, Bhilai - CECB","23-08-2026 11:00:00",21.194815,81.31477,PM10,11,35,26
India,Chhattisgarh,Bhilai,"32Bungalows, Bhilai - CECB","23-08-2026 11:00:00",21.194815,81.31477,OZONE,4,9,5
India,Chhattisgarh,Bilaspur,"Mangala, Bilaspur - NTPC","23-08-2026 11:00:00",22.08815,82.13737,NH3,NA,NA,NA
India,"Andhra Pradesh",Visakhapatnam,"GVM Corporation, Visakhapatnam - APPCB","23-08-2026 11:00:00",17.72,83.3,OZONE,12,35,26
India,"Arunachal Pradesh",Naharlagun,"Naharlagun, Naharlagun - APSPCB","23-08-2026 11:00:00",27.103358,93.679645,PM10,19,73,40
India,"Arunachal Pradesh",Naharlagun,"Naharlagun, Naharlagun - APSPCB","23-08-2026 11:00:00",27.103358,93.679645,CO,7,9,9
India,Assam,Guwahati,"IITG, Guwahati - PCBA","23-08-2026 11:00:00",26.2028636,91.70046436,PM10,NA,NA,NA
India,Assam,Guwahati,"Pan Bazaar, Guwahati - PCBA","23-08-2026 11:00:00",26.1875,91.744194,SO2,27,29,28
India,Assam,Guwahati,"LGBI Airport, Guwahati - PCBA","23-08-2026 11:00:00",26.10887,91.589544,NO2,14,19,14
India,Assam,Guwahati,"Railway Colony, Guwahati - PCBA","23-08-2026 11:00:00",26.181742,91.78063,CO,12,14,13
India,Bihar,Patna,"Samanpura, Patna - BSPCB","23-08-2026 11:00:00",25.596727,85.085624,PM2.5,25,183,117
India,Bihar,Saharsa,"Police Line, Saharsa - BSPCB","23-08-2026 11:00:00",25.892357,86.590325,NO2,7,8,7
India,Bihar,Saharsa,"Police Line, Saharsa - BSPCB","23-08-2026 11:00:00",25.892357,86.590325,OZONE,4,19,13
India,Bihar,Samastipur,"DM Office_Kasipur, Samastipur - BSPCB","23-08-2026 11:00:00",25.859655,85.77944,PM2.5,25,267,94
India,Bihar,Samastipur,"DM Office_Kasipur, Samastipur - BSPCB","23-08-2026 11:00:00",25.859655,85.77944,NH3,1,2,1
India,Bihar,Sasaram,"Dada Peer, Sasaram - BSPCB","23-08-2026 11:00:00",24.952822,84.002396,NO2,2,6,3
India,"Andhra Pradesh",Anantapur,"Gulzarpet, Anantapur - APPCB","23-08-2026 11:00:00",14.675886,77.593027,CO,27,36,31
India,"Andhra Pradesh",Chittoor,"Gangineni Cheruvu, Chittoor - APPCB","23-08-2026 11:00:00",13.20488,79.097889,PM2.5,71,82,75
India,"Andhra Pradesh",Kadapa,"Yerramukkapalli, Kadapa - APPCB","23-08-2026 11:00:00",14.465052,78.824187,SO2,17,17,17
India,Delhi,Delhi,"JNU, Delhi - DPCC","23-08-2026 11:00:00",28.540721,77.168544,OZONE,0,7,3
India,Delhi,Delhi,"Alipur, Delhi - DPCC","23-08-2026 11:00:00",28.815329,77.15301,OZONE,6,10,9
India,Delhi,Delhi,"North Campus, DU, Delhi - IITM","23-08-2026 11:00:00",28.6573814,77.1585447,CO,35,57,44
India,Delhi,Delhi,"R K Puram, Delhi - DPCC","23-08-2026 11:00:00",28.563262,77.186937,NH3,5,9,6
India,Delhi,Delhi,"R K Puram, Delhi - DPCC","23-08-2026 11:00:00",28.563262,77.186937,SO2,4,21,7
India,Delhi,Delhi,"R K Puram, Delhi - DPCC","23-08-2026 11:00:00",28.563262,77.186937,OZONE,14,43,30
India,Gujarat,Ahmedabad,"SVPI Airport Hansol, Ahmedabad - IITM","23-08-2026 11:00:00",23.076793,72.627874,OZONE,5,8,6
India,Gujarat,Ahmedabad,"Rakhial, Ahmedabad - IITM","23-08-2026 11:00:00",23.016834,72.625775,PM10,71,110,86
India,Gujarat,Ahmedabad,"Rakhial, Ahmedabad - IITM","23-08-2026 11:00:00",23.016834,72.625775,CO,51,74,66
India,Gujarat,Ahmedabad,"Rakhial, Ahmedabad - IITM","23-08-2026 11:00:00",23.016834,72.625775,OZONE,5,6,6
India,Gujarat,Ahmedabad,"Maninagar, Ahmedabad - GPCB","23-08-2026 11:00:00",23.002657,72.591912,PM2.5,41,92,68
India,Gujarat,Ahmedabad,"Maninagar, Ahmedabad - GPCB","23-08-2026 11:00:00",23.002657,72.591912,CO,11,37,24
India,Gujarat,Ahmedabad,"Maninagar, Ahmedabad - GPCB","23-08-2026 11:00:00",23.002657,72.591912,OZONE,24,29,25
India,Gujarat,Ahmedabad,"Chandkheda, Ahmedabad - IITM","23-08-2026 11:00:00",23.107969,72.574648,NO2,5,18,11
India,Gujarat,Ahmedabad,"Chandkheda, Ahmedabad - IITM","23-08-2026 11:00:00",23.107969,72.574648,SO2,6,9,8
India,Gujarat,Ahmedabad,"SAC ISRO Bopal, Ahmedabad - IITM","23-08-2026 11:00:00",23.041137,72.456691,CO,27,38,33
India,Gujarat,Ahmedabad,"SAC ISRO Satellite, Ahmedabad - IITM","23-08-2026 11:00:00",23.023389,72.515201,SO2,1,2,2
India,Gujarat,Ahmedabad,"Gyaspur, Ahmedabad - IITM","23-08-2026 11:00:00",22.977134,72.553024,PM2.5,38,94,56
India,Gujarat,Ahmedabad,"Gyaspur, Ahmedabad - IITM","23-08-2026 11:00:00",22.977134,72.553024,CO,49,52,51
India,Gujarat,Ahmedabad,"Raikhad, Ahmedabad - IITM","23-08-2026 11:00:00",23.020509,72.579261,OZONE,6,7,6
India,Gujarat,Ankleshwar,"GIDC, Ankleshwar - GPCB","23-08-2026 11:00:00",21.613267,73.010555,NH3,5,6,5
India,Gujarat,Ankleshwar,"GIDC, Ankleshwar - GPCB","23-08-2026 11:00:00",21.613267,73.010555,SO2,19,19,19
India,Gujarat,Bhavnagar,"Vidhyanagar, Bhavnagar - Nexteng Enviro","23-08-2026 11:00:00",21.755417,72.139056,PM10,51,71,59
India,Gujarat,Gandhinagar,"Sector-10, Gandhinagar - GPCB","23-08-2026 11:00:00",23.221714,72.654328,PM10,21,114,60
India,Gujarat,Gandhinagar,"Sector-10, Gandhinagar - GPCB","23-08-2026 11:00:00",23.221714,72.654328,NO2,4,4,4
India,Gujarat,Gandhinagar,"Sector-10, Gandhinagar - GPCB","23-08-2026 11:00:00",23.221714,72.654328,OZONE,NA,NA,NA
India,Gujarat,Gandhinagar,"IIPHG Lekawada, Gandhinagar - IITM","23-08-2026 11:00:00",23.243639,72.68994,SO2,2,3,2
India,Gujarat,Gandhinagar,"IIPHG Lekawada, Gandhinagar - IITM","23-08-2026 11:00:00",23.243639,72.68994,CO,8,12,10
India,Gujarat,Gandhinagar,"GIFT City, Gandhinagar - IITM","23-08-2026 11:00:00",23.163798,72.677768,NH3,5,7,6
India,Gujarat,Mehsana,"Sadanand Nagar, Mehsana - Nexteng Enviro","23-08-2026 11:00:00",23.59315,72.372792,NO2,2,5,4
India,Gujarat,Mehsana,"Sadanand Nagar, Mehsana - Nexteng Enviro","23-08-2026 11:00:00",23.59315,72.372792,SO2,13,15,14
India,Delhi,Delhi,"Vivek Vihar, Delhi - DPCC","23-08-2026 11:00:00",28.672342,77.31526,PM2.5,18,65,42
India,Delhi,Delhi,"Jahangirpuri, Delhi - DPCC","23-08-2026 11:00:00",28.73282,77.170633,NH3,8,9,9
India,Delhi,Delhi,"IHBAS, Dilshad Garden, Delhi - CPCB","23-08-2026 11:00:00",28.6811736,77.3025234,PM2.5,34,92,65
India,Delhi,Delhi,"IHBAS, Dilshad Garden, Delhi - CPCB","23-08-2026 11:00:00",28.6811736,77.3025234,PM10,33,105,73
India,Delhi,Delhi,"IHBAS, Dilshad Garden, Delhi - CPCB","23-08-2026 11:00:00",28.6811736,77.3025234,NO2,22,30,28
India,Delhi,Delhi,"IHBAS, Dilshad Garden, Delhi - CPCB","23-08-2026 11:00:00",28.6811736,77.3025234,NH3,4,5,5
India,Delhi,Delhi,"IHBAS, Dilshad Garden, Delhi - CPCB","23-08-2026 11:00:00",28.6811736,77.3025234,SO2,8,27,18
India,Delhi,Delhi,"Sri Aurobindo Marg, Delhi - DPCC","23-08-2026 11:00:00",28.531346,77.190156,PM2.5,15,103,57
India,Delhi,Delhi,"Sri Aurobindo Marg, Delhi - DPCC","23-08-2026 11:00:00",28.531346,77.190156,NH3,2,3,2
India,Delhi,Delhi,"Sri Aurobindo Marg, Delhi - DPCC","23-08-2026 11:00:00",28.531346,77.190156,OZONE,2,16,8
India,Delhi,Delhi,"Patparganj, Delhi - DPCC","23-08-2026 11:00:00",28.623763,77.287209,PM10,24,137,86
India,Delhi,Delhi,"Najafgarh, Delhi - DPCC","23-08-2026 11:00:00",28.570173,76.933762,SO2,15,23,18
India,Delhi,Delhi,"Wazirpur, Delhi - DPCC","23-08-2026 11:00:00",28.699793,77.165453,NH3,3,11,6
India,Haryana,Faridabad,"Sector 30, Faridabad - HSPCB","23-08-2026 11:00:00",28.4417,77.3217,SO2,2,3,2
India,Haryana,Fatehabad,"Huda Sector, Fatehabad - HSPCB","23-08-2026 11:00:00",29.503664,75.467934,PM10,29,39,32
India,Haryana,Gurugram,"NISE Gwal Pahari, Gurugram - IITM","23-08-2026 11:00:00",28.422681,77.148944,PM2.5,11,168,65
India,Haryana,Gurugram,"NISE Gwal Pahari, Gurugram - IITM","23-08-2026 11:00:00",28.422681,77.148944,SO2,NA,NA,NA
India,Haryana,Gurugram,"NISE Gwal Pahari, Gurugram - IITM","23-08-2026 11:00:00",28.422681,77.148944,CO,28,31,30
India,Haryana,Jind,"Police Lines, Jind - HSPCB","23-08-2026 11:00:00",29.307814,76.337619,SO2,27,30,28
India,Haryana,Jind,"Police Lines, Jind - HSPCB","23-08-2026 11:00:00",29.307814,76.337619,CO,4,10,7
India,Haryana,Jind,"Police Lines, Jind - HSPCB","23-08-2026 11:00:00",29.307814,76.337619,OZONE,8,13,11
India,Haryana,Kaithal,"Rishi Nagar, Kaithal - HSPCB","23-08-2026 11:00:00",29.8006,76.4155,PM2.5,16,143,72
India,Haryana,Kaithal,"Rishi Nagar, Kaithal - HSPCB","23-08-2026 11:00:00",29.8006,76.4155,CO,17,23,19
India,Haryana,Karnal,"Sector-12, Karnal - HSPCB","23-08-2026 11:00:00",29.6953,77.0027,NO2,9,21,15
India,Delhi,Delhi,"NSUT Jaffarpur, Delhi - DPCC","23-08-2026 11:00:00",28.594004,76.909423,SO2,0,2,1
India,Delhi,Delhi,"NSUT Jaffarpur, Delhi - DPCC","23-08-2026 11:00:00",28.594004,76.909423,CO,34,40,36
India,Delhi,Delhi,"Mundka, Delhi - DPCC","23-08-2026 11:00:00",28.684678,77.076574,PM2.5,13,123,45
India,Delhi,Delhi,"Punjabi Bagh, Delhi - DPCC","23-08-2026 11:00:00",28.674045,77.131023,NO2,13,39,21
India,Delhi,Delhi,"Punjabi Bagh, Delhi - DPCC","23-08-2026 11:00:00",28.674045,77.131023,NH3,2,4,3
India,Delhi,Delhi,"Punjabi Bagh, Delhi - DPCC","23-08-2026 11:00:00",28.674045,77.131023,SO2,27,53,38
India,Delhi,Delhi,"Anand Vihar, Delhi - DPCC","23-08-2026 11:00:00",28.647622,77.315809,NO2,12,65,33
India,Delhi,Delhi,"Anand Vihar, Delhi - DPCC","23-08-2026 11:00:00",28.647622,77.315809,CO,112,114,113
India,Delhi,Delhi,"Shadipur, Delhi - CPCB","23-08-2026 11:00:00",28.6514781,77.1473105,PM2.5,21,68,39
India,Delhi,Delhi,"Shadipur, Delhi - CPCB","23-08-2026 11:00:00",28.6514781,77.1473105,CO,12,38,24
India,Delhi,Delhi,"Shadipur, Delhi - CPCB","23-08-2026 11:00:00",28.6514781,77.1473105,OZONE,24,32,29
India,Delhi,Delhi,"Mandir Marg, Delhi - DPCC","23-08-2026 11:00:00",28.636429,77.201067,NO2,14,43,25
India,Gujarat,Mehsana,"Sadanand Nagar, Mehsana - Nexteng Enviro","23-08-2026 11:00:00",23.59315,72.372792,OZONE,8,9,9
India,Gujarat,Rajkot,"Mavdi, Rajkot - Nexteng Enviro ","23-08-2026 11:00:00",22.248853,70.776774,PM10,35,83,48
India,Gujarat,Rajkot,"Mavdi, Rajkot - Nexteng Enviro ","23-08-2026 11:00:00",22.248853,70.776774,NO2,4,10,6
India,Gujarat,Rajkot,"Mavdi, Rajkot - Nexteng Enviro ","23-08-2026 11:00:00",22.248853,70.776774,SO2,9,12,10
India,Gujarat,Surat,"Science Center, Surat - SMC","23-08-2026 11:00:00",21.170046,72.795405,PM10,23,57,41
India,Gujarat,Surat,"Science Center, Surat - SMC","23-08-2026 11:00:00",21.170046,72.795405,NO2,2,8,5
India,Gujarat,Vadodara,"Bapunagar, Vadodara - Nexteng Enviro","23-08-2026 11:00:00",22.320153,73.216285,PM2.5,23,66,43
India,Gujarat,Vadodara,"Bapunagar, Vadodara - Nexteng Enviro","23-08-2026 11:00:00",22.320153,73.216285,PM10,33,93,61
India,Gujarat,Vapi,"Phase-1 GIDC, Vapi - GPCB","23-08-2026 11:00:00",20.362421,72.918013,PM2.5,5,35,17
India,Gujarat,Vapi,"Phase-1 GIDC, Vapi - GPCB","23-08-2026 11:00:00",20.362421,72.918013,SO2,12,17,17
India,Gujarat,Vapi,"Phase-1 GIDC, Vapi - GPCB","23-08-2026 11:00:00",20.362421,72.918013,OZONE,5,11,7
India,Delhi,Delhi,"Pusa, Delhi - IITM","23-08-2026 11:00:00",28.63611,77.173332,PM2.5,3,80,49
India,Delhi,Delhi,"Pusa, Delhi - IITM","23-08-2026 11:00:00",28.63611,77.173332,CO,36,42,39
India,Delhi,Delhi,"DTU, Delhi - CPCB","23-08-2026 11:00:00",28.7500499,77.1112615,PM2.5,21,115,54
India,Delhi,Delhi,"Dr. Karni Singh Shooting Range, Delhi - DPCC","23-08-2026 11:00:00",28.498571,77.26484,NO2,11,55,20
India,Delhi,Delhi,"IIT Delhi, Delhi - IITM","23-08-2026 11:00:00",28.54246,77.191651,PM10,51,173,130
India,Delhi,Delhi,"IGNOU_Maidan Garhi, Delhi - DPCC","23-08-2026 11:00:00",28.493624,77.201159,SO2,5,8,6
India,Delhi,Delhi,"Talkatora Garden, Delhi - DPCC","23-08-2026 11:00:00",28.62181,77.1944633,CO,45,53,49
India,Delhi,Delhi,"NSIT Dwarka, Delhi - CPCB","23-08-2026 11:00:00",28.60909,77.0325413,NO2,14,41,32
India,Delhi,Delhi,"NSIT Dwarka, Delhi - CPCB","23-08-2026 11:00:00",28.60909,77.0325413,SO2,14,20,16
India,Delhi,Delhi,"Burari Crossing, Delhi - IITM","23-08-2026 11:00:00",28.7256504,77.2011573,NH3,NA,NA,NA
India,Delhi,Delhi,"IMD Lodhi Road, Delhi - IITM","23-08-2026 11:00:00",28.5918245,77.2273074,OZONE,11,25,20
India,Haryana,Ambala,"Patti Mehar, Ambala - HSPCB","23-08-2026 11:00:00",30.379589,76.778328,OZONE,34,47,40
India,Haryana,Bahadurgarh,"Arya Nagar, Bahadurgarh - HSPCB","23-08-2026 11:00:00",28.6701,76.9254,PM2.5,21,80,48
India,Haryana,Faridabad,"Sector 11, Faridabad - HSPCB","23-08-2026 11:00:00",28.376058,77.315741,CO,41,63,54
India,Haryana,Faridabad,"Sector 11, Faridabad - HSPCB","23-08-2026 11:00:00",28.376058,77.315741,OZONE,15,17,16
India,"Madhya Pradesh",Sagar,"Civil Lines, Sagar - MPPCB","23-08-2026 11:00:00",23.838586,78.759431,NO2,8,27,14
India,"Madhya Pradesh",Sagar,"Civil Lines, Sagar - MPPCB","23-08-2026 11:00:00",23.838586,78.759431,SO2,5,8,6
India,"Madhya Pradesh",Satna,"Bandhavgar Colony, Satna - Birla Cement","23-08-2026 11:00:00",24.58434363,80.8549414,CO,12,22,16
India,"Madhya Pradesh",Ujjain,"Mahashweta Nagar, Ujjain - MPPCB","23-08-2026 11:00:00",23.1633321,75.800225,SO2,0,4,2
India,Maharashtra,Ahmednagar,"Tarakpur, Ahmednagar - MPCB","23-08-2026 11:00:00",19.10122,74.73339,PM10,10,45,27
India,Maharashtra,Ahmednagar,"Tarakpur, Ahmednagar - MPCB","23-08-2026 11:00:00",19.10122,74.73339,NH3,0,1,0
India,Maharashtra,Akola,"Ramdaspeth, Akola - MPCB","23-08-2026 11:00:00",20.719516,77.000253,NH3,6,9,7
India,Maharashtra,Ambernath,"Chinchpada, Ambernath - MPCB","23-08-2026 11:00:00",19.215784,73.199781,CO,8,17,11
India,Maharashtra,Amravati,"Shri Shivaji Science College, Amravati - MPCB","23-08-2026 11:00:00",20.939198,77.765701,PM10,17,43,31
India,Maharashtra,Aurangabad,"MIDC Chilkalthana, Aurangabad - MPCB","23-08-2026 11:00:00",19.87562,75.38731,PM10,41,49,44
India,Maharashtra,Aurangabad,"MIDC Chilkalthana, Aurangabad - MPCB","23-08-2026 11:00:00",19.87562,75.38731,NH3,1,2,1
India,Maharashtra,Aurangabad,"MIDC Chilkalthana, Aurangabad - MPCB","23-08-2026 11:00:00",19.87562,75.38731,SO2,5,9,7
India,Maharashtra,Aurangabad,"MIDC Chilkalthana, Aurangabad - MPCB","23-08-2026 11:00:00",19.87562,75.38731,CO,25,29,27
India,Maharashtra,Aurangabad,"Rachnakar Colony, Aurangabad - MPCB","23-08-2026 11:00:00",19.863756,75.321188,CO,20,26,24
India,Haryana,Panchgaon,"Amity University, Panchgaon - IITM","23-08-2026 11:00:00",28.3153,76.9143,NO2,19,34,27
India,Haryana,Panchgaon,"Amity University, Panchgaon - IITM","23-08-2026 11:00:00",28.3153,76.9143,SO2,11,18,15
India,Haryana,Panchgaon,"Amity University, Panchgaon - IITM","23-08-2026 11:00:00",28.3153,76.9143,CO,86,96,90
India,Haryana,Panchkula,"Sector-6, Panchkula - HSPCB ","23-08-2026 11:00:00",30.7057778,76.8531805555555,NH3,NA,NA,NA
India,Haryana,Panchkula,"Sector-6, Panchkula - HSPCB ","23-08-2026 11:00:00",30.7057778,76.8531805555555,OZONE,39,50,45
India,Haryana,Rohtak,"MD University, Rohtak - HSPCB","23-08-2026 11:00:00",28.52123,76.37138,NO2,8,11,10
India,Haryana,Sirsa,"F-Block, Sirsa - HSPCB","23-08-2026 11:00:00",29.5364,75.0158,PM2.5,29,59,43
India,Haryana,Sirsa,"F-Block, Sirsa - HSPCB","23-08-2026 11:00:00",29.5364,75.0158,CO,76,99,85
India,Haryana,Sonipat,"Murthal, Sonipat - HSPCB","23-08-2026 11:00:00",29.0272,77.0621,NO2,6,9,7
India,Haryana,Sonipat,"Murthal, Sonipat - HSPCB","23-08-2026 11:00:00",29.0272,77.0621,SO2,21,22,21
India,Haryana,Sonipat,"Murthal, Sonipat - HSPCB","23-08-2026 11:00:00",29.0272,77.0621,CO,19,24,21
India,Haryana,"Yamuna Nagar","Gobind Pura, Yamuna Nagar - HSPCB","23-08-2026 11:00:00",30.1480566,77.2893471,CO,49,50,50
India,"Himachal Pradesh",Baddi,"HIMUDA Complex Phase-1, Baddi - HPPCB","23-08-2026 11:00:00",30.943887,76.801991,SO2,NA,NA,NA
India,"Jammu and Kashmir",Pampore,"Khrew, Pampore - JKPCC","23-08-2026 11:00:00",34.031606,75.009712,PM2.5,15,48,30
India,"Jammu and Kashmir",Pampore,"Khrew, Pampore - JKPCC","23-08-2026 11:00:00",34.031606,75.009712,NH3,NA,NA,NA
India,"Madhya Pradesh",Indore,"Residency Area, Indore - IMC","23-08-2026 11:00:00",22.7084,75.8815,SO2,2,3,2
India,"Madhya Pradesh",Jabalpur,"Marhatal, Jabalpur - MPPCB","23-08-2026 11:00:00",23.168606,79.932247,OZONE,9,16,13
India,"Madhya Pradesh",Jabalpur,"Gupteshwar, Jabalpur - JMC","23-08-2026 11:00:00",23.142888,79.916147,PM2.5,43,84,62
India,"Madhya Pradesh",Jabalpur,"Govindh Bhavan Colony, Jabalpur - JMC","23-08-2026 11:00:00",23.163174,79.973061,PM2.5,20,47,32
India,"Madhya Pradesh",Jabalpur,"Suhagi, Jabalpur - JMC","23-08-2026 11:00:00",23.218135,79.95777,NH3,5,5,5
India,"Madhya Pradesh",Katni,"Gole Bazar, Katni - MPPCB","23-08-2026 11:00:00",23.50016,80.23284,PM10,29,78,48
India,"Madhya Pradesh",Katni,"Gole Bazar, Katni - MPPCB","23-08-2026 11:00:00",23.50016,80.23284,NH3,2,3,3
India,"Madhya Pradesh",Katni,"Gole Bazar, Katni - MPPCB","23-08-2026 11:00:00",23.50016,80.23284,OZONE,14,19,16
India,"Madhya Pradesh",Mandideep,"Sector-D Industrial Area, Mandideep - MPPCB","23-08-2026 11:00:00",23.10844,77.511428,PM2.5,46,90,67
India,"Madhya Pradesh",Mandideep,"Sector-D Industrial Area, Mandideep - MPPCB","23-08-2026 11:00:00",23.10844,77.511428,NH3,2,3,3
India,"Madhya Pradesh",Pithampur,"Sector-2 Industrial Area, Pithampur - MPPCB","23-08-2026 11:00:00",22.624758,75.675238,NO2,7,29,16
India,"Madhya Pradesh",Pithampur,"Sector-2 Industrial Area, Pithampur - MPPCB","23-08-2026 11:00:00",22.624758,75.675238,SO2,27,38,31
India,"Madhya Pradesh",Ratlam,"Shasthri Nagar, Ratlam - IPCA Lab","23-08-2026 11:00:00",23.331731,75.045981,SO2,10,12,11
India,"Jammu and Kashmir",Srinagar,"Rajbagh, Srinagar - JKPCC","23-08-2026 11:00:00",34.066206,74.81982,NH3,9,9,9
India,"Jammu and Kashmir",Srinagar,"Khunmoh, Srinagar - JKPCC","23-08-2026 11:00:00",34.06313,74.96017,PM10,33,84,57
India,"Jammu and Kashmir",Srinagar,"Khunmoh, Srinagar - JKPCC","23-08-2026 11:00:00",34.06313,74.96017,NO2,3,32,12
India,"Jammu and Kashmir",Srinagar,"Khunmoh, Srinagar - JKPCC","23-08-2026 11:00:00",34.06313,74.96017,NH3,NA,NA,NA
India,Jharkhand,Dhanbad,"Sardar Patel Nagar, Dhanbad - JSPCB","23-08-2026 11:00:00",23.80569,86.44268,NH3,NA,NA,NA
India,Jharkhand,Jorapokhar,"Tata Stadium, Jorapokhar - JSPCB","23-08-2026 11:00:00",23.707909,86.41467,NO2,8,8,8
India,Karnataka,Belgaum,"Ramteerth Nagar, Belgaum - KSPCB","23-08-2026 11:00:00",15.888653,74.541751,PM2.5,NA,NA,NA
India,Karnataka,Bengaluru,"City Railway Station, Bengaluru - KSPCB","23-08-2026 11:00:00",12.9756843,77.5660749,SO2,12,13,12
India,Karnataka,Bengaluru,"Jayanagar 5th Block, Bengaluru - KSPCB","23-08-2026 11:00:00",12.920984,77.584908,PM2.5,15,43,28
India,Karnataka,Bengaluru,"Jayanagar 5th Block, Bengaluru - KSPCB","23-08-2026 11:00:00",12.920984,77.584908,OZONE,30,46,40
India,Karnataka,Bengaluru,"Hombegowda Nagar, Bengaluru - KSPCB","23-08-2026 11:00:00",12.938539,77.5901,PM2.5,16,40,32
India,Karnataka,Bengaluru,"Hombegowda Nagar, Bengaluru - KSPCB","23-08-2026 11:00:00",12.938539,77.5901,NO2,11,44,22
India,Karnataka,Bengaluru,"Hombegowda Nagar, Bengaluru - KSPCB","23-08-2026 11:00:00",12.938539,77.5901,OZONE,NA,NA,NA
India,"Madhya Pradesh",Bhopal,"T T Nagar, Bhopal - MPPCB","23-08-2026 11:00:00",23.233584,77.400574,OZONE,22,31,25
India,"Madhya Pradesh",Damoh,"Shrivastav Colony, Damoh - MPPCB","23-08-2026 11:00:00",23.81748678,79.446246,PM2.5,2,50,14
India,"Madhya Pradesh",Dewas,"Bhopal Chauraha, Dewas - MPPCB","23-08-2026 11:00:00",22.9682591,76.064118,PM2.5,15,84,38
India,"Madhya Pradesh",Dewas,"Bhopal Chauraha, Dewas - MPPCB","23-08-2026 11:00:00",22.9682591,76.064118,PM10,31,143,65
India,"Madhya Pradesh",Dewas,"Bhopal Chauraha, Dewas - MPPCB","23-08-2026 11:00:00",22.9682591,76.064118,NH3,2,3,2
India,"Madhya Pradesh",Dewas,"Bhopal Chauraha, Dewas - MPPCB","23-08-2026 11:00:00",22.9682591,76.064118,OZONE,42,132,55
India,"Madhya Pradesh",Gwalior,"Maharaj Bada, Gwalior - MPPCB","23-08-2026 11:00:00",26.200388,78.147714,PM10,3,39,16
India,"Madhya Pradesh",Gwalior,"City Center, Gwalior - MPPCB","23-08-2026 11:00:00",26.203442,78.193251,NO2,34,51,44
India,"Madhya Pradesh",Gwalior,"City Center, Gwalior - MPPCB","23-08-2026 11:00:00",26.203442,78.193251,SO2,9,43,26
India,"Madhya Pradesh",Gwalior,"City Center, Gwalior - MPPCB","23-08-2026 11:00:00",26.203442,78.193251,CO,35,49,41
India,"Madhya Pradesh",Indore,"Regional Park, Indore - IMC","23-08-2026 11:00:00",22.678,75.8559,NH3,0,4,2
India,"Madhya Pradesh",Indore,"Chhoti Gwaltoli, Indore - MPPCB","23-08-2026 11:00:00",22.431,75.5213,PM2.5,36,94,58
India,Karnataka,Ramanagara,"Vijay Nagar, Ramanagara - KSPCB","23-08-2026 11:00:00",12.733409,77.298051,NH3,NA,NA,NA
India,Karnataka,Shivamogga,"Vinoba Nagara, Shivamogga - KSPCB","23-08-2026 11:00:00",13.94,75.555917,PM2.5,20,34,21
India,Karnataka,Shivamogga,"Vinoba Nagara, Shivamogga - KSPCB","23-08-2026 11:00:00",13.94,75.555917,PM10,31,47,33
India,Karnataka,Shivamogga,"Vinoba Nagara, Shivamogga - KSPCB","23-08-2026 11:00:00",13.94,75.555917,CO,9,38,17
India,Karnataka,Yadgir,"Collector Office, Yadgir - KSPCB","23-08-2026 11:00:00",16.7602,77.1428,NO2,2,4,4
India,Kerala,Thiruvananthapuram,"Plammoodu, Thiruvananthapuram - Kerala PCB","23-08-2026 11:00:00",8.5149093,76.9435879,OZONE,15,16,15
India,Kerala,Thiruvananthapuram,"Kariavattom, Thiruvananthapuram - Kerala PCB","23-08-2026 11:00:00",8.5637,76.8865,PM2.5,37,46,40
India,Kerala,Thiruvananthapuram,"Kariavattom, Thiruvananthapuram - Kerala PCB","23-08-2026 11:00:00",8.5637,76.8865,SO2,4,7,5
India,Kerala,Thiruvananthapuram,"Kariavattom, Thiruvananthapuram - Kerala PCB","23-08-2026 11:00:00",8.5637,76.8865,CO,20,23,22
India,"Madhya Pradesh",Bhopal,"Paryavaran Parisar, Bhopal - MPPCB","23-08-2026 11:00:00",23.210494,77.425409,PM10,44,82,61
India,"Madhya Pradesh",Bhopal,"Paryavaran Parisar, Bhopal - MPPCB","23-08-2026 11:00:00",23.210494,77.425409,NH3,2,2,2
India,Karnataka,Bengaluru,"Shivapura_Peenya, Bengaluru - KSPCB","23-08-2026 11:00:00",13.0246342,77.5080115,NO2,28,30,29
India,Karnataka,Bengaluru,"Shivapura_Peenya, Bengaluru - KSPCB","23-08-2026 11:00:00",13.0246342,77.5080115,SO2,3,13,6
India,Karnataka,Bengaluru,"Shivapura_Peenya, Bengaluru - KSPCB","23-08-2026 11:00:00",13.0246342,77.5080115,OZONE,23,24,23
India,Karnataka,Bengaluru,"Hebbal, Bengaluru - KSPCB","23-08-2026 11:00:00",13.029152,77.585901,PM2.5,12,25,18
India,Karnataka,Bengaluru,"Hebbal, Bengaluru - KSPCB","23-08-2026 11:00:00",13.029152,77.585901,OZONE,1,2,2
India,Karnataka,Bengaluru,"Silk Board, Bengaluru - KSPCB","23-08-2026 11:00:00",12.917348,77.622813,PM2.5,26,51,37
India,Karnataka,Bengaluru,"Silk Board, Bengaluru - KSPCB","23-08-2026 11:00:00",12.917348,77.622813,PM10,50,137,100
India,Karnataka,Bengaluru,"Silk Board, Bengaluru - KSPCB","23-08-2026 11:00:00",12.917348,77.622813,OZONE,11,17,14
India,Karnataka,Bengaluru,"Bapuji Nagar, Bengaluru - KSPCB","23-08-2026 11:00:00",12.951913,77.539784,NH3,3,3,3
India,Karnataka,Chikkaballapur,"Chikkaballapur Rural, Chikkaballapur - KSPCB","23-08-2026 11:00:00",13.428828,77.731418,NO2,NA,NA,NA
India,Karnataka,Chikkaballapur,"Chikkaballapur Rural, Chikkaballapur - KSPCB","23-08-2026 11:00:00",13.428828,77.731418,NH3,NA,NA,NA
India,Karnataka,Chikkamagaluru,"Kalyana Nagara, Chikkamagaluru - KSPCB","23-08-2026 11:00:00",13.328028,75.797056,NO2,15,25,16
India,Karnataka,Chikkamagaluru,"Kalyana Nagara, Chikkamagaluru - KSPCB","23-08-2026 11:00:00",13.328028,75.797056,SO2,2,3,2
India,Karnataka,Gadag,"Panchal Nagar, Gadag - KSPCB","23-08-2026 11:00:00",15.411456,75.638133,SO2,25,34,30
India,Karnataka,Hubballi,"Lingaraj Nagar, Hubballi - KSPCB","23-08-2026 11:00:00",15.3714823,75.1160168,SO2,2,2,2
India,Karnataka,Kalaburagi,"Mahatma Basaveswar Colony, Kalaburgi - KSPCB","23-08-2026 11:00:00",17.336318,76.847397,SO2,4,5,5
India,Karnataka,Karwar,"KHB Colony, Karwar - KSPCB","23-08-2026 11:00:00",14.816666,74.141003,PM10,1,32,17
India,Karnataka,Madikeri,"Stuart Hill, Madikeri - KSPCB","23-08-2026 11:00:00",12.415911,75.73505,PM2.5,2,19,9
India,Karnataka,Mangalore,"Kadri, Mangalore - KSPCB","23-08-2026 11:00:00",12.88925,74.853,PM2.5,15,55,34
India,Karnataka,Mysuru,"Hebbal 1st Stage, Mysuru - KSPCB","23-08-2026 11:00:00",12.21041,76.37376,PM10,25,75,47
India,Karnataka,Mysuru,"Hebbal 1st Stage, Mysuru - KSPCB","23-08-2026 11:00:00",12.21041,76.37376,NH3,2,8,5
India,Haryana,Kurukshetra,"Sector-7, Kurukshetra - HSPCB","23-08-2026 11:00:00",29.966942,76.875879,PM2.5,41,81,59
India,Haryana,Kurukshetra,"Sector-7, Kurukshetra - HSPCB","23-08-2026 11:00:00",29.966942,76.875879,OZONE,4,9,5
India,Haryana,Mandikhera,"General Hospital, Mandikhera(Nuh) - HSPCB","23-08-2026 11:00:00",27.9002,76.9938,PM2.5,17,18,17
India,Haryana,Mandikhera,"General Hospital, Mandikhera(Nuh) - HSPCB","23-08-2026 11:00:00",27.9002,76.9938,NH3,6,9,7
India,Haryana,Mandikhera,"General Hospital, Mandikhera(Nuh) - HSPCB","23-08-2026 11:00:00",27.9002,76.9938,SO2,17,18,17
India,Haryana,Mandikhera,"General Hospital, Mandikhera(Nuh) - HSPCB","23-08-2026 11:00:00",27.9002,76.9938,CO,49,50,49
India,Haryana,Panchgaon,"Amity University, Panchgaon - IITM","23-08-2026 11:00:00",28.3153,76.9143,PM2.5,40,73,51
India,Maharashtra,Pimpri-Chinchwad,"Transport Nagar-Nigdi, Pune - IITM","23-08-2026 11:00:00",18.664282,73.763966,PM2.5,9,56,25
India,Maharashtra,Pimpri-Chinchwad,"Transport Nagar-Nigdi, Pune - IITM","23-08-2026 11:00:00",18.664282,73.763966,PM10,32,107,53
India,Maharashtra,Pimpri-Chinchwad,"Park Street Wakad, Pimpri Chinchwad - MPCB","23-08-2026 11:00:00",18.59051,73.77946,PM10,28,42,34
India,Maharashtra,Pimpri-Chinchwad,"Savta Mali Nagar, Pimpri-Chinchwad - IITM","23-08-2026 11:00:00",18.614767,73.799516,PM2.5,15,33,22
India,Maharashtra,Pimpri-Chinchwad,"Savta Mali Nagar, Pimpri-Chinchwad - IITM","23-08-2026 11:00:00",18.614767,73.799516,PM10,31,78,51
India,Maharashtra,Pimpri-Chinchwad,"Savta Mali Nagar, Pimpri-Chinchwad - IITM","23-08-2026 11:00:00",18.614767,73.799516,NO2,13,40,23
India,Maharashtra,Pimpri-Chinchwad,"Savta Mali Nagar, Pimpri-Chinchwad - IITM","23-08-2026 11:00:00",18.614767,73.799516,SO2,NA,NA,NA
India,Maharashtra,Pune,"Katraj Dairy, Pune - MPCB","23-08-2026 11:00:00",18.45445,73.854155,PM2.5,10,24,17
India,Maharashtra,Pune,"Katraj Dairy, Pune - MPCB","23-08-2026 11:00:00",18.45445,73.854155,PM10,17,43,30
India,Maharashtra,Pune,"Katraj Dairy, Pune - MPCB","23-08-2026 11:00:00",18.45445,73.854155,NO2,9,11,10
India,Maharashtra,Pune,"Katraj Dairy, Pune - MPCB","23-08-2026 11:00:00",18.45445,73.854155,CO,21,31,26
India,Maharashtra,Pune,"Hadapsar, Pune - IITM","23-08-2026 11:00:00",18.501793,73.927532,PM2.5,15,56,39
India,Maharashtra,Pune,"Revenue Colony-Shivajinagar, Pune - IITM","23-08-2026 11:00:00",18.530085,73.849598,PM2.5,16,55,27
India,Maharashtra,Pune,"Revenue Colony-Shivajinagar, Pune - IITM","23-08-2026 11:00:00",18.530085,73.849598,PM10,36,78,59
India,Maharashtra,Pune,"Revenue Colony-Shivajinagar, Pune - IITM","23-08-2026 11:00:00",18.530085,73.849598,NH3,NA,NA,NA
India,Maharashtra,Pune,"Revenue Colony-Shivajinagar, Pune - IITM","23-08-2026 11:00:00",18.530085,73.849598,SO2,5,17,13
India,Maharashtra,Pune,"Mhada Colony, Pune - IITM","23-08-2026 11:00:00",18.57304,73.927715,PM10,39,76,59
India,Maharashtra,Jalna,"Old MIDC, Jalna - MPCB","23-08-2026 11:00:00",19.854616,75.905894,NH3,3,5,4
India,Maharashtra,Kalyan,"Pimpleshwar Mandir, Kalyan - MPCB","23-08-2026 11:00:00",19.192056,72.9585188,NO2,11,22,16
India,Maharashtra,Kolhapur,"Shivaji University, Kolhapur - MPCB","23-08-2026 11:00:00",16.6870449,74.2505872,PM2.5,7,21,12
India,Maharashtra,Kolhapur,"Shivaji University, Kolhapur - MPCB","23-08-2026 11:00:00",16.6870449,74.2505872,PM10,20,59,41
India,Maharashtra,Kolhapur,"Shivaji University, Kolhapur - MPCB","23-08-2026 11:00:00",16.6870449,74.2505872,NO2,3,19,12
India,Maharashtra,Kolhapur,"Shivaji University, Kolhapur - MPCB","23-08-2026 11:00:00",16.6870449,74.2505872,CO,7,19,12
India,Maharashtra,Kolhapur,"Shivaji University, Kolhapur - MPCB","23-08-2026 11:00:00",16.6870449,74.2505872,OZONE,6,14,9
India,Maharashtra,Mahad,"Kamble Tarf Birwadi, Mahad - MPCB","23-08-2026 11:00:00",18.1023399,73.4783687,PM2.5,15,44,28
India,Maharashtra,Mahad,"Kamble Tarf Birwadi, Mahad - MPCB","23-08-2026 11:00:00",18.1023399,73.4783687,OZONE,7,7,7
India,Maharashtra,Malegaon,"Mahesh Nagar, Malegaon - MPCB","23-08-2026 11:00:00",20.555712,74.529236,SO2,0,3,1
India,Maharashtra,Mira-Bhayandar,"Bhayandar West, Mira-Bhayandar - MPCB","23-08-2026 11:00:00",19.296481,72.840923,SO2,2,5,3
India,Maharashtra,Mira-Bhayandar,"Bhayandar West, Mira-Bhayandar - MPCB","23-08-2026 11:00:00",19.296481,72.840923,OZONE,2,7,4
India,Maharashtra,Mumbai,"Shivaji Nagar, Mumbai - BMC","23-08-2026 11:00:00",19.060498,72.923356,NO2,6,14,9
India,Maharashtra,Mumbai,"Shivaji Nagar, Mumbai - BMC","23-08-2026 11:00:00",19.060498,72.923356,NH3,2,6,3
India,Maharashtra,Mumbai,"Shivaji Nagar, Mumbai - BMC","23-08-2026 11:00:00",19.060498,72.923356,SO2,0,11,5
India,Maharashtra,Mumbai,"Shivaji Nagar, Mumbai - BMC","23-08-2026 11:00:00",19.060498,72.923356,CO,9,22,15
India,Maharashtra,Mumbai,"Shivaji Nagar, Mumbai - BMC","23-08-2026 11:00:00",19.060498,72.923356,OZONE,11,12,11
India,Maharashtra,Nagpur,"Opp GPO Civil Lines, Nagpur - MPCB","23-08-2026 11:00:00",21.152875,79.0517531,SO2,1,8,5
India,Maharashtra,Nagpur,"Opp GPO Civil Lines, Nagpur - MPCB","23-08-2026 11:00:00",21.152875,79.0517531,OZONE,5,7,7
India,Maharashtra,Nagpur,"Ambazari, Nagpur - MPCB","23-08-2026 11:00:00",21.121801,79.04952,PM10,33,52,43
India,Maharashtra,Nanded,"Sneh Nagar, Nanded - MPCB","23-08-2026 11:00:00",19.173852,77.296291,NH3,1,3,2
India,Maharashtra,Nanded,"Sneh Nagar, Nanded - MPCB","23-08-2026 11:00:00",19.173852,77.296291,SO2,NA,NA,NA
India,Maharashtra,Nanded,"Sneh Nagar, Nanded - MPCB","23-08-2026 11:00:00",19.173852,77.296291,CO,17,26,22
India,Maharashtra,Nashik,"Gangapur Road, Nashik - MPCB","23-08-2026 11:00:00",20.0073285,73.7762427,OZONE,19,20,19
India,Maharashtra,Nashik,"Pandav Nagari, Nashik - MPCB","23-08-2026 11:00:00",19.9591346,73.7788008,NO2,3,7,4
India,Maharashtra,Nashik,"Pandav Nagari, Nashik - MPCB","23-08-2026 11:00:00",19.9591346,73.7788008,CO,11,17,14
India,Maharashtra,Nashik,"Hirawadi, Nashik - MPCB","23-08-2026 11:00:00",20.021503,73.813844,CO,31,38,35
India,Maharashtra,Nashik,"MIDC Ambad, Nashik - MPCB","23-08-2026 11:00:00",19.95022,73.73148,PM10,17,30,24
India,Maharashtra,Nashik,"MIDC Ambad, Nashik - MPCB","23-08-2026 11:00:00",19.95022,73.73148,SO2,0,4,2
India,Maharashtra,Nashik,"MIDC Ambad, Nashik - MPCB","23-08-2026 11:00:00",19.95022,73.73148,CO,18,23,21
India,Maharashtra,"Navi Mumbai","Kopripada-Vashi, Navi Mumbai - MPCB","23-08-2026 11:00:00",19.090337,73.014232,PM2.5,10,31,18
India,Maharashtra,"Navi Mumbai","Kopripada-Vashi, Navi Mumbai - MPCB","23-08-2026 11:00:00",19.090337,73.014232,CO,21,33,26
India,Maharashtra,Mumbai,"Sewri, Mumbai - BMC","23-08-2026 11:00:00",19.000084,72.85673,SO2,NA,NA,NA
India,Maharashtra,Mumbai,"Sewri, Mumbai - BMC","23-08-2026 11:00:00",19.000084,72.85673,OZONE,8,12,10
India,Maharashtra,Mumbai,"Khindipada-Bhandup West, Mumbai - IITM","23-08-2026 11:00:00",19.1653323,72.922099,NO2,10,13,11
India,Maharashtra,Mumbai,"Khindipada-Bhandup West, Mumbai - IITM","23-08-2026 11:00:00",19.1653323,72.922099,NH3,1,2,1
India,Maharashtra,Mumbai,"Khindipada-Bhandup West, Mumbai - IITM","23-08-2026 11:00:00",19.1653323,72.922099,SO2,3,10,7
India,Maharashtra,Mumbai,"Borivali East, Mumbai - IITM","23-08-2026 11:00:00",19.23241,72.86895,SO2,NA,NA,NA
India,Maharashtra,Mumbai,"Chakala-Andheri East, Mumbai - IITM","23-08-2026 11:00:00",19.11074,72.86084,PM2.5,8,39,20
India,Maharashtra,Mumbai,"Bandra Kurla Complex, Mumbai - IITM","23-08-2026 11:00:00",19.053536,72.84643,CO,10,19,14
India,Maharashtra,Mumbai,"Kurla, Mumbai - MPCB","23-08-2026 11:00:00",19.0863,72.8888,NO2,9,9,9
India,Maharashtra,Mumbai,"Kurla, Mumbai - MPCB","23-08-2026 11:00:00",19.0863,72.8888,SO2,29,29,29
India,Maharashtra,Mumbai,"Ghatkopar, Mumbai - BMC","23-08-2026 11:00:00",19.083694,72.920967,NO2,4,7,5
India,Maharashtra,Mumbai,"Ghatkopar, Mumbai - BMC","23-08-2026 11:00:00",19.083694,72.920967,NH3,4,6,4
India,Maharashtra,Mumbai,"Deonar, Mumbai - IITM","23-08-2026 11:00:00",19.04946,72.923,PM10,21,85,45
India,Maharashtra,Mumbai,"Deonar, Mumbai - IITM","23-08-2026 11:00:00",19.04946,72.923,SO2,2,4,3
India,Maharashtra,Mumbai,"Deonar, Mumbai - IITM","23-08-2026 11:00:00",19.04946,72.923,OZONE,7,7,7
India,Maharashtra,Nagpur,"Mahal, Nagpur - MPCB","23-08-2026 11:00:00",21.14472,79.107595,OZONE,3,8,4
India,Maharashtra,Mumbai,"Siddharth Nagar-Worli, Mumbai - IITM","23-08-2026 11:00:00",19.000083,72.813993,PM10,30,46,38
India,Maharashtra,Mumbai,"Bandra Kurla Complex, Mumbai - MPCB","23-08-2026 11:00:00",19.065931,72.862131,NO2,6,7,6
India,Maharashtra,Mumbai,"Bandra Kurla Complex, Mumbai - MPCB","23-08-2026 11:00:00",19.065931,72.862131,NH3,7,7,7
India,Maharashtra,Mumbai,"Kherwadi_Bandra East, Mumbai - MPCB","23-08-2026 11:00:00",19.0632143,72.8456324,NO2,3,7,5
India,Maharashtra,Mumbai,"Kherwadi_Bandra East, Mumbai - MPCB","23-08-2026 11:00:00",19.0632143,72.8456324,NH3,5,5,5
India,Maharashtra,Mumbai,"Kherwadi_Bandra East, Mumbai - MPCB","23-08-2026 11:00:00",19.0632143,72.8456324,OZONE,11,15,13
India,Maharashtra,Mumbai,"Byculla, Mumbai - BMC","23-08-2026 11:00:00",18.9767,72.838,PM10,22,42,28
India,Maharashtra,Mumbai,"Byculla, Mumbai - BMC","23-08-2026 11:00:00",18.9767,72.838,NH3,1,2,2
India,Maharashtra,Mumbai,"Mindspace-Malad West, Mumbai - MPCB","23-08-2026 11:00:00",19.1878657,72.8304069,NH3,7,8,8
India,Maharashtra,Mumbai,"Worli, Mumbai - MPCB","23-08-2026 11:00:00",18.9936162,72.8128113,OZONE,6,9,8
India,Maharashtra,Mumbai,"Navy Nagar-Colaba, Mumbai - IITM","23-08-2026 11:00:00",18.897756,72.81332,NO2,23,72,41
India,Maharashtra,Mumbai,"Mulund West, Mumbai - MPCB","23-08-2026 11:00:00",19.175,72.9419,PM10,NA,NA,NA
India,Maharashtra,Mumbai,"Chembur, Mumbai - MPCB","23-08-2026 11:00:00",19.0364585,72.8954371,PM2.5,10,23,16
India,Maharashtra,Mumbai,"Chembur, Mumbai - MPCB","23-08-2026 11:00:00",19.0364585,72.8954371,NO2,6,18,10
India,Maharashtra,Badlapur,"Katrap, Badlapur - MPCB","23-08-2026 11:00:00",19.16485,73.23409,PM10,15,17,15
India,Maharashtra,Beed,"Bir, Beed - MPCB","23-08-2026 11:00:00",18.988474,75.753873,SO2,5,9,7
India,Maharashtra,Beed,"Bir, Beed - MPCB","23-08-2026 11:00:00",18.988474,75.753873,CO,6,14,11
India,Maharashtra,Belapur,"CBD Belapur, Belapur - MPCB","23-08-2026 11:00:00",19.0243902,73.0406721,PM10,25,65,42
India,Maharashtra,Belapur,"CBD Belapur, Belapur - MPCB","23-08-2026 11:00:00",19.0243902,73.0406721,SO2,NA,NA,NA
India,Maharashtra,Belapur,"CBD Belapur, Belapur - MPCB","23-08-2026 11:00:00",19.0243902,73.0406721,CO,14,30,22
India,Maharashtra,Belapur,"CBD Belapur, Belapur - MPCB","23-08-2026 11:00:00",19.0243902,73.0406721,OZONE,9,11,10
India,Maharashtra,Bhiwandi,"Gokul Nagar, Bhiwandi - MPCB","23-08-2026 11:00:00",19.309073,73.057223,NO2,5,15,6
India,Maharashtra,Boisar,"Khaira, Boisar - MPCB","23-08-2026 11:00:00",19.786089,72.757971,NO2,21,23,22
India,Maharashtra,Chandrapur,"Chauhan Colony, Chandrapur - MPCB","23-08-2026 11:00:00",19.9629,79.298714,PM10,17,57,33
India,Maharashtra,Chandrapur,"Chauhan Colony, Chandrapur - MPCB","23-08-2026 11:00:00",19.9629,79.298714,NO2,12,14,13
India,Maharashtra,Dhule,"Deopur, Dhule - MPCB","23-08-2026 11:00:00",20.918946,74.776388,PM2.5,16,49,26
India,Maharashtra,Dhule,"Deopur, Dhule - MPCB","23-08-2026 11:00:00",20.918946,74.776388,CO,2,10,7
India,Maharashtra,Dhule,"Deopur, Dhule - MPCB","23-08-2026 11:00:00",20.918946,74.776388,OZONE,9,11,11
India,Maharashtra,"Navi Mumbai","Tondare-Taloja, Navi Mumbai - MPCB","23-08-2026 11:00:00",19.063,73.1209,CO,39,46,43
India,Maharashtra,"Navi Mumbai","Sanpada, Navi Mumbai - MPCB","23-08-2026 11:00:00",19.0575752,73.0151367,PM10,20,50,34
India,Maharashtra,"Navi Mumbai","Sanpada, Navi Mumbai - MPCB","23-08-2026 11:00:00",19.0575752,73.0151367,NO2,3,12,5
India,Maharashtra,"Navi Mumbai","Sector-2E Kalamboli, Navi Mumbai - MPCB","23-08-2026 11:00:00",19.02579,73.10297,PM2.5,16,31,24
India,Maharashtra,"Navi Mumbai","Sector-2E Kalamboli, Navi Mumbai - MPCB","23-08-2026 11:00:00",19.02579,73.10297,NH3,6,16,9
India,Maharashtra,"Navi Mumbai","Sector-2E Kalamboli, Navi Mumbai - MPCB","23-08-2026 11:00:00",19.02579,73.10297,CO,13,18,16
India,Maharashtra,Parbhani,"Masoom Colony, Parbhani - MPCB","23-08-2026 11:00:00",19.265594,76.761463,NO2,4,6,5
India,Maharashtra,Parbhani,"Masoom Colony, Parbhani - MPCB","23-08-2026 11:00:00",19.265594,76.761463,NH3,0,1,0
India,Maharashtra,Pimpri-Chinchwad,"Bhosari, Pune - IITM","23-08-2026 11:00:00",18.640051,73.848956,NH3,NA,NA,NA
India,Maharashtra,Pimpri-Chinchwad,"Bhosari, Pune - IITM","23-08-2026 11:00:00",18.640051,73.848956,SO2,NA,NA,NA
India,Maharashtra,Pimpri-Chinchwad,"Bhosari, Pune - IITM","23-08-2026 11:00:00",18.640051,73.848956,OZONE,8,17,11
India,Maharashtra,Pimpri-Chinchwad,"Thergaon, Pimpri Chinchwad - MPCB","23-08-2026 11:00:00",18.616318,73.765797,NO2,NA,NA,NA
India,Maharashtra,Pimpri-Chinchwad,"Thergaon, Pimpri Chinchwad - MPCB","23-08-2026 11:00:00",18.616318,73.765797,CO,14,45,29
India,Maharashtra,Solapur,"Ratandeep Housing Society, Solapur - MPCB","23-08-2026 11:00:00",17.65439,75.90649,NO2,6,29,14
India,Maharashtra,Solapur,"Ratandeep Housing Society, Solapur - MPCB","23-08-2026 11:00:00",17.65439,75.90649,CO,12,23,17
India,Maharashtra,Solapur,"Ratandeep Housing Society, Solapur - MPCB","23-08-2026 11:00:00",17.65439,75.90649,OZONE,7,19,11
India,Maharashtra,Thane,"Upvan Fort, Thane - MPCB","23-08-2026 11:00:00",19.222279,72.957979,NH3,1,4,1
India,Maharashtra,Thane,"Upvan Fort, Thane - MPCB","23-08-2026 11:00:00",19.222279,72.957979,CO,6,20,11
India,Maharashtra,Sangli,"Vijay Nagar, Sangli - MPCB","23-08-2026 11:00:00",16.5038,74.3623,PM10,18,34,26
India,Maharashtra,Sangli,"Vijay Nagar, Sangli - MPCB","23-08-2026 11:00:00",16.5038,74.3623,NO2,2,10,4
India,Maharashtra,Satara,"Koyana Nagar, Satara - MPCB","23-08-2026 11:00:00",17.696651,74.003387,PM10,20,114,68
India,Maharashtra,Solapur,"Dnyaneshwar Nagar, Solapur - MPCB","23-08-2026 11:00:00",17.6336264,75.9132495,SO2,0,5,2
India,Rajasthan,Hanumangarh,"Housing Board, Hanumangarh - RSPCB","23-08-2026 11:00:00",29.61075,74.283608,PM10,42,72,57
India,Rajasthan,Hanumangarh,"Housing Board, Hanumangarh - RSPCB","23-08-2026 11:00:00",29.61075,74.283608,NH3,7,7,7
India,Rajasthan,Jaipur,"Mansarovar Sector-12, Jaipur - RSPCB","23-08-2026 11:00:00",26.843698,75.766894,NO2,1,35,15
India,Rajasthan,Jaipur,"Mansarovar Sector-12, Jaipur - RSPCB","23-08-2026 11:00:00",26.843698,75.766894,SO2,1,2,1
India,Rajasthan,Jaipur,"Sector-2 Murlipura, Jaipur - RSPCB","23-08-2026 11:00:00",26.960669,75.771817,NH3,3,11,6
India,Rajasthan,Jaipur,"Sector-2 Murlipura, Jaipur - RSPCB","23-08-2026 11:00:00",26.960669,75.771817,SO2,NA,NA,NA
India,Rajasthan,Jaipur,"Police Commissionerate, Jaipur - RSPCB","23-08-2026 11:00:00",26.9164092,75.7994901,NO2,35,59,51
India,Rajasthan,Jaipur,"Police Commissionerate, Jaipur - RSPCB","23-08-2026 11:00:00",26.9164092,75.7994901,SO2,6,21,15
India,Rajasthan,Jaipur,"RIICO Sitapura, Jaipur - RSPCB","23-08-2026 11:00:00",26.786682,75.827928,PM10,62,145,97
India,Rajasthan,Jaipur,"RIICO Sitapura, Jaipur - RSPCB","23-08-2026 11:00:00",26.786682,75.827928,CO,12,25,19
India,Rajasthan,Jaipur,"Shastri Nagar, Jaipur - RSPCB","23-08-2026 11:00:00",26.9502929,75.730943,PM2.5,60,98,79
India,Rajasthan,Jaipur,"Shastri Nagar, Jaipur - RSPCB","23-08-2026 11:00:00",26.9502929,75.730943,PM10,81,118,98
India,Rajasthan,Jaipur,"Shastri Nagar, Jaipur - RSPCB","23-08-2026 11:00:00",26.9502929,75.730943,SO2,4,30,21
India,Rajasthan,Jaipur,"Adarsh Nagar, Jaipur - RSPCB","23-08-2026 11:00:00",26.902909,75.836858,PM10,69,99,83
India,Rajasthan,Jaipur,"Adarsh Nagar, Jaipur - RSPCB","23-08-2026 11:00:00",26.902909,75.836858,NH3,4,6,5
India,Rajasthan,Jaipur,"Adarsh Nagar, Jaipur - RSPCB","23-08-2026 11:00:00",26.902909,75.836858,SO2,6,36,22
India,Rajasthan,Jaipur,"Adarsh Nagar, Jaipur - RSPCB","23-08-2026 11:00:00",26.902909,75.836858,OZONE,18,27,23
India,Rajasthan,Jalore,"Mudtra Sili, Jalore - RSPCB","23-08-2026 11:00:00",25.344694,72.626208,NH3,2,4,3
India,Rajasthan,Bhiwadi,"RIICO Ind. Area III, Bhiwadi - RSPCB","23-08-2026 11:00:00",28.194909,76.862296,NO2,29,73,48
India,Rajasthan,Bikaner,"MM Ground, Bikaner - RSPCB","23-08-2026 11:00:00",28.018792,73.292658,NO2,3,25,9
India,Rajasthan,Bikaner,"MM Ground, Bikaner - RSPCB","23-08-2026 11:00:00",28.018792,73.292658,NH3,3,7,4
India,Rajasthan,Bundi,"New Colony, Bundi - RSPCB","23-08-2026 11:00:00",25.435774,75.644272,SO2,3,7,6
India,Rajasthan,Chittorgarh,"Shastri Nagar, Chittorgarh - RSPCB","23-08-2026 11:00:00",24.892047,74.623527,NO2,7,43,15
India,Rajasthan,Churu,"Subash Chowk, Churu - RSPCB","23-08-2026 11:00:00",28.296139,74.961696,SO2,3,6,4
India,Rajasthan,Churu,"Subash Chowk, Churu - RSPCB","23-08-2026 11:00:00",28.296139,74.961696,OZONE,28,30,29
India,Rajasthan,Dausa,"Khatikan Mohalla, Dausa - RSPCB","23-08-2026 11:00:00",26.895552,76.334753,NO2,7,45,21
India,Rajasthan,Dholpur,"Raja Ganj, Dholpur - RSPCB","23-08-2026 11:00:00",26.699557,77.898881,PM2.5,18,48,28
India,Rajasthan,Dholpur,"Raja Ganj, Dholpur - RSPCB","23-08-2026 11:00:00",26.699557,77.898881,NO2,5,18,8
India,Rajasthan,Dungarpur,"Bhoiwada, Dungarpur - RSPCB","23-08-2026 11:00:00",23.837789,73.714926,PM10,22,47,33
India,Rajasthan,Dungarpur,"Bhoiwada, Dungarpur - RSPCB","23-08-2026 11:00:00",23.837789,73.714926,SO2,4,5,4
India,Meghalaya,Shillong,"JN Stadium, Shillong - Meghalaya PCB","23-08-2026 11:00:00",25.5803419,91.8942571,OZONE,53,61,58
India,Meghalaya,Shillong,"Lumpyngngad, Shillong - Meghalaya PCB","23-08-2026 11:00:00",25.5586,91.8985,CO,8,10,9
India,Nagaland,Kohima,"PWD Junction, Kohima - NPCB","23-08-2026 11:00:00",25.6635413,94.0989878,NH3,0,1,1
India,Odisha,Angul,"Hakimapada, Angul - OSPCB","23-08-2026 11:00:00",20.832874,85.104082,PM2.5,2,55,16
India,Odisha,Angul,"Hakimapada, Angul - OSPCB","23-08-2026 11:00:00",20.832874,85.104082,SO2,1,24,8
India,Odisha,Angul,"Hakimapada, Angul - OSPCB","23-08-2026 11:00:00",20.832874,85.104082,OZONE,28,31,30
India,Odisha,Balasore,"Kalidaspur, Balasore - OSPCB","23-08-2026 11:00:00",21.51161,86.89088,PM2.5,5,63,40
India,Odisha,Balasore,"Kalidaspur, Balasore - OSPCB","23-08-2026 11:00:00",21.51161,86.89088,PM10,7,115,48
India,Odisha,Barbil,"Forest Office, Barbil - OSPCB","23-08-2026 11:00:00",22.1166054,85.3945546,PM10,55,131,84
India,Odisha,Barbil,"Forest Office, Barbil - OSPCB","23-08-2026 11:00:00",22.1166054,85.3945546,NO2,2,8,4
India,Odisha,Barbil,"Forest Office, Barbil - OSPCB","23-08-2026 11:00:00",22.1166054,85.3945546,SO2,9,27,16
India,Rajasthan,Jhalawar,"Rajlaxmi Nagar, Jhalawar - RSPCB","23-08-2026 11:00:00",24.588397,76.172782,SO2,6,12,8
India,Rajasthan,Jhunjhunu,"Indra Nagar, Jhunjhunu - RSPCB","23-08-2026 11:00:00",28.108988,75.386577,PM10,59,99,77
India,Rajasthan,Jhunjhunu,"Indra Nagar, Jhunjhunu - RSPCB","23-08-2026 11:00:00",28.108988,75.386577,SO2,4,5,4
India,Rajasthan,Jhunjhunu,"Indra Nagar, Jhunjhunu - RSPCB","23-08-2026 11:00:00",28.108988,75.386577,OZONE,21,44,28
India,Rajasthan,Jodhpur,"Digari Kalan, Jodhpur - RSPCB","23-08-2026 11:00:00",26.29581,73.082283,NH3,4,6,5
India,Rajasthan,Jodhpur,"Digari Kalan, Jodhpur - RSPCB","23-08-2026 11:00:00",26.29581,73.082283,SO2,7,10,8
India,Rajasthan,Jodhpur,"Jhalamand, Jodhpur - RSPCB","23-08-2026 11:00:00",26.215415,73.070156,SO2,4,7,5
India,Rajasthan,Jodhpur,"Mandor, Jodhpur - RSPCB","23-08-2026 11:00:00",26.358805,73.047444,NO2,3,11,6
India,Rajasthan,Jodhpur,"Collectorate, Jodhpur - RSPCB","23-08-2026 11:00:00",26.268249,73.0193853,PM10,45,98,67
India,Rajasthan,Jodhpur,"Collectorate, Jodhpur - RSPCB","23-08-2026 11:00:00",26.268249,73.0193853,NO2,17,37,24
India,Rajasthan,Jodhpur,"Samrat Ashok Udhyan, Jodhpur - RSPCB","23-08-2026 11:00:00",26.253384,72.976571,PM10,63,124,80
India,Odisha,Rairangpur,"Divisional Forest Office, Rairangpur - OSPCB","23-08-2026 11:00:00",22.265816,86.174829,CO,12,33,19
India,Odisha,Rourkela,"Sector-2, Rourkela - OSPCB","23-08-2026 11:00:00",22.245,84.88111111,PM10,32,32,32
India,Odisha,Rourkela,"Sector-2, Rourkela - OSPCB","23-08-2026 11:00:00",22.245,84.88111111,NO2,11,11,11
India,Odisha,Rourkela,"Sector-2, Rourkela - OSPCB","23-08-2026 11:00:00",22.245,84.88111111,NH3,NA,NA,NA
India,Odisha,Rourkela,"Sector-2, Rourkela - OSPCB","23-08-2026 11:00:00",22.245,84.88111111,SO2,NA,NA,NA
India,Odisha,Rourkela,"Raghunathpali, Rourkela - OSPCB","23-08-2026 11:00:00",22.220833,84.809444,PM2.5,38,101,67
India,Odisha,Rourkela,"Raghunathpali, Rourkela - OSPCB","23-08-2026 11:00:00",22.220833,84.809444,NO2,13,13,13
India,Odisha,Rourkela,"Fertilizer Township, Rourkela - OSPCB","23-08-2026 11:00:00",22.18972222,84.86277778,PM2.5,NA,NA,NA
India,Odisha,Talcher,"Talcher Coalfields,Talcher - OSPCB","23-08-2026 11:00:00",20.9360711,85.1707021,SO2,38,47,44
India,Odisha,Talcher,"Talcher Coalfields,Talcher - OSPCB","23-08-2026 11:00:00",20.9360711,85.1707021,OZONE,16,18,17
India,Puducherry,Puducherry,"Jawahar Nagar, Puducherry - PPCC","23-08-2026 11:00:00",11.9309,79.8027,PM10,23,69,40
India,Puducherry,Puducherry,"Jawahar Nagar, Puducherry - PPCC","23-08-2026 11:00:00",11.9309,79.8027,NH3,2,6,3
India,Puducherry,Puducherry,"Jawahar Nagar, Puducherry - PPCC","23-08-2026 11:00:00",11.9309,79.8027,OZONE,12,50,25
India,Punjab,Bathinda,"Hardev Nagar, Bathinda - PPCB","23-08-2026 11:00:00",30.233011,74.907758,CO,14,26,19
India,Punjab,Jalandhar,"Civil Line, Jalandhar - PPCB","23-08-2026 11:00:00",31.321907,75.578914,CO,66,99,85
India,Punjab,"Mandi Gobindgarh","RIMT University, Mandi Gobindgarh - PPCB","23-08-2026 11:00:00",30.649961,76.331442,PM10,75,195,161
India,Punjab,"Mandi Gobindgarh","RIMT University, Mandi Gobindgarh - PPCB","23-08-2026 11:00:00",30.649961,76.331442,NO2,24,25,25
India,Punjab,"Mandi Gobindgarh","RIMT University, Mandi Gobindgarh - PPCB","23-08-2026 11:00:00",30.649961,76.331442,OZONE,28,37,31
India,Punjab,Patiala,"Model Town, Patiala - PPCB","23-08-2026 11:00:00",30.349388,76.366642,PM2.5,15,35,26
India,Punjab,Patiala,"Model Town, Patiala - PPCB","23-08-2026 11:00:00",30.349388,76.366642,SO2,3,29,13
India,Odisha,Baripada,"Meher Colony, Baripada - OSPCB","23-08-2026 11:00:00",21.941841,86.728318,NH3,0,4,3
India,Odisha,Baripada,"Meher Colony, Baripada - OSPCB","23-08-2026 11:00:00",21.941841,86.728318,OZONE,26,53,37
India,Odisha,Bhubaneswar,"Patia, Bhubaneswar - OSPCB","23-08-2026 11:00:00",20.34652,85.8163,PM10,10,89,40
India,Odisha,Bhubaneswar,"Patia, Bhubaneswar - OSPCB","23-08-2026 11:00:00",20.34652,85.8163,NO2,6,20,11
India,Odisha,Bhubaneswar,"Patia, Bhubaneswar - OSPCB","23-08-2026 11:00:00",20.34652,85.8163,NH3,3,9,5
India,Odisha,Bhubaneswar,"Patia, Bhubaneswar - OSPCB","23-08-2026 11:00:00",20.34652,85.8163,SO2,6,18,9
India,Odisha,Bhubaneswar,"Lingraj Mandir, Bhubaneswar - OSPCB","23-08-2026 11:00:00",20.24079,85.836784,PM10,16,141,52
India,Odisha,Bhubaneswar,"Lingraj Mandir, Bhubaneswar - OSPCB","23-08-2026 11:00:00",20.24079,85.836784,CO,35,42,38
India,Odisha,Brajrajnagar,"GM Office, Brajrajnagar - OSPCB","23-08-2026 11:00:00",21.8004996,83.8396977,PM10,13,51,31
India,Odisha,Cuttack,"CDA Area, Cuttack - OSPCB","23-08-2026 11:00:00",20.48891,85.84768,PM2.5,20,95,54
India,Rajasthan,Ajmer,"Civil Lines,  Ajmer - RSPCB","23-08-2026 11:00:00",26.470859,74.646594,NH3,5,6,6
India,Rajasthan,Alwar,"Moti Doongri, Alwar - RSPCB","23-08-2026 11:00:00",27.554793,76.611536,NO2,28,83,45
India,Rajasthan,Alwar,"Vigyan Nagar, Alwar - RSPCB","23-08-2026 11:00:00",27.598796,76.63861,NO2,9,14,10
India,Rajasthan,Bhilwara,"Pratap Nagar, Bhilwara - RSPCB","23-08-2026 11:00:00",25.339605,74.618883,NO2,16,24,19
India,Maharashtra,Thane,"Kasarvadavali, Thane - MPCB","23-08-2026 11:00:00",19.26777,72.97182,CO,26,35,30
India,Maharashtra,Thane,"Kasarvadavali, Thane - MPCB","23-08-2026 11:00:00",19.26777,72.97182,OZONE,5,12,8
India,Maharashtra,Ulhasnagar,"Sidhi Vinayak Nagar, Ulhasnagar - MPCB","23-08-2026 11:00:00",19.235581,73.159121,SO2,1,12,4
India,Maharashtra,Ulhasnagar,"Vithalwadi, Ulhasnagar - MPCB","23-08-2026 11:00:00",19.2307571,73.155192,PM2.5,10,35,21
India,Rajasthan,Sikar,"Radhakishan Pura, Sikar - RSPCB","23-08-2026 11:00:00",27.608912,75.153302,OZONE,19,31,24
India,Rajasthan,Sirohi,"Vedhaynath Colony, Sirohi - RSPCB","23-08-2026 11:00:00",24.885261,72.857549,CO,7,13,9
India,Rajasthan,Sirohi,"Vedhaynath Colony, Sirohi - RSPCB","23-08-2026 11:00:00",24.885261,72.857549,OZONE,16,37,26
India,Rajasthan,"Sri Ganganagar","Old City, Sri Ganganagar - RSPCB","23-08-2026 11:00:00",29.931624,73.864511,PM2.5,5,37,20
India,Rajasthan,"Sri Ganganagar","Old City, Sri Ganganagar - RSPCB","23-08-2026 11:00:00",29.931624,73.864511,PM10,58,159,99
India,Rajasthan,"Sri Ganganagar","Old City, Sri Ganganagar - RSPCB","23-08-2026 11:00:00",29.931624,73.864511,NO2,12,45,24
India,Rajasthan,Tonk,"Shastri Nagar, Tonk - RSPCB","23-08-2026 11:00:00",26.159933,75.780517,SO2,2,3,2
India,Rajasthan,Tonk,"Shastri Nagar, Tonk - RSPCB","23-08-2026 11:00:00",26.159933,75.780517,CO,33,47,42
India,Rajasthan,Tonk,"Shastri Nagar, Tonk - RSPCB","23-08-2026 11:00:00",26.159933,75.780517,OZONE,17,50,28
India,Rajasthan,Udaipur,"Ashok Nagar, Udaipur - RSPCB","23-08-2026 11:00:00",24.5886166,73.6321397,NO2,19,83,40
India,Sikkim,Gangtok,"Zero Point GICI, Gangtok - SSPCB","23-08-2026 11:00:00",27.33853,88.614099,PM10,NA,NA,NA
India,Sikkim,Gangtok,"Zero Point GICI, Gangtok - SSPCB","23-08-2026 11:00:00",27.33853,88.614099,NH3,1,1,1
India,Sikkim,Gangtok,"Zero Point GICI, Gangtok - SSPCB","23-08-2026 11:00:00",27.33853,88.614099,OZONE,1,2,1
India,"Tamil Nadu",Chennai,"Arumbakkam, Chennai - TNPCB","23-08-2026 11:00:00",13.0664,80.2112,PM2.5,20,52,34
India,"Tamil Nadu",Chennai,"Arumbakkam, Chennai - TNPCB","23-08-2026 11:00:00",13.0664,80.2112,PM10,54,105,82
India,"Tamil Nadu",Chennai,"Arumbakkam, Chennai - TNPCB","23-08-2026 11:00:00",13.0664,80.2112,NO2,13,25,18
India,"Tamil Nadu",Chennai,"Arumbakkam, Chennai - TNPCB","23-08-2026 11:00:00",13.0664,80.2112,CO,NA,NA,NA
India,"Tamil Nadu",Chennai,"Velachery Res. Area, Chennai - CPCB","23-08-2026 11:00:00",13.0052189,80.2398125,PM2.5,54,54,54
India,"Tamil Nadu",Chennai,"Velachery Res. Area, Chennai - CPCB","23-08-2026 11:00:00",13.0052189,80.2398125,OZONE,8,12,9
India,"Tamil Nadu",Chennai,"Perungudi, Chennai - TNPCB","23-08-2026 11:00:00",12.9533,80.2357,CO,28,37,34
India,"Uttar Pradesh",Ghaziabad,"Wave City, Ghaziabad - UPPCB","23-08-2026 11:00:00",28.646675,77.489049,SO2,1,4,3
India,"Uttar Pradesh",Ghaziabad,"Loni, Ghaziabad - UPPCB","23-08-2026 11:00:00",28.757294,77.278792,NH3,2,10,4
India,"Uttar Pradesh",Ghaziabad,"Loni, Ghaziabad - UPPCB","23-08-2026 11:00:00",28.757294,77.278792,OZONE,15,29,21
India,"Uttar Pradesh",Ghaziabad,"Govindpuram, Ghaziabad - UPPCB","23-08-2026 11:00:00",28.694528,77.494705,PM2.5,14,56,32
India,"Uttar Pradesh",Ghaziabad,"Govindpuram, Ghaziabad - UPPCB","23-08-2026 11:00:00",28.694528,77.494705,PM10,14,54,31
India,"Uttar Pradesh",Gorakhpur,"Madan Mohan Malaviya University of Technology, Gorakhpur - UPPCB","23-08-2026 11:00:00",26.730136,83.433859,PM10,22,121,62
India,"Uttar Pradesh",Gorakhpur,"Madan Mohan Malaviya University of Technology, Gorakhpur - UPPCB","23-08-2026 11:00:00",26.730136,83.433859,SO2,47,49,48
India,"Uttar Pradesh",Gorakhpur,"Madan Mohan Malaviya University of Technology, Gorakhpur - UPPCB","23-08-2026 11:00:00",26.730136,83.433859,CO,6,6,6
India,"Uttar Pradesh","Greater Noida","Knowledge Park - V, Greater Noida - UPPCB","23-08-2026 11:00:00",28.557054,77.453663,CO,9,23,15
India,"Uttar Pradesh","Greater Noida","Knowledge Park - III, Greater Noida - UPPCB","23-08-2026 11:00:00",28.47272,77.482,PM10,10,144,62
India,"Uttar Pradesh","Greater Noida","Knowledge Park - III, Greater Noida - UPPCB","23-08-2026 11:00:00",28.47272,77.482,NH3,6,10,8
India,"Uttar Pradesh",Jhansi,"Shivaji Nagar, Jhansi - UPPCB","23-08-2026 11:00:00",25.4547,78.6039,PM2.5,NA,NA,NA
India,"Uttar Pradesh",Jhansi,"Shivaji Nagar, Jhansi - UPPCB","23-08-2026 11:00:00",25.4547,78.6039,NO2,5,7,6
India,"Uttar Pradesh",Jhansi,"Shivaji Nagar, Jhansi - UPPCB","23-08-2026 11:00:00",25.4547,78.6039,NH3,4,4,4
India,"Uttar Pradesh",Jhansi,"Shivaji Nagar, Jhansi - UPPCB","23-08-2026 11:00:00",25.4547,78.6039,CO,6,11,9
India,"Uttar Pradesh",Kanpur,"FTI Kidwai Nagar, Kanpur - UPPCB","23-08-2026 11:00:00",26.428282,80.327067,PM2.5,9,143,51
India,"Uttar Pradesh",Kanpur,"NSI Kalyanpur, Kanpur - UPPCB","23-08-2026 11:00:00",26.509954,80.249612,PM10,29,70,51
India,"Uttar Pradesh",Kanpur,"Nehru Nagar, Kanpur - UPPCB","23-08-2026 11:00:00",26.4703136,80.3229863,PM2.5,15,40,27
India,"Uttar Pradesh",Bulandshahr,"Yamunapuram, Bulandshahr - UPPCB","23-08-2026 11:00:00",28.406963,77.849831,PM10,33,142,74
India,"Uttar Pradesh",Bulandshahr,"Yamunapuram, Bulandshahr - UPPCB","23-08-2026 11:00:00",28.406963,77.849831,NH3,8,12,9
India,"Uttar Pradesh",Bulandshahr,"Yamunapuram, Bulandshahr - UPPCB","23-08-2026 11:00:00",28.406963,77.849831,CO,24,32,28
India,"Uttar Pradesh",Bulandshahr,"Yamunapuram, Bulandshahr - UPPCB","23-08-2026 11:00:00",28.406963,77.849831,OZONE,21,46,33
India,"Uttar Pradesh","Fatehpur Sikri","Dadupura, Fatehpur Sikri - UPPCB","23-08-2026 11:00:00",27.097694,77.671335,CO,10,14,12
India,"Uttar Pradesh",Firozabad,"Nagla Bhau, Firozabad - UPPCB","23-08-2026 11:00:00",27.168897,78.37696,PM10,NA,NA,NA
India,"Uttar Pradesh",Firozabad,"Nagla Bhau, Firozabad - UPPCB","23-08-2026 11:00:00",27.168897,78.37696,NO2,14,19,17
India,"Uttar Pradesh",Firozabad,"Vibhab Nagar, Firozabad - UPPCB","23-08-2026 11:00:00",27.1594,78.3953,NH3,6,7,7
India,"Uttar Pradesh",Firozabad,"Vibhab Nagar, Firozabad - UPPCB","23-08-2026 11:00:00",27.1594,78.3953,CO,20,25,24
India,"Uttar Pradesh",Gajraula,"Rajanpur, Gajraula - UPPCB","23-08-2026 11:00:00",28.829109,78.248796,PM2.5,15,68,43
India,"Uttar Pradesh",Gajraula,"Rajanpur, Gajraula - UPPCB","23-08-2026 11:00:00",28.829109,78.248796,NH3,1,3,2
India,"Uttar Pradesh",Gajraula,"Rajanpur, Gajraula - UPPCB","23-08-2026 11:00:00",28.829109,78.248796,CO,52,62,58
India,"Uttar Pradesh",Ghaziabad,"Ved Vihar-Loni, Ghaziabad - UPPCB","23-08-2026 11:00:00",28.739153,77.273668,PM10,25,142,84
India,"Uttar Pradesh",Ghaziabad,"Sanjay Nagar, Ghaziabad - UPPCB","23-08-2026 11:00:00",28.685382,77.453839,PM2.5,3,67,28
India,"Uttar Pradesh",Ghaziabad,"Sanjay Nagar, Ghaziabad - UPPCB","23-08-2026 11:00:00",28.685382,77.453839,PM10,3,68,28
India,"Uttar Pradesh",Ghaziabad,"Sanjay Nagar, Ghaziabad - UPPCB","23-08-2026 11:00:00",28.685382,77.453839,OZONE,23,30,26
India,"Uttar Pradesh",Ghaziabad,"Vasundhara, Ghaziabad - UPPCB","23-08-2026 11:00:00",28.6603346,77.3572563,OZONE,24,49,37
India,"Uttar Pradesh",Ghaziabad,"Wave City, Ghaziabad - UPPCB","23-08-2026 11:00:00",28.646675,77.489049,NO2,15,20,17
India,"Tamil Nadu",Chennai,"Manali, Chennai - CPCB","23-08-2026 11:00:00",13.164544,80.26285,NH3,6,7,6
India,"Tamil Nadu",Chennai,"Manali, Chennai - CPCB","23-08-2026 11:00:00",13.164544,80.26285,OZONE,9,10,9
India,"Tamil Nadu",Chennai,"Royapuram, Chennai - TNPCB","23-08-2026 11:00:00",13.1036,80.2909,PM2.5,33,52,45
India,"Tamil Nadu",Chennai,"Royapuram, Chennai - TNPCB","23-08-2026 11:00:00",13.1036,80.2909,CO,26,56,45
India,"Tamil Nadu",Cuddalore,"Kudikadu, Cuddalore - TNPCB","23-08-2026 11:00:00",11.6829898,79.7532099,NH3,NA,NA,NA
India,"Tamil Nadu",Cuddalore,"Semmandalam, Cuddalore - TNPCB","23-08-2026 11:00:00",11.7637683,79.7499835,NO2,NA,NA,NA
India,"Tamil Nadu",Cuddalore,"Semmandalam, Cuddalore - TNPCB","23-08-2026 11:00:00",11.7637683,79.7499835,NH3,NA,NA,NA
India,"Tamil Nadu",Gummidipoondi,"Anthoni Pillai Nagar, Gummidipoondi - TNPCB","23-08-2026 11:00:00",13.4127,80.1081,PM2.5,30,186,83
India,"Tamil Nadu",Gummidipoondi,"Anthoni Pillai Nagar, Gummidipoondi - TNPCB","23-08-2026 11:00:00",13.4127,80.1081,OZONE,NA,NA,NA
India,"Tamil Nadu",Thoothukudi,"Meelavittan, Thoothukudi - TNPCB","23-08-2026 11:00:00",8.816428,78.099039,SO2,1,19,11
India,"Tamil Nadu",Thoothukudi,"Meelavittan, Thoothukudi - TNPCB","23-08-2026 11:00:00",8.816428,78.099039,CO,36,43,40
India,Telangana,Hyderabad,"Zoo Park, Hyderabad - TSPCB","23-08-2026 11:00:00",17.349694,78.451437,PM10,4,154,32
India,Telangana,Hyderabad,"Zoo Park, Hyderabad - TSPCB","23-08-2026 11:00:00",17.349694,78.451437,NO2,5,9,8
India,Telangana,Hyderabad,"Central University, Hyderabad - TSPCB","23-08-2026 11:00:00",17.460103,78.334361,NO2,3,39,17
India,Telangana,Hyderabad,"Nacharam_TSIIC IALA, Hyderabad - TSPCB","23-08-2026 11:00:00",17.429398,78.569354,PM2.5,NA,NA,NA
India,Telangana,Hyderabad,"Nacharam_TSIIC IALA, Hyderabad - TSPCB","23-08-2026 11:00:00",17.429398,78.569354,OZONE,20,20,20
India,Telangana,Hyderabad,"New Malakpet, Hyderabad - TSPCB","23-08-2026 11:00:00",17.37206,78.50864,PM2.5,30,63,36
India,Rajasthan,Khairthal,"New Anaj Mandi, Khairthal - RSPCB","23-08-2026 11:00:00",27.8015617,76.6365217,OZONE,30,46,34
India,Rajasthan,Kota,"Nayapura, Kota - RSPCB","23-08-2026 11:00:00",25.196024,75.855668,CO,9,25,17
India,Rajasthan,Kota,"Shrinath Puram, Kota - RSPCB","23-08-2026 11:00:00",25.14389,75.821256,NH3,1,7,5
India,Rajasthan,Kota,"Shrinath Puram, Kota - RSPCB","23-08-2026 11:00:00",25.14389,75.821256,SO2,4,6,5
India,Rajasthan,Nagaur,"Karni Colony, Nagaur - RSPCB","23-08-2026 11:00:00",27.213494,73.734444,PM10,73,128,100
India,Rajasthan,Nagaur,"Karni Colony, Nagaur - RSPCB","23-08-2026 11:00:00",27.213494,73.734444,SO2,1,7,4
India,Rajasthan,Nagaur,"Karni Colony, Nagaur - RSPCB","23-08-2026 11:00:00",27.213494,73.734444,OZONE,14,30,20
India,Rajasthan,Pali,"Indira Colony Vistar, Pali - RSPCB","23-08-2026 11:00:00",25.771061,73.340227,NH3,3,10,6
India,Rajasthan,Pratapgarh,"Pragati Nagar, Pratapgarh - RSPCB","23-08-2026 11:00:00",24.041198,74.780702,PM2.5,37,87,60
India,Rajasthan,Pratapgarh,"Pragati Nagar, Pratapgarh - RSPCB","23-08-2026 11:00:00",24.041198,74.780702,PM10,73,123,91
India,Rajasthan,Pratapgarh,"Pragati Nagar, Pratapgarh - RSPCB","23-08-2026 11:00:00",24.041198,74.780702,SO2,1,4,2
India,Rajasthan,"Sawai Madhopur","Sahu Nagar, Sawai Madhopur - RSPCB","23-08-2026 11:00:00",26.031443,76.359327,SO2,4,10,6
India,Rajasthan,Sikar,"Radhakishan Pura, Sikar - RSPCB","23-08-2026 11:00:00",27.608912,75.153302,PM2.5,47,77,59
India,"Uttar Pradesh",Mathura,"Pali Dungra, Mathura - UPPCB","23-08-2026 11:00:00",27.410954,77.550619,PM2.5,8,34,20
India,"Uttar Pradesh",Mathura,"Pali Dungra, Mathura - UPPCB","23-08-2026 11:00:00",27.410954,77.550619,PM10,24,73,53
India,"Uttar Pradesh",Mathura,"Pali Dungra, Mathura - UPPCB","23-08-2026 11:00:00",27.410954,77.550619,NO2,4,6,5
India,"Uttar Pradesh",Mathura,"Pali Dungra, Mathura - UPPCB","23-08-2026 11:00:00",27.410954,77.550619,SO2,4,13,9
India,"Uttar Pradesh",Mathura,"Pali Dungra, Mathura - UPPCB","23-08-2026 11:00:00",27.410954,77.550619,OZONE,4,7,7
India,"Uttar Pradesh",Meerut,"Jai Bhim Nagar, Meerut - UPPCB","23-08-2026 11:00:00",28.9535882,77.7622941,PM10,5,47,26
India,"Uttar Pradesh",Meerut,"Jai Bhim Nagar, Meerut - UPPCB","23-08-2026 11:00:00",28.9535882,77.7622941,CO,11,18,15
India,"Uttar Pradesh",Meerut,"Jai Bhim Nagar, Meerut - UPPCB","23-08-2026 11:00:00",28.9535882,77.7622941,OZONE,17,64,42
India,"Uttar Pradesh",Meerut,"MIET College, Meerut - UPPCB","23-08-2026 11:00:00",28.972677,77.641018,PM10,NA,NA,NA
India,"Uttar Pradesh",Meerut,"Pallavpuram Phase 2, Meerut - UPPCB","23-08-2026 11:00:00",29.06351,77.709723,PM2.5,13,85,51
India,"Uttar Pradesh",Moradabad,"Eco Herbal Park, Moradabad - UPPCB","23-08-2026 11:00:00",28.840739,78.697531,PM2.5,5,54,31
India,"Uttar Pradesh",Moradabad,"Eco Herbal Park, Moradabad - UPPCB","23-08-2026 11:00:00",28.840739,78.697531,NH3,6,8,7
India,"Uttar Pradesh",Moradabad,"Buddhi Vihar, Moradabad - UPPCB","23-08-2026 11:00:00",28.83526,78.7446,SO2,32,35,34
India,"Uttar Pradesh",Moradabad,"Buddhi Vihar, Moradabad - UPPCB","23-08-2026 11:00:00",28.83526,78.7446,OZONE,18,23,21
India,"Uttar Pradesh",Agra,"Sector-3B Avas Vikas Colony, Agra - UPPCB","23-08-2026 11:00:00",27.19412,77.96237,SO2,26,27,26
India,"Uttar Pradesh",Agra,"Shahjahan Garden, Agra - UPPCB","23-08-2026 11:00:00",27.169338,78.03582,NO2,25,28,26
India,"Uttar Pradesh",Agra,"Shahjahan Garden, Agra - UPPCB","23-08-2026 11:00:00",27.169338,78.03582,OZONE,1,1,1
India,"Uttar Pradesh",Agra,"Manoharpur, Agra - UPPCB","23-08-2026 11:00:00",27.23711,78.01936,NH3,2,2,2
India,"Uttar Pradesh",Agra,"Manoharpur, Agra - UPPCB","23-08-2026 11:00:00",27.23711,78.01936,OZONE,6,6,6
India,"Uttar Pradesh",Agra,"Shastripuram, Agra - UPPCB","23-08-2026 11:00:00",27.19862,77.92066,NH3,3,3,3
India,"Uttar Pradesh",Agra,"Shastripuram, Agra - UPPCB","23-08-2026 11:00:00",27.19862,77.92066,SO2,53,60,57
India,"Uttar Pradesh",Baghpat,"Sardar Patel Inter College, Baghpat - UPPCB","23-08-2026 11:00:00",28.964949,77.278761,CO,8,11,10
India,"Uttar Pradesh",Baraut,"Nagar Palika Parishad, Baraut - UPPCB","23-08-2026 11:00:00",29.09956,77.26235,PM2.5,40,209,111
India,"Uttar Pradesh",Baraut,"Nagar Palika Parishad, Baraut - UPPCB","23-08-2026 11:00:00",29.09956,77.26235,SO2,2,3,2
India,"Uttar Pradesh",Bareilly,"Civil Lines, Bareilly - UPPCB","23-08-2026 11:00:00",28.359581,79.414455,PM2.5,22,47,34
India,"Uttar Pradesh",Bareilly,"Civil Lines, Bareilly - UPPCB","23-08-2026 11:00:00",28.359581,79.414455,PM10,19,38,30
India,"Uttar Pradesh",Bareilly,"Civil Lines, Bareilly - UPPCB","23-08-2026 11:00:00",28.359581,79.414455,OZONE,NA,NA,NA
India,Telangana,Hyderabad,"Kokapet, Hyderabad - TSPCB","23-08-2026 11:00:00",17.393559,78.339194,NH3,2,3,3
India,Telangana,Hyderabad,"Ramachandrapuram, Hyderabad - TSPCB","23-08-2026 11:00:00",17.528544,78.286195,NH3,2,5,3
India,Telangana,Hyderabad,"Ramachandrapuram, Hyderabad - TSPCB","23-08-2026 11:00:00",17.528544,78.286195,SO2,7,17,12
India,Telangana,Hyderabad,"Ramachandrapuram, Hyderabad - TSPCB","23-08-2026 11:00:00",17.528544,78.286195,OZONE,19,28,22
India,Telangana,Hyderabad,"Kompally Municipal Office, Hyderabad - TSPCB","23-08-2026 11:00:00",17.544899,78.486949,CO,12,21,17
India,Telangana,Hyderabad,"Somajiguda, Hyderabad - TSPCB","23-08-2026 11:00:00",17.417094,78.457437,PM2.5,44,53,48
India,Telangana,Hyderabad,"Somajiguda, Hyderabad - TSPCB","23-08-2026 11:00:00",17.417094,78.457437,NH3,3,5,3
India,Telangana,Hyderabad,"Somajiguda, Hyderabad - TSPCB","23-08-2026 11:00:00",17.417094,78.457437,CO,10,10,10
India,Telangana,Hyderabad,"Sanathnagar, Hyderabad - TSPCB","23-08-2026 11:00:00",17.4559458,78.4332152,PM10,NA,NA,NA
India,Telangana,Hyderabad,"ICRISAT Patancheru, Hyderabad - TSPCB","23-08-2026 11:00:00",17.5184,78.278777,OZONE,9,11,10
India,Tripura,Agartala,"Bardowali, Agartala - Tripura SPCB","23-08-2026 11:00:00",23.8175497,91.2726974,OZONE,2,4,3
India,"Uttar Pradesh",Agra,"Rohta, Agra - UPPCB","23-08-2026 11:00:00",27.106972,78.000111,PM10,29,112,66
India,"Uttar Pradesh",Khora,"Prashant Garden, Khora - UPPCB","23-08-2026 11:00:00",28.61119,77.34206,SO2,3,5,4
India,"Uttar Pradesh",Khurja,"Kalindi Kunj, Khurja - UPPCB","23-08-2026 11:00:00",28.2348927,77.8683002,OZONE,10,12,11
India,"Uttar Pradesh",Lucknow,"B R Ambedkar University, Lucknow - UPPCB","23-08-2026 11:00:00",26.766433,80.927299,NH3,3,3,3
India,"Uttar Pradesh",Moradabad,"Jigar Colony, Moradabad - UPPCB","23-08-2026 11:00:00",28.856664,78.772638,NH3,6,6,6
India,"Uttar Pradesh",Moradabad,"Jigar Colony, Moradabad - UPPCB","23-08-2026 11:00:00",28.856664,78.772638,CO,39,40,40
India,"Uttar Pradesh",Moradabad,"Transport Nagar, Moradabad - UPPCB","23-08-2026 11:00:00",28.802625,78.753728,PM10,37,95,59
India,"Uttar Pradesh",Moradabad,"Transport Nagar, Moradabad - UPPCB","23-08-2026 11:00:00",28.802625,78.753728,NH3,5,6,5
India,"Uttar Pradesh",Moradabad,"Transport Nagar, Moradabad - UPPCB","23-08-2026 11:00:00",28.802625,78.753728,CO,30,47,44
India,"Uttar Pradesh",Moradabad,"Kashiram Nagar, Moradabad - UPPCB","23-08-2026 11:00:00",28.849399,78.742362,SO2,32,66,46
India,"Uttar Pradesh",Moradabad,"Kashiram Nagar, Moradabad - UPPCB","23-08-2026 11:00:00",28.849399,78.742362,CO,35,46,38
India,"Uttar Pradesh",Moradabad,"Employment Office, Moradabad - UPPCB","23-08-2026 11:00:00",28.88528,78.7388,PM2.5,31,70,51
India,"Uttar Pradesh",Moradabad,"Employment Office, Moradabad - UPPCB","23-08-2026 11:00:00",28.88528,78.7388,OZONE,19,45,34
India,"Uttar Pradesh",Noida,"Sector - 125, Noida - UPPCB","23-08-2026 11:00:00",28.5447608,77.3231257,CO,2,15,8
India,"Uttar Pradesh",Noida,"Sector - 125, Noida - UPPCB","23-08-2026 11:00:00",28.5447608,77.3231257,OZONE,20,21,20
India,"Uttar Pradesh",Noida,"Sector - 62, Noida - IITM","23-08-2026 11:00:00",28.6245479,77.3577104,CO,15,22,18
India,"Uttar Pradesh",Prayagraj,"Motilal Nehru NIT, Prayagraj - UPPCB","23-08-2026 11:00:00",25.494,81.863,PM10,21,69,41
India,"Uttar Pradesh",Prayagraj,"Nagar Nigam, Prayagraj - UPPCB","23-08-2026 11:00:00",25.44919916,81.82735986,SO2,57,100,73
India,"Uttar Pradesh",Prayagraj,"Jhunsi, Prayagraj - UPPCB","23-08-2026 11:00:00",25.425602,81.917152,PM10,23,156,62
India,"Uttar Pradesh",Raebareli," Indira Nagar, Raebareli - NTPC Unchahar","23-08-2026 11:00:00",26.207781,81.245571,PM2.5,25,54,44
India,"Uttar Pradesh",Raebareli," Indira Nagar, Raebareli - NTPC Unchahar","23-08-2026 11:00:00",26.207781,81.245571,PM10,39,96,66
India,"Uttar Pradesh",Shamli,"New Tehsil, Shamli - UPPCB","23-08-2026 11:00:00",29.4603683,77.3410291,OZONE,16,18,17
India,"Uttar Pradesh",Varanasi,"Bhelupur, Varanasi - UPPCB","23-08-2026 11:00:00",25.301778,82.996789,PM10,47,112,75
India,"Uttar Pradesh",Varanasi,"Bhelupur, Varanasi - UPPCB","23-08-2026 11:00:00",25.301778,82.996789,NO2,7,8,8
India,"Uttar Pradesh",Varanasi,"Bhelupur, Varanasi - UPPCB","23-08-2026 11:00:00",25.301778,82.996789,OZONE,7,10,8
India,"Uttar Pradesh",Varanasi,"Maldahiya, Varanasi - UPPCB","23-08-2026 11:00:00",25.32393,82.99687,NH3,NA,NA,NA
India,"Uttar Pradesh",Varanasi,"IESD Banaras Hindu University, Varanasi - UPPCB","23-08-2026 11:00:00",25.262326,82.995408,NH3,0,0,0
India,"Uttar Pradesh",Varanasi,"IESD Banaras Hindu University, Varanasi - UPPCB","23-08-2026 11:00:00",25.262326,82.995408,SO2,17,36,27
India,Uttarakhand,Dehradun,"Doon University, Dehradun - UKPCB","23-08-2026 11:00:00",30.269444,78.044167,PM2.5,1,92,49
India,Uttarakhand,Dehradun,"Doon University, Dehradun - UKPCB","23-08-2026 11:00:00",30.269444,78.044167,PM10,12,72,49
India,Uttarakhand,Kashipur,"Govt. Girls Inter College, Kashipur - UKPCB","23-08-2026 11:00:00",29.2124114,78.9611753,CO,8,18,12
India,Uttarakhand,Rishikesh,"Shivaji Nagar, Rishikesh - UKPCB","23-08-2026 11:00:00",30.075911,78.2859547,NH3,8,8,8
India,"West Bengal",Asansol,"Asansol Court Area, Asansol - WBPCB","23-08-2026 11:00:00",23.685297,86.945968,NH3,4,7,5
India,"West Bengal",Asansol,"Asansol Court Area, Asansol - WBPCB","23-08-2026 11:00:00",23.685297,86.945968,CO,33,60,47
India,"West Bengal",Asansol,"Evelyn Lodge, Asansol - WBPCB","23-08-2026 11:00:00",23.697936,86.944395,PM2.5,26,60,41
India,"West Bengal",Asansol,"Mahabir Colliery, Asansol - WBPCB","23-08-2026 11:00:00",23.618183,87.105718,PM10,33,75,52
India,"West Bengal",Durgapur,"PCBL Residential Complex, Durgapur - WBPCB","23-08-2026 11:00:00",23.508764,87.35444,PM2.5,22,62,42
India,"West Bengal",Durgapur,"PCBL Residential Complex, Durgapur - WBPCB","23-08-2026 11:00:00",23.508764,87.35444,PM10,29,64,47
India,"West Bengal",Durgapur,"PCBL Residential Complex, Durgapur - WBPCB","23-08-2026 11:00:00",23.508764,87.35444,SO2,11,12,12
India,"West Bengal",Durgapur,"Mahishkapur Road_B-Zone, Durgapur - WBPCB","23-08-2026 11:00:00",23.567923,87.306843,PM2.5,11,49,35
India,"West Bengal",Durgapur,"Womens College_City Center, Durgapur - WBPCB","23-08-2026 11:00:00",23.549395,87.300496,PM2.5,0,90,48
India,"West Bengal",Durgapur,"Womens College_City Center, Durgapur - WBPCB","23-08-2026 11:00:00",23.549395,87.300496,PM10,40,416,112
India,"West Bengal",Haldia,"Priyambada Housing Estate, Haldia - WBPCB","23-08-2026 11:00:00",22.06047,88.109737,PM10,29,69,50
India,"West Bengal",Howrah,"Belur Math, Howrah - WBPCB","23-08-2026 11:00:00",22.629801,88.352017,NH3,4,5,4
India,"West Bengal",Howrah,"Belur Math, Howrah - WBPCB","23-08-2026 11:00:00",22.629801,88.352017,OZONE,9,10,9
India,"West Bengal",Howrah,"Ghusuri, Howrah - WBPCB","23-08-2026 11:00:00",22.611968,88.347422,PM2.5,13,77,36
India,"West Bengal",Howrah,"Ghusuri, Howrah - WBPCB","23-08-2026 11:00:00",22.611968,88.347422,PM10,33,99,65
India,"West Bengal",Howrah,"Ghusuri, Howrah - WBPCB","23-08-2026 11:00:00",22.611968,88.347422,NH3,2,3,2
India,"West Bengal",Howrah,"Ghusuri, Howrah - WBPCB","23-08-2026 11:00:00",22.611968,88.347422,OZONE,18,24,21
India,"West Bengal",Howrah,"Padmapukur, Howrah - WBPCB","23-08-2026 11:00:00",22.5687319,88.2797276,SO2,4,7,5
India,"West Bengal",Kolkata,"Jadavpur, Kolkata - WBPCB","23-08-2026 11:00:00",22.49929,88.36917,NH3,11,12,12
India,"West Bengal",Kolkata,"Rabindra Bharati University, Kolkata - WBPCB","23-08-2026 11:00:00",22.627847,88.380669,PM2.5,19,69,43
India,"West Bengal",Kolkata,"Rabindra Bharati University, Kolkata - WBPCB","23-08-2026 11:00:00",22.627847,88.380669,CO,27,29,28
India,"West Bengal",Kolkata,"Rabindra Bharati University, Kolkata - WBPCB","23-08-2026 11:00:00",22.627847,88.380669,OZONE,10,21,15
India,"West Bengal",Kolkata,"Fort William, Kolkata - WBPCB","23-08-2026 11:00:00",22.55664,88.342674,NO2,11,26,18
India,"West Bengal",Kolkata,"Fort William, Kolkata - WBPCB","23-08-2026 11:00:00",22.55664,88.342674,SO2,5,6,5
India,"West Bengal",Kolkata,"Rabindra Sarobar, Kolkata - WBPCB","23-08-2026 11:00:00",22.51106,88.35142,OZONE,9,17,12
India,"West Bengal",Kolkata,"Ballygunge, Kolkata - WBPCB","23-08-2026 11:00:00",22.5367507,88.3638022,PM10,22,76,44
India,"West Bengal",Kolkata,"Victoria, Kolkata - WBPCB","23-08-2026 11:00:00",22.5448082,88.3403691,NH3,5,6,6
India,"West Bengal",Siliguri,"Ward-32 Bapupara, Siliguri - WBPCB","23-08-2026 11:00:00",26.6879226,88.4152495,SO2,12,13,13
India,"Andhra Pradesh",Eluru,"District Court, Eluru - APPCB","23-08-2026 11:00:00",16.711754,81.092095,CO,8,11,10
India,"Andhra Pradesh",Guntur,"Rajendra Nagar North, Guntur - APPCB","23-08-2026 11:00:00",16.316553,80.413302,CO,11,28,20
India,"Andhra Pradesh",Kadapa,"Yerramukkapalli, Kadapa - APPCB","23-08-2026 11:00:00",14.465052,78.824187,CO,41,45,42
India,"Andhra Pradesh",Kadapa,"Yerramukkapalli, Kadapa - APPCB","23-08-2026 11:00:00",14.465052,78.824187,OZONE,29,29,29
India,"Andhra Pradesh",Nellore,"Ambedkar Nagar, Nellore - APPCB ","23-08-2026 11:00:00",14.438164,79.966814,CO,33,33,33
India,"Andhra Pradesh",Rajamahendravaram,"Anand Kala Kshetram, Rajamahendravaram - APPCB","23-08-2026 11:00:00",16.9872867,81.7363176,OZONE,16,31,20
India,"Andhra Pradesh",Srikakulam,"Chinna Bharatham Colony, Srikakulam - APPCB","23-08-2026 11:00:00",18.292191,83.897173,PM10,16,35,25
India,"Andhra Pradesh",Srikakulam,"Chinna Bharatham Colony, Srikakulam - APPCB","23-08-2026 11:00:00",18.292191,83.897173,NO2,13,42,23
India,"Andhra Pradesh",Srikakulam,"Chinna Bharatham Colony, Srikakulam - APPCB","23-08-2026 11:00:00",18.292191,83.897173,OZONE,4,17,9
India,"Andhra Pradesh",Tirumala,"Toll Gate, Tirumala - APPCB","23-08-2026 11:00:00",13.67,79.35,PM2.5,10,46,20
India,Bihar,Sasaram,"Dada Peer, Sasaram - BSPCB","23-08-2026 11:00:00",24.952822,84.002396,NH3,3,5,3
India,Bihar,Sasaram,"Dada Peer, Sasaram - BSPCB","23-08-2026 11:00:00",24.952822,84.002396,CO,11,15,13
India,Bihar,Siwan,"Chitragupta Nagar, Siwan - BSPCB","23-08-2026 11:00:00",26.2271665,84.3570427,CO,94,97,96
India,Chandigarh,Chandigarh,"Sector 22, Chandigarh - CPCC","23-08-2026 11:00:00",30.735567,76.775714,NO2,3,11,7
India,Chandigarh,Chandigarh,"Sector-25, Chandigarh - CPCC","23-08-2026 11:00:00",30.751462,76.762879,SO2,4,8,6
India,Chandigarh,Chandigarh,"Sector-25, Chandigarh - CPCC","23-08-2026 11:00:00",30.751462,76.762879,OZONE,15,25,20
India,Chandigarh,Chandigarh,"Sector-53, Chandigarh - CPCC","23-08-2026 11:00:00",30.719859,76.738637,PM10,3,36,19
India,Chandigarh,Chandigarh,"Sector-53, Chandigarh - CPCC","23-08-2026 11:00:00",30.719859,76.738637,NO2,3,30,9
India,Chandigarh,Chandigarh,"Sector-53, Chandigarh - CPCC","23-08-2026 11:00:00",30.719859,76.738637,NH3,8,23,15
India,Chhattisgarh,Bhilai,"32Bungalows, Bhilai - CECB","23-08-2026 11:00:00",21.194815,81.31477,PM2.5,12,29,20
India,Chhattisgarh,Bhilai,"Hathkhoj, Bhilai - CECB","23-08-2026 11:00:00",21.224231,81.40835,PM10,22,42,32
India,Bihar,Gaya,"Kareemganj, Gaya - BSPCB","23-08-2026 11:00:00",24.792403,84.992416,NO2,NA,NA,NA
India,Bihar,Gaya,"Kareemganj, Gaya - BSPCB","23-08-2026 11:00:00",24.792403,84.992416,OZONE,8,98,42
India,Bihar,Katihar,"Mirchaibari, Katihar - BSPCB","23-08-2026 11:00:00",25.560083,87.553265,PM2.5,20,37,32
India,Bihar,Kishanganj,"SDM Office_Khagra, Kishanganj - BSPCB","23-08-2026 11:00:00",26.0881305,87.93840336,PM2.5,30,68,47
India,Bihar,Kishanganj,"SDM Office_Khagra, Kishanganj - BSPCB","23-08-2026 11:00:00",26.0881305,87.93840336,NH3,3,3,3
India,Bihar,Manguraha,"Forest Rest House, Manguraha - BSPCB","23-08-2026 11:00:00",27.308328,84.531742,PM10,59,155,74
India,Bihar,Manguraha,"Forest Rest House, Manguraha - BSPCB","23-08-2026 11:00:00",27.308328,84.531742,SO2,13,41,17
India,Bihar,Munger,"Town Hall, Munger - BSPCB","23-08-2026 11:00:00",25.376776,86.471523,PM10,3,103,37
India,Bihar,Munger,"Town Hall, Munger - BSPCB","23-08-2026 11:00:00",25.376776,86.471523,CO,32,39,35
India,Bihar,Muzaffarpur,"MIT-Daudpur Kothi, Muzaffarpur - BSPCB","23-08-2026 11:00:00",26.1403345,85.3650192,OZONE,9,9,9
India,Bihar,Begusarai,"Lohiyanagar, Begusarai - BSPCB","23-08-2026 11:00:00",25.42742023,86.13886079,PM2.5,47,140,79
India,Bihar,Begusarai,"Lohiyanagar, Begusarai - BSPCB","23-08-2026 11:00:00",25.42742023,86.13886079,NO2,7,11,9
India,Bihar,Begusarai,"Lohiyanagar, Begusarai - BSPCB","23-08-2026 11:00:00",25.42742023,86.13886079,SO2,19,23,21
India,Bihar,Bettiah,"Kamalnath Nagar, Bettiah - BSPCB","23-08-2026 11:00:00",26.80365,84.51954,NO2,17,34,26
India,Bihar,Bhagalpur,"Mayaganj, Bhagalpur - BSPCB","23-08-2026 11:00:00",25.265194,87.012947,PM10,21,433,147
India,Bihar,Bhagalpur,"Mayaganj, Bhagalpur - BSPCB","23-08-2026 11:00:00",25.265194,87.012947,NH3,4,5,4
India,Bihar,Bhagalpur,"DM Office_Kachari Chowk, Bhagalpur - BSPCB","23-08-2026 11:00:00",25.251013,86.989001,PM2.5,10,355,110
India,Bihar,Bhagalpur,"DM Office_Kachari Chowk, Bhagalpur - BSPCB","23-08-2026 11:00:00",25.251013,86.989001,SO2,16,26,22
India,Bihar,Chhapra,"Darshan Nagar, Chhapra - BSPCB","23-08-2026 11:00:00",25.7808257,84.7446768,SO2,27,31,29
India,Bihar,Gaya,"SFTI Kusdihra, Gaya - BSPCB","23-08-2026 11:00:00",24.762518,84.982348,NH3,7,9,8
India,Assam,Nalbari,"Bata Chowk, Nalbari - PCBA","23-08-2026 11:00:00",26.446912,91.439057,NH3,6,6,6
India,Assam,Silchar,"Tarapur, Silchar - PCBA","23-08-2026 11:00:00",24.82827,92.79525,PM2.5,31,45,37
India,Assam,Sivasagar,"Girls College, Sivasagar - PCBA","23-08-2026 11:00:00",26.987634,94.636574,SO2,7,9,8
India,Assam,Sivasagar,"Girls College, Sivasagar - PCBA","23-08-2026 11:00:00",26.987634,94.636574,OZONE,18,30,23
India,Bihar,Araria,"Kharahiya Basti, Araria - BSPCB","23-08-2026 11:00:00",26.146529,87.454184,PM2.5,25,130,44
India,Bihar,Araria,"Kharahiya Basti, Araria - BSPCB","23-08-2026 11:00:00",26.146529,87.454184,PM10,32,121,52
India,Bihar,Araria,"Kharahiya Basti, Araria - BSPCB","23-08-2026 11:00:00",26.146529,87.454184,CO,21,34,27
India,Bihar,Arrah,"New DM Office, Arrah - BSPCB","23-08-2026 11:00:00",25.5626095,84.663264,PM10,40,46,42
India,Bihar,Aurangabad,"Gurdeo Nagar, Aurangabad - BSPCB","23-08-2026 11:00:00",24.75746,84.366208,OZONE,0,4,1
India,Chhattisgarh,Bhilai,"Hathkhoj, Bhilai - CECB","23-08-2026 11:00:00",21.224231,81.40835,NO2,11,38,24
India,Chhattisgarh,Bilaspur,"Mangala, Bilaspur - NTPC","23-08-2026 11:00:00",22.08815,82.13737,NO2,17,22,20
India,Chhattisgarh,Bilaspur,"Mangala, Bilaspur - NTPC","23-08-2026 11:00:00",22.08815,82.13737,CO,4,23,15
India,Chhattisgarh,Korba,"Urja Nagar, Korba - CECB","23-08-2026 11:00:00",22.348441,82.549611,NO2,3,6,4
India,Chhattisgarh,Korba,"Urja Nagar, Korba - CECB","23-08-2026 11:00:00",22.348441,82.549611,SO2,9,15,12
India,Chhattisgarh,Korba,"Rampur, Korba - CECB","23-08-2026 11:00:00",22.368195,82.746431,CO,6,12,9
India,Chhattisgarh,Milupara,"Govt. Higher Secondary School, Milupara - CECB","23-08-2026 11:00:00",22.1910172,83.5197009,NO2,13,48,28
India,Chhattisgarh,Raipur,"Krishak Nagar, Raipur - CECB","23-08-2026 11:00:00",21.237755,81.705301,PM2.5,20,53,31
India,Chhattisgarh,Raipur,"Krishak Nagar, Raipur - CECB","23-08-2026 11:00:00",21.237755,81.705301,PM10,14,61,31
India,"Andhra Pradesh",Tirumala,"Toll Gate, Tirumala - APPCB","23-08-2026 11:00:00",13.67,79.35,NO2,24,54,43
India,"Andhra Pradesh",Tirumala,"Toll Gate, Tirumala - APPCB","23-08-2026 11:00:00",13.67,79.35,CO,13,24,17
India,"Andhra Pradesh",Tirupati,"Vaikuntapuram, Tirupati - APPCB","23-08-2026 11:00:00",13.615387,79.40923,NH3,5,5,5
India,"Andhra Pradesh",Vijayawada,"Rajiv Nagar, Vijayawada - APPCB","23-08-2026 11:00:00",16.554731,80.64911,NH3,3,5,3
India,"Andhra Pradesh",Vijayawada,"Rajiv Nagar, Vijayawada - APPCB","23-08-2026 11:00:00",16.554731,80.64911,OZONE,18,24,20
India,"Andhra Pradesh",Vijayawada,"Rajiv Gandhi Park, Vijayawada - APPCB","23-08-2026 11:00:00",16.509717,80.612222,PM2.5,46,82,67
India,"Andhra Pradesh",Vijayawada,"Rajiv Gandhi Park, Vijayawada - APPCB","23-08-2026 11:00:00",16.509717,80.612222,CO,26,34,29
India,"Andhra Pradesh",Visakhapatnam,"GVM Corporation, Visakhapatnam - APPCB","23-08-2026 11:00:00",17.72,83.3,SO2,3,33,11
India,Assam,Byrnihat,"Central Academy for SFS, Byrnihat - PCBA","23-08-2026 11:00:00",26.071318,91.87488,PM2.5,81,236,115
India,Assam,Guwahati,"IITG, Guwahati - PCBA","23-08-2026 11:00:00",26.2028636,91.70046436,NH3,1,1,1
India,Assam,Guwahati,"Pan Bazaar, Guwahati - PCBA","23-08-2026 11:00:00",26.1875,91.744194,NH3,1,1,1
India,Assam,Guwahati,"Railway Colony, Guwahati - PCBA","23-08-2026 11:00:00",26.181742,91.78063,PM2.5,17,72,40
India,Assam,Nagaon,"Christianpatty, Nagaon - PCBA","23-08-2026 11:00:00",26.349082,92.68449,PM10,34,66,51
India,Assam,Nagaon,"Christianpatty, Nagaon - PCBA","23-08-2026 11:00:00",26.349082,92.68449,NO2,1,1,1
India,Bihar,Patna,"Rajbansi Nagar, Patna - BSPCB","23-08-2026 11:00:00",25.599486,85.113666,SO2,NA,NA,NA
India,Bihar,Patna,"Muradpur, Patna - BSPCB","23-08-2026 11:00:00",25.619651,85.147382,NO2,5,6,5
India,Bihar,Patna,"Samanpura, Patna - BSPCB","23-08-2026 11:00:00",25.596727,85.085624,PM10,44,130,102
India,Bihar,Purnia,"Mariam Nagar, Purnia - BSPCB","23-08-2026 11:00:00",25.366336,87.117468,CO,56,57,56
India,Bihar,Purnia,"Mariam Nagar, Purnia - BSPCB","23-08-2026 11:00:00",25.366336,87.117468,OZONE,20,41,26
India,"Andhra Pradesh",Anantapur,"Gulzarpet, Anantapur - APPCB","23-08-2026 11:00:00",14.675886,77.593027,PM2.5,47,353,69
India,"Andhra Pradesh",Anantapur,"Gulzarpet, Anantapur - APPCB","23-08-2026 11:00:00",14.675886,77.593027,PM10,53,272,69
India,"Andhra Pradesh",Chittoor,"Gangineni Cheruvu, Chittoor - APPCB","23-08-2026 11:00:00",13.20488,79.097889,SO2,22,23,22
India,Delhi,Delhi,"Sri Aurobindo Marg, Delhi - DPCC","23-08-2026 11:00:00",28.531346,77.190156,CO,34,47,39
India,Delhi,Delhi,"Nehru Nagar, Delhi - DPCC","23-08-2026 11:00:00",28.56789,77.250515,PM10,42,195,117
India,Delhi,Delhi,"Nehru Nagar, Delhi - DPCC","23-08-2026 11:00:00",28.56789,77.250515,NH3,5,8,7
India,Delhi,Delhi,"Nehru Nagar, Delhi - DPCC","23-08-2026 11:00:00",28.56789,77.250515,SO2,1,108,10
India,Delhi,Delhi,"Patparganj, Delhi - DPCC","23-08-2026 11:00:00",28.623763,77.287209,NO2,10,44,19
India,Delhi,Delhi,"Patparganj, Delhi - DPCC","23-08-2026 11:00:00",28.623763,77.287209,SO2,3,12,7
India,Delhi,Delhi,"Patparganj, Delhi - DPCC","23-08-2026 11:00:00",28.623763,77.287209,OZONE,11,15,12
India,Delhi,Delhi,"Jawaharlal Nehru Stadium, Delhi - DPCC","23-08-2026 11:00:00",28.58028,77.233829,PM10,30,143,100
India,Delhi,Delhi,"Jawaharlal Nehru Stadium, Delhi - DPCC","23-08-2026 11:00:00",28.58028,77.233829,NO2,4,61,15
India,Delhi,Delhi,"Jawaharlal Nehru Stadium, Delhi - DPCC","23-08-2026 11:00:00",28.58028,77.233829,SO2,3,14,8
India,Delhi,Delhi,"Jawaharlal Nehru Stadium, Delhi - DPCC","23-08-2026 11:00:00",28.58028,77.233829,CO,22,39,30
India,Delhi,Delhi,"Najafgarh, Delhi - DPCC","23-08-2026 11:00:00",28.570173,76.933762,PM2.5,13,160,47
India,Delhi,Delhi,"Najafgarh, Delhi - DPCC","23-08-2026 11:00:00",28.570173,76.933762,NH3,5,13,7
India,Delhi,Delhi,"Najafgarh, Delhi - DPCC","23-08-2026 11:00:00",28.570173,76.933762,CO,14,18,16
India,Delhi,Delhi,"Wazirpur, Delhi - DPCC","23-08-2026 11:00:00",28.699793,77.165453,PM10,67,286,160
India,Delhi,Delhi,"Wazirpur, Delhi - DPCC","23-08-2026 11:00:00",28.699793,77.165453,SO2,8,24,20
India,Delhi,Delhi,"NSUT Jaffarpur, Delhi - DPCC","23-08-2026 11:00:00",28.594004,76.909423,PM2.5,35,112,58
India,Delhi,Delhi,"Mundka, Delhi - DPCC","23-08-2026 11:00:00",28.684678,77.076574,NH3,6,10,8
India,Delhi,Delhi,"Commonwealth Sports Complex, Delhi - DPCC","23-08-2026 11:00:00",28.615828,77.271992,PM10,36,139,85
India,Delhi,Delhi,"Commonwealth Sports Complex, Delhi - DPCC","23-08-2026 11:00:00",28.615828,77.271992,SO2,4,8,6
India,Delhi,Delhi,"Commonwealth Sports Complex, Delhi - DPCC","23-08-2026 11:00:00",28.615828,77.271992,OZONE,7,20,14
India,Delhi,Delhi,"Talkatora Garden, Delhi - DPCC","23-08-2026 11:00:00",28.62181,77.1944633,PM2.5,34,95,61
India,Delhi,Delhi,"Talkatora Garden, Delhi - DPCC","23-08-2026 11:00:00",28.62181,77.1944633,PM10,35,114,78
India,Delhi,Delhi,"Talkatora Garden, Delhi - DPCC","23-08-2026 11:00:00",28.62181,77.1944633,NO2,6,42,16
India,Delhi,Delhi,"Talkatora Garden, Delhi - DPCC","23-08-2026 11:00:00",28.62181,77.1944633,NH3,0,5,1
India,Delhi,Delhi,"Talkatora Garden, Delhi - DPCC","23-08-2026 11:00:00",28.62181,77.1944633,OZONE,6,9,8
India,Delhi,Delhi,"NSIT Dwarka, Delhi - CPCB","23-08-2026 11:00:00",28.60909,77.0325413,NH3,3,8,6
India,Delhi,Delhi,"Aya Nagar, Delhi - IITM","23-08-2026 11:00:00",28.4706914,77.1099364,NO2,28,36,32
India,Delhi,Delhi,"Aya Nagar, Delhi - IITM","23-08-2026 11:00:00",28.4706914,77.1099364,SO2,NA,NA,NA
India,Delhi,Delhi,"Aya Nagar, Delhi - IITM","23-08-2026 11:00:00",28.4706914,77.1099364,OZONE,6,26,13
India,Delhi,Delhi,"CRRI Mathura Road, Delhi - IITM","23-08-2026 11:00:00",28.5512005,77.2735737,PM2.5,23,88,58
India,Delhi,Delhi,"CRRI Mathura Road, Delhi - IITM","23-08-2026 11:00:00",28.5512005,77.2735737,NO2,1,95,43
India,Delhi,Delhi,"Burari Crossing, Delhi - IITM","23-08-2026 11:00:00",28.7256504,77.2011573,PM2.5,1,147,54
India,Delhi,Delhi,"Burari Crossing, Delhi - IITM","23-08-2026 11:00:00",28.7256504,77.2011573,NO2,10,81,40
India,Delhi,Delhi,"Punjabi Bagh, Delhi - DPCC","23-08-2026 11:00:00",28.674045,77.131023,PM10,32,175,112
India,Delhi,Delhi,"Punjabi Bagh, Delhi - DPCC","23-08-2026 11:00:00",28.674045,77.131023,CO,35,42,38
India,Delhi,Delhi,"Ashok Vihar, Delhi - DPCC","23-08-2026 11:00:00",28.695381,77.181665,PM10,36,149,104
India,Delhi,Delhi,"Ashok Vihar, Delhi - DPCC","23-08-2026 11:00:00",28.695381,77.181665,SO2,13,18,15
India,Delhi,Delhi,"Anand Vihar, Delhi - DPCC","23-08-2026 11:00:00",28.647622,77.315809,NH3,7,18,10
India,Delhi,Delhi,"Anand Vihar, Delhi - DPCC","23-08-2026 11:00:00",28.647622,77.315809,SO2,23,35,30
India,Delhi,Delhi,"Anand Vihar, Delhi - DPCC","23-08-2026 11:00:00",28.647622,77.315809,OZONE,2,3,3
India,Delhi,Delhi,"Shadipur, Delhi - CPCB","23-08-2026 11:00:00",28.6514781,77.1473105,NH3,6,13,8
India,Delhi,Delhi,"Shadipur, Delhi - CPCB","23-08-2026 11:00:00",28.6514781,77.1473105,SO2,8,21,16
India,Delhi,Delhi,"Mandir Marg, Delhi - DPCC","23-08-2026 11:00:00",28.636429,77.201067,PM2.5,33,133,86
India,Delhi,Delhi,"Mandir Marg, Delhi - DPCC","23-08-2026 11:00:00",28.636429,77.201067,NH3,7,9,8
India,Delhi,Delhi,"Mandir Marg, Delhi - DPCC","23-08-2026 11:00:00",28.636429,77.201067,SO2,29,37,33
India,Delhi,Delhi,"Mandir Marg, Delhi - DPCC","23-08-2026 11:00:00",28.636429,77.201067,OZONE,9,16,12
India,Delhi,Delhi,"Pusa, Delhi - DPCC","23-08-2026 11:00:00",28.639652,77.146275,NH3,4,12,9
India,Delhi,Delhi,"Pusa, Delhi - DPCC","23-08-2026 11:00:00",28.639652,77.146275,SO2,0,11,7
India,Delhi,Delhi,"Sirifort, Delhi - CPCB","23-08-2026 11:00:00",28.5504249,77.2159377,NH3,3,8,5
India,Delhi,Delhi,"IMD Lodhi Road, Delhi - IITM","23-08-2026 11:00:00",28.5918245,77.2273074,PM2.5,NA,NA,NA
India,Delhi,Delhi,"IMD Lodhi Road, Delhi - IITM","23-08-2026 11:00:00",28.5918245,77.2273074,NO2,3,26,12
India,Delhi,Delhi,"IMD Lodhi Road, Delhi - IITM","23-08-2026 11:00:00",28.5918245,77.2273074,NH3,NA,NA,NA
India,Delhi,Delhi,"Alipur, Delhi - DPCC","23-08-2026 11:00:00",28.815329,77.15301,PM10,11,154,88
India,Delhi,Delhi,"Alipur, Delhi - DPCC","23-08-2026 11:00:00",28.815329,77.15301,NH3,5,8,7
India,Delhi,Delhi,"Alipur, Delhi - DPCC","23-08-2026 11:00:00",28.815329,77.15301,SO2,6,10,8
India,Delhi,Delhi,"North Campus, DU, Delhi - IITM","23-08-2026 11:00:00",28.6573814,77.1585447,PM10,9,300,109
India,Delhi,Delhi,"North Campus, DU, Delhi - IITM","23-08-2026 11:00:00",28.6573814,77.1585447,NO2,43,260,114
India,Delhi,Delhi,"R K Puram, Delhi - DPCC","23-08-2026 11:00:00",28.563262,77.186937,CO,36,45,40
India,Gujarat,Ahmedabad,"SVPI Airport Hansol, Ahmedabad - IITM","23-08-2026 11:00:00",23.076793,72.627874,PM10,67,130,102
India,Gujarat,Ahmedabad,"SVPI Airport Hansol, Ahmedabad - IITM","23-08-2026 11:00:00",23.076793,72.627874,NO2,15,47,27
India,Gujarat,Ahmedabad,"SVPI Airport Hansol, Ahmedabad - IITM","23-08-2026 11:00:00",23.076793,72.627874,NH3,2,3,2
India,Gujarat,Ahmedabad,"SVPI Airport Hansol, Ahmedabad - IITM","23-08-2026 11:00:00",23.076793,72.627874,CO,3,24,15
India,Gujarat,Ahmedabad,"Maninagar, Ahmedabad - GPCB","23-08-2026 11:00:00",23.002657,72.591912,NH3,NA,NA,NA
India,Gujarat,Ahmedabad,"Chandkheda, Ahmedabad - IITM","23-08-2026 11:00:00",23.107969,72.574648,OZONE,4,8,6
India,Gujarat,Ahmedabad,"SAC ISRO Bopal, Ahmedabad - IITM","23-08-2026 11:00:00",23.041137,72.456691,PM10,25,77,49
India,Gujarat,Ahmedabad,"SAC ISRO Bopal, Ahmedabad - IITM","23-08-2026 11:00:00",23.041137,72.456691,NO2,23,27,25
India,Gujarat,Ahmedabad,"SAC ISRO Satellite, Ahmedabad - IITM","23-08-2026 11:00:00",23.023389,72.515201,OZONE,14,19,16
India,Gujarat,Ahmedabad,"Gyaspur, Ahmedabad - IITM","23-08-2026 11:00:00",22.977134,72.553024,NH3,2,6,4
India,Gujarat,Ahmedabad,"Gyaspur, Ahmedabad - IITM","23-08-2026 11:00:00",22.977134,72.553024,SO2,4,21,10
India,Gujarat,Ahmedabad,"Gyaspur, Ahmedabad - IITM","23-08-2026 11:00:00",22.977134,72.553024,OZONE,15,32,22
India,Gujarat,Ahmedabad,"Raikhad, Ahmedabad - IITM","23-08-2026 11:00:00",23.020509,72.579261,PM10,57,105,74
India,Gujarat,Ankleshwar,"GIDC, Ankleshwar - GPCB","23-08-2026 11:00:00",21.613267,73.010555,PM10,NA,NA,NA
India,Gujarat,Ankleshwar,"GIDC, Ankleshwar - GPCB","23-08-2026 11:00:00",21.613267,73.010555,OZONE,30,33,32
India,Gujarat,Bhavnagar,"Vidhyanagar, Bhavnagar - Nexteng Enviro","23-08-2026 11:00:00",21.755417,72.139056,NO2,39,52,46
India,Gujarat,Gandhinagar,"Sector-10, Gandhinagar - GPCB","23-08-2026 11:00:00",23.221714,72.654328,PM2.5,26,63,47
India,Delhi,Delhi,"Chandni Chowk, Delhi - IITM","23-08-2026 11:00:00",28.656756,77.227234,CO,71,81,77
India,Delhi,Delhi,"Pusa, Delhi - IITM","23-08-2026 11:00:00",28.63611,77.173332,PM10,11,130,80
India,Delhi,Delhi,"DTU, Delhi - CPCB","23-08-2026 11:00:00",28.7500499,77.1112615,PM10,23,128,72
India,Delhi,Delhi,"DTU, Delhi - CPCB","23-08-2026 11:00:00",28.7500499,77.1112615,NH3,1,14,8
India,Delhi,Delhi,"Dwarka-Sector 8, Delhi - DPCC ","23-08-2026 11:00:00",28.5710274,77.0719006,PM2.5,8,88,37
India,Delhi,Delhi,"Dr. Karni Singh Shooting Range, Delhi - DPCC","23-08-2026 11:00:00",28.498571,77.26484,CO,21,35,28
India,Delhi,Delhi,"Dr. Karni Singh Shooting Range, Delhi - DPCC","23-08-2026 11:00:00",28.498571,77.26484,OZONE,6,13,10
India,Delhi,Delhi,"IIT Delhi, Delhi - IITM","23-08-2026 11:00:00",28.54246,77.191651,SO2,NA,NA,NA
India,Delhi,Delhi,"IGI Airport (T3), Delhi - IITM","23-08-2026 11:00:00",28.5627763,77.1180053,PM10,45,197,100
India,Delhi,Delhi,"IGI Airport (T3), Delhi - IITM","23-08-2026 11:00:00",28.5627763,77.1180053,SO2,NA,NA,NA
India,Delhi,Delhi,"IGNOU_Maidan Garhi, Delhi - DPCC","23-08-2026 11:00:00",28.493624,77.201159,PM2.5,10,78,32
India,Chhattisgarh,Raipur,"Bhatagaon New ISBT, Raipur - CECB","23-08-2026 11:00:00",21.219665,81.630094,PM2.5,9,18,14
India,Chhattisgarh,Raipur,"Siltara Phase-II, Raipur - CECB","23-08-2026 11:00:00",21.371751,81.664929,PM2.5,23,69,45
India,Chhattisgarh,Raipur,"Siltara Phase-II, Raipur - CECB","23-08-2026 11:00:00",21.371751,81.664929,OZONE,5,9,6
India,Chhattisgarh,Raipur,"AIIMS, Raipur - CECB","23-08-2026 11:00:00",21.258815,81.578979,PM2.5,17,31,24
India,Chhattisgarh,Raipur,"AIIMS, Raipur - CECB","23-08-2026 11:00:00",21.258815,81.578979,OZONE,5,6,6
India,Chhattisgarh,Tumidih,"OP Jindal Industrial Park, Tumidih - CECB","23-08-2026 11:00:00",22.06631475,83.33820077,PM10,31,121,57
India,Chhattisgarh,Tumidih,"OP Jindal Industrial Park, Tumidih - CECB","23-08-2026 11:00:00",22.06631475,83.33820077,NO2,19,54,34
India,Chhattisgarh,Tumidih,"OP Jindal Industrial Park, Tumidih - CECB","23-08-2026 11:00:00",22.06631475,83.33820077,SO2,5,5,5
India,Delhi,Delhi,"ITO, Delhi - CPCB","23-08-2026 11:00:00",28.628624,77.24106,SO2,2,35,19
India,Delhi,Delhi,"Major Dhyan Chand National Stadium, Delhi - DPCC","23-08-2026 11:00:00",28.611281,77.237738,PM2.5,22,92,50
India,Delhi,Delhi,"Major Dhyan Chand National Stadium, Delhi - DPCC","23-08-2026 11:00:00",28.611281,77.237738,PM10,30,125,90
India,Delhi,Delhi,"Major Dhyan Chand National Stadium, Delhi - DPCC","23-08-2026 11:00:00",28.611281,77.237738,NO2,12,55,30
India,Delhi,Delhi,"Sonia Vihar, Delhi - DPCC","23-08-2026 11:00:00",28.710508,77.249485,NO2,20,77,37
India,Delhi,Delhi,"Bawana, Delhi - DPCC","23-08-2026 11:00:00",28.7762,77.051074,NH3,NA,NA,NA
India,Delhi,Delhi,"Rohini, Delhi - DPCC","23-08-2026 11:00:00",28.732528,77.11992,CO,36,50,40
India,Delhi,Delhi,"Vivek Vihar, Delhi - DPCC","23-08-2026 11:00:00",28.672342,77.31526,PM10,24,150,95
India,Delhi,Delhi,"Jahangirpuri, Delhi - DPCC","23-08-2026 11:00:00",28.73282,77.170633,PM10,48,214,133
India,Gujarat,Gandhinagar,"Sector-10, Gandhinagar - GPCB","23-08-2026 11:00:00",23.221714,72.654328,SO2,3,3,3
India,Gujarat,Gandhinagar,"GIFT City, Gandhinagar - IITM","23-08-2026 11:00:00",23.163798,72.677768,PM2.5,20,91,50
India,Gujarat,Nandesari,"GIDC, Nandesari - Nandesari Ind. Association","23-08-2026 11:00:00",22.410802,73.097923,NO2,0,19,9
India,Gujarat,Surat,"Science Center, Surat - SMC","23-08-2026 11:00:00",21.170046,72.795405,PM2.5,27,62,44
India,Gujarat,Surat,"Science Center, Surat - SMC","23-08-2026 11:00:00",21.170046,72.795405,CO,35,39,38
India,Gujarat,Surat,"Katargam, Surat - Nexteng Enviro","23-08-2026 11:00:00",21.217779,72.834787,OZONE,8,9,8
India,"Jammu and Kashmir",Pampore,"Khrew, Pampore - JKPCC","23-08-2026 11:00:00",34.031606,75.009712,PM10,21,68,42
India,"Jammu and Kashmir",Pampore,"Khrew, Pampore - JKPCC","23-08-2026 11:00:00",34.031606,75.009712,NO2,7,26,13
India,"Jammu and Kashmir",Pampore,"Khrew, Pampore - JKPCC","23-08-2026 11:00:00",34.031606,75.009712,SO2,NA,NA,NA
India,"Jammu and Kashmir",Pampore,"Khrew, Pampore - JKPCC","23-08-2026 11:00:00",34.031606,75.009712,OZONE,NA,NA,NA
India,"Jammu and Kashmir",Srinagar,"Rajbagh, Srinagar - JKPCC","23-08-2026 11:00:00",34.066206,74.81982,OZONE,1,2,1
India,Jharkhand,Dhanbad,"Sardar Patel Nagar, Dhanbad - JSPCB","23-08-2026 11:00:00",23.80569,86.44268,PM10,NA,NA,NA
India,Jharkhand,Dhanbad,"Sardar Patel Nagar, Dhanbad - JSPCB","23-08-2026 11:00:00",23.80569,86.44268,CO,3,11,7
India,Jharkhand,Jorapokhar,"Tata Stadium, Jorapokhar - JSPCB","23-08-2026 11:00:00",23.707909,86.41467,PM2.5,58,83,63
India,Jharkhand,Jorapokhar,"Tata Stadium, Jorapokhar - JSPCB","23-08-2026 11:00:00",23.707909,86.41467,PM10,55,131,106
India,Jharkhand,Jorapokhar,"Tata Stadium, Jorapokhar - JSPCB","23-08-2026 11:00:00",23.707909,86.41467,CO,39,40,39
India,Karnataka,Belgaum,"Ramteerth Nagar, Belgaum - KSPCB","23-08-2026 11:00:00",15.888653,74.541751,NH3,NA,NA,NA
India,Karnataka,Bengaluru,"Jigani, Bengaluru - KSPCB","23-08-2026 11:00:00",12.7816279,77.6299145,SO2,16,17,16
India,Karnataka,Bengaluru,"Jigani, Bengaluru - KSPCB","23-08-2026 11:00:00",12.7816279,77.6299145,OZONE,21,22,21
India,Karnataka,Bengaluru,"City Railway Station, Bengaluru - KSPCB","23-08-2026 11:00:00",12.9756843,77.5660749,PM10,78,93,92
India,Karnataka,Bengaluru,"City Railway Station, Bengaluru - KSPCB","23-08-2026 11:00:00",12.9756843,77.5660749,CO,54,59,56
India,Karnataka,Bengaluru,"Jayanagar 5th Block, Bengaluru - KSPCB","23-08-2026 11:00:00",12.920984,77.584908,NO2,4,13,8
India,Karnataka,Bengaluru,"Jayanagar 5th Block, Bengaluru - KSPCB","23-08-2026 11:00:00",12.920984,77.584908,SO2,17,32,24
India,Karnataka,Chikkaballapur,"Chikkaballapur Rural, Chikkaballapur - KSPCB","23-08-2026 11:00:00",13.428828,77.731418,PM10,NA,NA,NA
India,Karnataka,Chikkamagaluru,"Kalyana Nagara, Chikkamagaluru - KSPCB","23-08-2026 11:00:00",13.328028,75.797056,PM2.5,27,40,28
India,Karnataka,Chikkamagaluru,"Kalyana Nagara, Chikkamagaluru - KSPCB","23-08-2026 11:00:00",13.328028,75.797056,PM10,37,50,39
India,Karnataka,Gadag,"Panchal Nagar, Gadag - KSPCB","23-08-2026 11:00:00",15.411456,75.638133,PM2.5,57,116,85
India,Karnataka,Gadag,"Panchal Nagar, Gadag - KSPCB","23-08-2026 11:00:00",15.411456,75.638133,CO,37,76,66
India,Karnataka,Kalaburagi,"Mahatma Basaveswar Colony, Kalaburgi - KSPCB","23-08-2026 11:00:00",17.336318,76.847397,PM2.5,12,39,16
India,Karnataka,Kalaburagi,"Mahatma Basaveswar Colony, Kalaburgi - KSPCB","23-08-2026 11:00:00",17.336318,76.847397,NO2,10,17,12
India,Karnataka,Kalaburagi,"Mahatma Basaveswar Colony, Kalaburgi - KSPCB","23-08-2026 11:00:00",17.336318,76.847397,CO,26,28,27
India,Karnataka,Kalaburagi,"Mahatma Basaveswar Colony, Kalaburgi - KSPCB","23-08-2026 11:00:00",17.336318,76.847397,OZONE,13,14,13
India,Karnataka,Karwar,"KHB Colony, Karwar - KSPCB","23-08-2026 11:00:00",14.816666,74.141003,NH3,3,119,34
India,Karnataka,Karwar,"KHB Colony, Karwar - KSPCB","23-08-2026 11:00:00",14.816666,74.141003,CO,NA,NA,NA
India,Karnataka,Mangalore,"Kadri, Mangalore - KSPCB","23-08-2026 11:00:00",12.88925,74.853,CO,NA,NA,NA
India,Haryana,Ballabgarh,"Nathu Colony, Ballabgarh - HSPCB","23-08-2026 11:00:00",28.3419248,77.319699,CO,15,18,17
India,Haryana,Dharuhera,"Municipal Corporation Office, Dharuhera -  HSPCB","23-08-2026 11:00:00",28.2068,76.7997,SO2,6,10,8
India,Haryana,Faridabad,"New Industrial Town, Faridabad - HSPCB","23-08-2026 11:00:00",28.39072,77.30059,PM2.5,42,99,72
India,Haryana,Faridabad,"New Industrial Town, Faridabad - HSPCB","23-08-2026 11:00:00",28.39072,77.30059,NO2,24,27,25
India,Haryana,Faridabad,"New Industrial Town, Faridabad - HSPCB","23-08-2026 11:00:00",28.39072,77.30059,NH3,11,12,11
India,Haryana,Faridabad,"New Industrial Town, Faridabad - HSPCB","23-08-2026 11:00:00",28.39072,77.30059,SO2,2,106,16
India,Haryana,Gurugram,"Teri Gram, Gurugram - HSPCB","23-08-2026 11:00:00",28.4275,77.1465,NH3,9,17,12
India,Haryana,Gurugram,"NISE Gwal Pahari, Gurugram - IITM","23-08-2026 11:00:00",28.422681,77.148944,NH3,NA,NA,NA
India,Haryana,Gurugram,"Sector-51, Gurugram - HSPCB","23-08-2026 11:00:00",28.4227,77.0667,PM2.5,46,276,110
India,Gujarat,Vadodara,"Bapunagar, Vadodara - Nexteng Enviro","23-08-2026 11:00:00",22.320153,73.216285,NH3,2,2,2
India,Gujarat,Vapi,"Phase-1 GIDC, Vapi - GPCB","23-08-2026 11:00:00",20.362421,72.918013,NO2,10,22,12
India,Gujarat,Vatva,"Phase-4 GIDC, Vatva - GPCB","23-08-2026 11:00:00",22.969611,72.6435,NO2,25,43,36
India,Gujarat,Vatva,"Phase-4 GIDC, Vatva - GPCB","23-08-2026 11:00:00",22.969611,72.6435,NH3,5,5,5
India,Gujarat,Vatva,"Phase-4 GIDC, Vatva - GPCB","23-08-2026 11:00:00",22.969611,72.6435,SO2,15,32,23
India,Gujarat,Vatva,"Phase-4 GIDC, Vatva - GPCB","23-08-2026 11:00:00",22.969611,72.6435,OZONE,11,11,11
India,Haryana,Ambala,"Patti Mehar, Ambala - HSPCB","23-08-2026 11:00:00",30.379589,76.778328,PM2.5,30,76,51
India,Haryana,Ambala,"Patti Mehar, Ambala - HSPCB","23-08-2026 11:00:00",30.379589,76.778328,SO2,59,104,88
India,Haryana,Bahadurgarh,"Arya Nagar, Bahadurgarh - HSPCB","23-08-2026 11:00:00",28.6701,76.9254,PM10,38,198,81
India,Haryana,Bahadurgarh,"Arya Nagar, Bahadurgarh - HSPCB","23-08-2026 11:00:00",28.6701,76.9254,CO,29,35,32
India,Karnataka,Bengaluru,"Jayanagar 5th Block, Bengaluru - KSPCB","23-08-2026 11:00:00",12.920984,77.584908,CO,4,12,9
India,Karnataka,Bengaluru,"Peenya, Bengaluru - CPCB","23-08-2026 11:00:00",13.0270199,77.494094,NO2,10,24,17
India,Karnataka,Bengaluru,"Peenya, Bengaluru - CPCB","23-08-2026 11:00:00",13.0270199,77.494094,CO,32,35,34
India,Karnataka,Bengaluru,"Shivapura_Peenya, Bengaluru - KSPCB","23-08-2026 11:00:00",13.0246342,77.5080115,PM10,66,66,66
India,Karnataka,Bengaluru,"Hebbal, Bengaluru - KSPCB","23-08-2026 11:00:00",13.029152,77.585901,PM10,18,37,28
India,Karnataka,Bengaluru,"Hebbal, Bengaluru - KSPCB","23-08-2026 11:00:00",13.029152,77.585901,NO2,3,21,16
India,Karnataka,Bengaluru,"Hebbal, Bengaluru - KSPCB","23-08-2026 11:00:00",13.029152,77.585901,NH3,2,2,2
India,Karnataka,Bengaluru,"Silk Board, Bengaluru - KSPCB","23-08-2026 11:00:00",12.917348,77.622813,NO2,17,19,18
India,Karnataka,Chamarajanagar,"Urban, Chamarajanagar - KSPCB","23-08-2026 11:00:00",11.55358,76.55521,NH3,2,2,2
India,Karnataka,Mysuru,"Hebbal 1st Stage, Mysuru - KSPCB","23-08-2026 11:00:00",12.21041,76.37376,NO2,9,39,21
India,Karnataka,Mysuru,"Hebbal 1st Stage, Mysuru - KSPCB","23-08-2026 11:00:00",12.21041,76.37376,CO,5,14,7
India,Karnataka,Ramanagara,"Vijay Nagar, Ramanagara - KSPCB","23-08-2026 11:00:00",12.733409,77.298051,PM2.5,5,37,19
India,Karnataka,Shivamogga,"Vinoba Nagara, Shivamogga - KSPCB","23-08-2026 11:00:00",13.94,75.555917,NO2,18,29,19
India,Kerala,Eloor,"Udyogamandal, Eloor - Kerala PCB","23-08-2026 11:00:00",10.073232,76.302765,PM2.5,53,62,56
India,Kerala,Eloor,"Udyogamandal, Eloor - Kerala PCB","23-08-2026 11:00:00",10.073232,76.302765,NO2,6,7,6
India,Kerala,Eloor,"Udyogamandal, Eloor - Kerala PCB","23-08-2026 11:00:00",10.073232,76.302765,OZONE,27,30,29
India,Kerala,Thiruvananthapuram,"Plammoodu, Thiruvananthapuram - Kerala PCB","23-08-2026 11:00:00",8.5149093,76.9435879,SO2,10,21,15
India,Haryana,Panchkula,"Sector-6, Panchkula - HSPCB ","23-08-2026 11:00:00",30.7057778,76.8531805555555,PM10,NA,NA,NA
India,Haryana,Panchkula,"Sector-6, Panchkula - HSPCB ","23-08-2026 11:00:00",30.7057778,76.8531805555555,NO2,26,32,30
India,Haryana,Panipat,"Sector-18, Panipat - HSPCB","23-08-2026 11:00:00",29.432304,76.972765,SO2,35,67,48
India,Haryana,Sirsa,"F-Block, Sirsa - HSPCB","23-08-2026 11:00:00",29.5364,75.0158,PM10,63,93,78
India,Haryana,Sirsa,"F-Block, Sirsa - HSPCB","23-08-2026 11:00:00",29.5364,75.0158,NO2,17,23,20
India,Haryana,Sonipat,"Murthal, Sonipat - HSPCB","23-08-2026 11:00:00",29.0272,77.0621,OZONE,49,51,50
India,"Himachal Pradesh",Baddi,"HIMUDA Complex Phase-1, Baddi - HPPCB","23-08-2026 11:00:00",30.943887,76.801991,PM10,25,425,101
India,Haryana,Mandikhera,"General Hospital, Mandikhera(Nuh) - HSPCB","23-08-2026 11:00:00",27.9002,76.9938,NO2,14,17,16
India,Haryana,Manesar,"Sector-2 IMT, Manesar - HSPCB","23-08-2026 11:00:00",28.360699,76.93609,SO2,5,33,12
India,Haryana,Narnaul,"Shastri Nagar, Narnaul - HSPCB","23-08-2026 11:00:00",28.060249,76.113115,PM10,96,123,109
India,Haryana,Narnaul,"Shastri Nagar, Narnaul - HSPCB","23-08-2026 11:00:00",28.060249,76.113115,NH3,3,8,5
India,Haryana,Narnaul,"Shastri Nagar, Narnaul - HSPCB","23-08-2026 11:00:00",28.060249,76.113115,SO2,5,18,10
India,Haryana,Narnaul,"Shastri Nagar, Narnaul - HSPCB","23-08-2026 11:00:00",28.060249,76.113115,CO,11,14,13
India,Haryana,Palwal,"Shyam Nagar, Palwal - HSPCB","23-08-2026 11:00:00",28.1485564,77.3320667,PM2.5,35,95,49
India,Haryana,Palwal,"Shyam Nagar, Palwal - HSPCB","23-08-2026 11:00:00",28.1485564,77.3320667,SO2,1,52,21
India,Haryana,Gurugram,"Sector-51, Gurugram - HSPCB","23-08-2026 11:00:00",28.4227,77.0667,PM10,55,184,104
India,Haryana,Gurugram,"Sector-51, Gurugram - HSPCB","23-08-2026 11:00:00",28.4227,77.0667,OZONE,12,46,22
India,Haryana,Hisar,"Urban Estate-II, Hisar - HSPCB","23-08-2026 11:00:00",29.14056,75.744941,PM2.5,30,69,46
India,Haryana,Hisar,"Urban Estate-II, Hisar - HSPCB","23-08-2026 11:00:00",29.14056,75.744941,CO,12,14,13
India,Haryana,Kaithal,"Rishi Nagar, Kaithal - HSPCB","23-08-2026 11:00:00",29.8006,76.4155,NH3,4,6,5
India,Haryana,Karnal,"Sector-12, Karnal - HSPCB","23-08-2026 11:00:00",29.6953,77.0027,OZONE,11,13,12
India,Haryana,Kurukshetra,"Sector-7, Kurukshetra - HSPCB","23-08-2026 11:00:00",29.966942,76.875879,SO2,3,12,7
India,Maharashtra,Mumbai,"Chembur, Mumbai - MPCB","23-08-2026 11:00:00",19.0364585,72.8954371,CO,35,38,37
India,Maharashtra,Mumbai,"Kandivali West, Mumbai - BMC","23-08-2026 11:00:00",19.215859,72.831718,PM10,10,26,16
India,Maharashtra,Mumbai,"Sewri, Mumbai - BMC","23-08-2026 11:00:00",19.000084,72.85673,NO2,NA,NA,NA
India,Maharashtra,Mumbai,"Sewri, Mumbai - BMC","23-08-2026 11:00:00",19.000084,72.85673,NH3,2,4,3
India,Maharashtra,Mumbai,"Khindipada-Bhandup West, Mumbai - IITM","23-08-2026 11:00:00",19.1653323,72.922099,OZONE,8,17,10
India,Maharashtra,Mumbai,"Malad West, Mumbai - IITM","23-08-2026 11:00:00",19.19709,72.82204,PM10,17,76,33
India,Maharashtra,Mumbai,"Malad West, Mumbai - IITM","23-08-2026 11:00:00",19.19709,72.82204,NO2,8,18,11
India,Maharashtra,Mumbai,"Malad West, Mumbai - IITM","23-08-2026 11:00:00",19.19709,72.82204,SO2,9,15,11
India,Maharashtra,Mumbai,"Borivali East, Mumbai - IITM","23-08-2026 11:00:00",19.23241,72.86895,PM10,24,65,41
India,Maharashtra,Mumbai,"Borivali East, Mumbai - IITM","23-08-2026 11:00:00",19.23241,72.86895,CO,26,41,34
India,Maharashtra,Mumbai,"Borivali East, Mumbai - IITM","23-08-2026 11:00:00",19.23241,72.86895,OZONE,15,38,23
India,Maharashtra,Mumbai,"Mazgaon, Mumbai - IITM","23-08-2026 11:00:00",18.96702,72.84214,OZONE,19,25,21
India,Maharashtra,Mumbai,"Chakala-Andheri East, Mumbai - IITM","23-08-2026 11:00:00",19.11074,72.86084,PM10,16,53,37
India,Maharashtra,Mumbai,"Chakala-Andheri East, Mumbai - IITM","23-08-2026 11:00:00",19.11074,72.86084,NO2,3,7,5
India,Maharashtra,Mumbai,"Bandra Kurla Complex, Mumbai - IITM","23-08-2026 11:00:00",19.053536,72.84643,PM10,48,85,65
India,Maharashtra,Mumbai,"Bandra Kurla Complex, Mumbai - IITM","23-08-2026 11:00:00",19.053536,72.84643,NO2,3,10,6
India,Maharashtra,Mumbai,"Bandra Kurla Complex, Mumbai - IITM","23-08-2026 11:00:00",19.053536,72.84643,OZONE,7,14,9
India,Maharashtra,Mumbai,"Ghatkopar, Mumbai - BMC","23-08-2026 11:00:00",19.083694,72.920967,PM10,33,53,42
India,Maharashtra,Mumbai,"Ghatkopar, Mumbai - BMC","23-08-2026 11:00:00",19.083694,72.920967,CO,18,21,20
India,"Madhya Pradesh",Jabalpur,"Suhagi, Jabalpur - JMC","23-08-2026 11:00:00",23.218135,79.95777,OZONE,10,17,13
India,"Madhya Pradesh",Katni,"Gole Bazar, Katni - MPPCB","23-08-2026 11:00:00",23.50016,80.23284,PM2.5,11,57,29
India,"Madhya Pradesh",Maihar,"Sahilara, Maihar - KJS Cements","23-08-2026 11:00:00",24.2613009,80.7231783,CO,28,28,28
India,"Madhya Pradesh",Mandideep,"Sector-D Industrial Area, Mandideep - MPPCB","23-08-2026 11:00:00",23.10844,77.511428,CO,15,40,22
India,"Madhya Pradesh",Pithampur,"Sector-2 Industrial Area, Pithampur - MPPCB","23-08-2026 11:00:00",22.624758,75.675238,PM10,78,171,121
India,"Madhya Pradesh",Pithampur,"Sector-2 Industrial Area, Pithampur - MPPCB","23-08-2026 11:00:00",22.624758,75.675238,NH3,7,8,8
India,"Madhya Pradesh",Ratlam,"Shasthri Nagar, Ratlam - IPCA Lab","23-08-2026 11:00:00",23.331731,75.045981,NO2,39,55,44
India,"Madhya Pradesh",Sagar,"Civil Lines, Sagar - MPPCB","23-08-2026 11:00:00",23.838586,78.759431,CO,15,18,17
India,"Madhya Pradesh",Satna,"Bandhavgar Colony, Satna - Birla Cement","23-08-2026 11:00:00",24.58434363,80.8549414,NO2,12,13,12
India,"Madhya Pradesh",Ujjain,"Mahashweta Nagar, Ujjain - MPPCB","23-08-2026 11:00:00",23.1633321,75.800225,PM2.5,15,59,41
India,"Madhya Pradesh",Ujjain,"Mahashweta Nagar, Ujjain - MPPCB","23-08-2026 11:00:00",23.1633321,75.800225,PM10,31,87,52
India,"Madhya Pradesh",Ujjain,"Mahashweta Nagar, Ujjain - MPPCB","23-08-2026 11:00:00",23.1633321,75.800225,NO2,5,20,10
India,Maharashtra,Ahmednagar,"Tarakpur, Ahmednagar - MPCB","23-08-2026 11:00:00",19.10122,74.73339,OZONE,10,18,14
India,Maharashtra,Mumbai,"Chhatrapati Shivaji Intl. Airport (T2), Mumbai - MPCB","23-08-2026 11:00:00",19.10078,72.87462,PM2.5,10,36,26
India,Maharashtra,Mumbai,"Chhatrapati Shivaji Intl. Airport (T2), Mumbai - MPCB","23-08-2026 11:00:00",19.10078,72.87462,PM10,9,43,29
India,Maharashtra,Mumbai,"Chhatrapati Shivaji Intl. Airport (T2), Mumbai - MPCB","23-08-2026 11:00:00",19.10078,72.87462,NH3,1,1,1
India,Maharashtra,Mumbai,"Chhatrapati Shivaji Intl. Airport (T2), Mumbai - MPCB","23-08-2026 11:00:00",19.10078,72.87462,CO,NA,NA,NA
India,Maharashtra,Nagpur,"Mahal, Nagpur - MPCB","23-08-2026 11:00:00",21.14472,79.107595,NH3,1,5,2
India,Maharashtra,Nagpur,"Mahal, Nagpur - MPCB","23-08-2026 11:00:00",21.14472,79.107595,SO2,5,15,10
India,Maharashtra,Nagpur,"Mahal, Nagpur - MPCB","23-08-2026 11:00:00",21.14472,79.107595,CO,11,34,21
India,Maharashtra,Nagpur,"Ram Nagar, Nagpur - MPCB","23-08-2026 11:00:00",21.143383,79.048912,SO2,2,5,3
India,Maharashtra,Nagpur,"Opp GPO Civil Lines, Nagpur - MPCB","23-08-2026 11:00:00",21.152875,79.0517531,PM2.5,12,57,38
India,Maharashtra,Nanded,"Sneh Nagar, Nanded - MPCB","23-08-2026 11:00:00",19.173852,77.296291,PM10,16,60,36
India,Maharashtra,Nashik,"Gangapur Road, Nashik - MPCB","23-08-2026 11:00:00",20.0073285,73.7762427,PM2.5,7,33,16
India,Maharashtra,Nashik,"Gangapur Road, Nashik - MPCB","23-08-2026 11:00:00",20.0073285,73.7762427,SO2,4,8,6
India,Maharashtra,Nashik,"Pandav Nagari, Nashik - MPCB","23-08-2026 11:00:00",19.9591346,73.7788008,PM2.5,7,18,12
India,Maharashtra,Nashik,"Pandav Nagari, Nashik - MPCB","23-08-2026 11:00:00",19.9591346,73.7788008,OZONE,5,12,8
India,Maharashtra,Nashik,"Hirawadi, Nashik - MPCB","23-08-2026 11:00:00",20.021503,73.813844,PM2.5,7,30,15
India,Maharashtra,Nashik,"Hirawadi, Nashik - MPCB","23-08-2026 11:00:00",20.021503,73.813844,PM10,11,43,24
India,Maharashtra,Nashik,"MIDC Ambad, Nashik - MPCB","23-08-2026 11:00:00",19.95022,73.73148,PM2.5,10,31,19
India,Kerala,Thiruvananthapuram,"Kariavattom, Thiruvananthapuram - Kerala PCB","23-08-2026 11:00:00",8.5637,76.8865,PM10,34,121,75
India,Kerala,Thrissur,"Corporation Ground, Thrissur - Kerala PCB","23-08-2026 11:00:00",10.5324,76.2159,PM10,46,59,54
India,Kerala,Thrissur,"Corporation Ground, Thrissur - Kerala PCB","23-08-2026 11:00:00",10.5324,76.2159,NO2,8,11,9
India,Kerala,Thrissur,"Corporation Ground, Thrissur - Kerala PCB","23-08-2026 11:00:00",10.5324,76.2159,CO,24,28,26
India,Ladakh,Leh,"Skara Yokma, Leh - LPCC","23-08-2026 11:00:00",34.147096,77.55709,PM10,9,43,18
India,Ladakh,Leh,"Skara Yokma, Leh - LPCC","23-08-2026 11:00:00",34.147096,77.55709,CO,186,187,187
India,"Madhya Pradesh",Bhopal,"Paryavaran Parisar, Bhopal - MPPCB","23-08-2026 11:00:00",23.210494,77.425409,PM2.5,30,60,43
India,"Madhya Pradesh",Bhopal,"Paryavaran Parisar, Bhopal - MPPCB","23-08-2026 11:00:00",23.210494,77.425409,NO2,10,15,12
India,"Madhya Pradesh",Bhopal,"Paryavaran Parisar, Bhopal - MPPCB","23-08-2026 11:00:00",23.210494,77.425409,OZONE,23,35,28
India,"Madhya Pradesh",Bhopal,"T T Nagar, Bhopal - MPPCB","23-08-2026 11:00:00",23.233584,77.400574,NO2,10,26,17
India,"Madhya Pradesh",Bhopal,"T T Nagar, Bhopal - MPPCB","23-08-2026 11:00:00",23.233584,77.400574,SO2,20,25,23
India,"Madhya Pradesh",Bhopal,"T T Nagar, Bhopal - MPPCB","23-08-2026 11:00:00",23.233584,77.400574,CO,22,31,26
India,"Madhya Pradesh",Damoh,"Shrivastav Colony, Damoh - MPPCB","23-08-2026 11:00:00",23.81748678,79.446246,PM10,8,42,19
India,"Madhya Pradesh",Damoh,"Shrivastav Colony, Damoh - MPPCB","23-08-2026 11:00:00",23.81748678,79.446246,NO2,5,13,6
India,"Madhya Pradesh",Dewas,"Bhopal Chauraha, Dewas - MPPCB","23-08-2026 11:00:00",22.9682591,76.064118,NO2,46,76,57
India,Maharashtra,Jalna,"Old MIDC, Jalna - MPCB","23-08-2026 11:00:00",19.854616,75.905894,PM2.5,31,91,57
India,Maharashtra,Kalyan,"Khadakpada, Kalyan - MPCB","23-08-2026 11:00:00",19.25292,73.142019,NO2,37,37,37
India,Maharashtra,Kalyan,"Khadakpada, Kalyan - MPCB","23-08-2026 11:00:00",19.25292,73.142019,CO,NA,NA,NA
India,Maharashtra,Kalyan,"Pimpleshwar Mandir, Kalyan - MPCB","23-08-2026 11:00:00",19.192056,72.9585188,CO,40,40,40
India,Maharashtra,Kalyan,"Pimpleshwar Mandir, Kalyan - MPCB","23-08-2026 11:00:00",19.192056,72.9585188,OZONE,11,22,15
India,Maharashtra,Kolhapur,"Sinchan Bhavan, Kolhapur - MPCB","23-08-2026 11:00:00",16.7143745,74.2426398,NO2,3,10,5
India,Maharashtra,Kolhapur,"Sinchan Bhavan, Kolhapur - MPCB","23-08-2026 11:00:00",16.7143745,74.2426398,NH3,0,3,1
India,Maharashtra,Kolhapur,"Sinchan Bhavan, Kolhapur - MPCB","23-08-2026 11:00:00",16.7143745,74.2426398,CO,7,17,12
India,Maharashtra,Kolhapur,"Sinchan Bhavan, Kolhapur - MPCB","23-08-2026 11:00:00",16.7143745,74.2426398,OZONE,3,13,7
India,Maharashtra,Kolhapur,"Shivaji University, Kolhapur - MPCB","23-08-2026 11:00:00",16.6870449,74.2505872,SO2,1,1,1
India,Maharashtra,Latur,"Sawe Wadi, Latur - MPCB","23-08-2026 11:00:00",18.39963,76.57452,PM2.5,16,36,22
India,Maharashtra,Latur,"Sawe Wadi, Latur - MPCB","23-08-2026 11:00:00",18.39963,76.57452,NO2,5,21,10
India,Maharashtra,Latur,"Sawe Wadi, Latur - MPCB","23-08-2026 11:00:00",18.39963,76.57452,CO,7,17,11
India,Maharashtra,Mahad,"Kamble Tarf Birwadi, Mahad - MPCB","23-08-2026 11:00:00",18.1023399,73.4783687,PM10,30,55,43
India,Maharashtra,Mahad,"Kamble Tarf Birwadi, Mahad - MPCB","23-08-2026 11:00:00",18.1023399,73.4783687,SO2,7,20,11
India,Maharashtra,Akola,"Ramdaspeth, Akola - MPCB","23-08-2026 11:00:00",20.719516,77.000253,SO2,9,13,11
India,Maharashtra,Akola,"Ramdaspeth, Akola - MPCB","23-08-2026 11:00:00",20.719516,77.000253,CO,16,23,19
India,Maharashtra,Ambernath,"Chinchpada, Ambernath - MPCB","23-08-2026 11:00:00",19.215784,73.199781,OZONE,0,7,3
India,Maharashtra,Amravati,"Shri Shivaji Science College, Amravati - MPCB","23-08-2026 11:00:00",20.939198,77.765701,PM2.5,9,33,19
India,Maharashtra,Aurangabad,"MIDC Chilkalthana, Aurangabad - MPCB","23-08-2026 11:00:00",19.87562,75.38731,OZONE,11,30,20
India,Maharashtra,Aurangabad,"More Chowk Waluj, Aurangabad - MPCB","23-08-2026 11:00:00",19.8389439,75.244448,PM10,44,55,49
India,Maharashtra,Aurangabad,"More Chowk Waluj, Aurangabad - MPCB","23-08-2026 11:00:00",19.8389439,75.244448,OZONE,9,24,15
India,Maharashtra,Badlapur,"Katrap, Badlapur - MPCB","23-08-2026 11:00:00",19.16485,73.23409,NH3,11,22,16
India,Maharashtra,Beed,"Bir, Beed - MPCB","23-08-2026 11:00:00",18.988474,75.753873,PM10,13,53,32
India,Maharashtra,Beed,"Bir, Beed - MPCB","23-08-2026 11:00:00",18.988474,75.753873,NO2,3,15,10
India,Maharashtra,Belapur,"CBD Belapur, Belapur - MPCB","23-08-2026 11:00:00",19.0243902,73.0406721,PM2.5,17,45,29
India,"Madhya Pradesh",Gwalior,"Maharaj Bada, Gwalior - MPPCB","23-08-2026 11:00:00",26.200388,78.147714,OZONE,1,23,7
India,"Madhya Pradesh",Gwalior,"City Center, Gwalior - MPPCB","23-08-2026 11:00:00",26.203442,78.193251,PM2.5,35,69,50
India,"Madhya Pradesh",Gwalior,"City Center, Gwalior - MPPCB","23-08-2026 11:00:00",26.203442,78.193251,NH3,1,3,2
India,"Madhya Pradesh",Indore,"Regional Park, Indore - IMC","23-08-2026 11:00:00",22.678,75.8559,PM10,6,44,27
India,"Madhya Pradesh",Indore,"Regional Park, Indore - IMC","23-08-2026 11:00:00",22.678,75.8559,CO,6,48,27
India,"Madhya Pradesh",Indore,"Chhoti Gwaltoli, Indore - MPPCB","23-08-2026 11:00:00",22.431,75.5213,OZONE,14,25,18
India,"Madhya Pradesh",Indore,"Residency Area, Indore - IMC","23-08-2026 11:00:00",22.7084,75.8815,NO2,NA,NA,NA
India,"Madhya Pradesh",Jabalpur,"Gupteshwar, Jabalpur - JMC","23-08-2026 11:00:00",23.142888,79.916147,NH3,4,9,5
India,"Madhya Pradesh",Jabalpur,"Govindh Bhavan Colony, Jabalpur - JMC","23-08-2026 11:00:00",23.163174,79.973061,PM10,33,58,41
India,"Madhya Pradesh",Jabalpur,"Govindh Bhavan Colony, Jabalpur - JMC","23-08-2026 11:00:00",23.163174,79.973061,NO2,16,25,20
India,"Madhya Pradesh",Jabalpur,"Govindh Bhavan Colony, Jabalpur - JMC","23-08-2026 11:00:00",23.163174,79.973061,SO2,4,9,6
India,"Madhya Pradesh",Jabalpur,"Govindh Bhavan Colony, Jabalpur - JMC","23-08-2026 11:00:00",23.163174,79.973061,CO,38,43,40
India,Maharashtra,Boisar,"Khaira, Boisar - MPCB","23-08-2026 11:00:00",19.786089,72.757971,PM10,32,59,45
India,Maharashtra,Boisar,"Khaira, Boisar - MPCB","23-08-2026 11:00:00",19.786089,72.757971,SO2,4,4,4
India,Maharashtra,Chandrapur,"MIDC Khutala, Chandrapur - MPCB","23-08-2026 11:00:00",19.9775302,79.2337086,PM2.5,NA,NA,NA
India,Maharashtra,Chandrapur,"MIDC Khutala, Chandrapur - MPCB","23-08-2026 11:00:00",19.9775302,79.2337086,NO2,NA,NA,NA
India,Maharashtra,Dhule,"Deopur, Dhule - MPCB","23-08-2026 11:00:00",20.918946,74.776388,PM10,19,65,38
India,Maharashtra,Dhule,"Deopur, Dhule - MPCB","23-08-2026 11:00:00",20.918946,74.776388,NH3,1,2,1
India,Maharashtra,Dombivli,"Kalu Nagar, Dombivli - MPCB","23-08-2026 11:00:00",19.2268427,73.0788456,PM2.5,3,10,6
India,Maharashtra,Hingoli,"Ashta Vinayak Nagar, Hingoli - MPCB","23-08-2026 11:00:00",19.710842,77.151824,SO2,3,5,4
India,Maharashtra,Jalgaon,"Prabhat Colony, Jalgaon - MPCB","23-08-2026 11:00:00",21.001264,75.565602,PM10,26,46,33
India,Maharashtra,Mumbai,"Sion, Mumbai - MPCB","23-08-2026 11:00:00",19.047,72.8746,CO,19,20,20
India,Maharashtra,Mumbai,"Kherwadi_Bandra East, Mumbai - MPCB","23-08-2026 11:00:00",19.0632143,72.8456324,SO2,1,3,3
India,Maharashtra,Mumbai,"Kherwadi_Bandra East, Mumbai - MPCB","23-08-2026 11:00:00",19.0632143,72.8456324,CO,29,33,31
India,Maharashtra,Mumbai,"Mindspace-Malad West, Mumbai - MPCB","23-08-2026 11:00:00",19.1878657,72.8304069,CO,15,15,15
India,Maharashtra,Mumbai,"Mindspace-Malad West, Mumbai - MPCB","23-08-2026 11:00:00",19.1878657,72.8304069,OZONE,18,18,18
India,Maharashtra,Mumbai,"Worli, Mumbai - MPCB","23-08-2026 11:00:00",18.9936162,72.8128113,NO2,1,8,5
India,Maharashtra,Mumbai,"Worli, Mumbai - MPCB","23-08-2026 11:00:00",18.9936162,72.8128113,SO2,7,11,9
India,Maharashtra,Mumbai,"Mulund West, Mumbai - MPCB","23-08-2026 11:00:00",19.175,72.9419,SO2,NA,NA,NA
India,Maharashtra,Mumbai,"Chembur, Mumbai - MPCB","23-08-2026 11:00:00",19.0364585,72.8954371,PM10,26,49,40
India,Maharashtra,Ulhasnagar,"Sidhi Vinayak Nagar, Ulhasnagar - MPCB","23-08-2026 11:00:00",19.235581,73.159121,NO2,8,10,9
India,Maharashtra,Ulhasnagar,"Sidhi Vinayak Nagar, Ulhasnagar - MPCB","23-08-2026 11:00:00",19.235581,73.159121,CO,8,17,13
India,Maharashtra,Ulhasnagar,"Vithalwadi, Ulhasnagar - MPCB","23-08-2026 11:00:00",19.2307571,73.155192,NO2,4,7,5
India,Meghalaya,Byrnihat,"15th Mile-Nongthymmai, Byrnihat -Meghalaya PCB","23-08-2026 11:00:00",26.079047,91.875185,PM2.5,NA,NA,NA
India,Meghalaya,Byrnihat,"15th Mile-Nongthymmai, Byrnihat -Meghalaya PCB","23-08-2026 11:00:00",26.079047,91.875185,PM10,NA,NA,NA
India,Meghalaya,Byrnihat,"15th Mile-Nongthymmai, Byrnihat -Meghalaya PCB","23-08-2026 11:00:00",26.079047,91.875185,CO,NA,NA,NA
India,Meghalaya,Shillong,"JN Stadium, Shillong - Meghalaya PCB","23-08-2026 11:00:00",25.5803419,91.8942571,PM10,NA,NA,NA
India,Meghalaya,Shillong,"Lumpyngngad, Shillong - Meghalaya PCB","23-08-2026 11:00:00",25.5586,91.8985,PM2.5,NA,NA,NA
India,Meghalaya,Shillong,"Lumpyngngad, Shillong - Meghalaya PCB","23-08-2026 11:00:00",25.5586,91.8985,NO2,0,1,0
India,Meghalaya,Shillong,"Lumpyngngad, Shillong - Meghalaya PCB","23-08-2026 11:00:00",25.5586,91.8985,NH3,0,0,0
India,Meghalaya,Shillong,"Lumpyngngad, Shillong - Meghalaya PCB","23-08-2026 11:00:00",25.5586,91.8985,SO2,10,11,11
India,Maharashtra,Pimpri-Chinchwad,"Thergaon, Pimpri Chinchwad - MPCB","23-08-2026 11:00:00",18.616318,73.765797,PM10,40,57,46
India,Maharashtra,Pimpri-Chinchwad,"Thergaon, Pimpri Chinchwad - MPCB","23-08-2026 11:00:00",18.616318,73.765797,NH3,3,6,5
India,Maharashtra,Pimpri-Chinchwad,"Transport Nagar-Nigdi, Pune - IITM","23-08-2026 11:00:00",18.664282,73.763966,NH3,NA,NA,NA
India,Maharashtra,Pimpri-Chinchwad,"Transport Nagar-Nigdi, Pune - IITM","23-08-2026 11:00:00",18.664282,73.763966,OZONE,8,18,13
India,Maharashtra,Pimpri-Chinchwad,"Park Street Wakad, Pimpri Chinchwad - MPCB","23-08-2026 11:00:00",18.59051,73.77946,CO,10,25,16
India,Maharashtra,Pimpri-Chinchwad,"Park Street Wakad, Pimpri Chinchwad - MPCB","23-08-2026 11:00:00",18.59051,73.77946,OZONE,6,10,8
India,Maharashtra,Pimpri-Chinchwad,"Savta Mali Nagar, Pimpri-Chinchwad - IITM","23-08-2026 11:00:00",18.614767,73.799516,CO,27,44,36
India,Maharashtra,Pune,"Katraj Dairy, Pune - MPCB","23-08-2026 11:00:00",18.45445,73.854155,OZONE,10,10,10
India,Maharashtra,Pune,"Hadapsar, Pune - IITM","23-08-2026 11:00:00",18.501793,73.927532,OZONE,8,9,8
India,Mizoram,Aizawl,"Sikulpuikawn, Aizawl - Mizoram PCB","23-08-2026 11:00:00",23.7176342,92.7192841,OZONE,0,1,1
India,Odisha,Angul,"Hakimapada, Angul - OSPCB","23-08-2026 11:00:00",20.832874,85.104082,NO2,1,27,5
India,Odisha,Angul,"Hakimapada, Angul - OSPCB","23-08-2026 11:00:00",20.832874,85.104082,CO,45,49,47
India,Odisha,Balasore,"Kalidaspur, Balasore - OSPCB","23-08-2026 11:00:00",21.51161,86.89088,NH3,3,4,4
India,Odisha,Balasore,"Kalidaspur, Balasore - OSPCB","23-08-2026 11:00:00",21.51161,86.89088,SO2,3,4,4
India,Odisha,Baripada,"Meher Colony, Baripada - OSPCB","23-08-2026 11:00:00",21.941841,86.728318,PM2.5,37,88,58
India,Odisha,Baripada,"Meher Colony, Baripada - OSPCB","23-08-2026 11:00:00",21.941841,86.728318,PM10,47,101,68
India,Odisha,Baripada,"Meher Colony, Baripada - OSPCB","23-08-2026 11:00:00",21.941841,86.728318,NO2,1,20,9
India,Maharashtra,"Navi Mumbai","Tondare-Taloja, Navi Mumbai - MPCB","23-08-2026 11:00:00",19.063,73.1209,PM10,25,60,41
India,Maharashtra,"Navi Mumbai","Tondare-Taloja, Navi Mumbai - MPCB","23-08-2026 11:00:00",19.063,73.1209,OZONE,10,11,10
India,Maharashtra,"Navi Mumbai","Sanpada, Navi Mumbai - MPCB","23-08-2026 11:00:00",19.0575752,73.0151367,SO2,14,15,14
India,Maharashtra,"Navi Mumbai","Sanpada, Navi Mumbai - MPCB","23-08-2026 11:00:00",19.0575752,73.0151367,CO,8,15,11
India,Maharashtra,"Navi Mumbai","Nerul, Navi Mumbai - MPCB","23-08-2026 11:00:00",19.008751,73.01662,PM2.5,15,40,25
India,Maharashtra,Parbhani,"Masoom Colony, Parbhani - MPCB","23-08-2026 11:00:00",19.265594,76.761463,OZONE,20,23,22
India,Maharashtra,Pimpri-Chinchwad,"Gavalinagar, Pimpri Chinchwad - MPCB","23-08-2026 11:00:00",18.63673,73.82487,PM2.5,21,42,29
India,Odisha,Bhubaneswar,"Lingraj Mandir, Bhubaneswar - OSPCB","23-08-2026 11:00:00",20.24079,85.836784,SO2,7,10,9
India,Odisha,Bhubaneswar,"Lingraj Mandir, Bhubaneswar - OSPCB","23-08-2026 11:00:00",20.24079,85.836784,OZONE,15,16,16
India,Odisha,Byasanagar,"Ferro Chrome Colony, Byasanagar - OSPCB","23-08-2026 11:00:00",20.94185,86.1151,NH3,1,1,1
India,Odisha,Byasanagar,"Ferro Chrome Colony, Byasanagar - OSPCB","23-08-2026 11:00:00",20.94185,86.1151,SO2,10,21,14
India,Odisha,Cuttack,"CDA Area, Cuttack - OSPCB","23-08-2026 11:00:00",20.48891,85.84768,NO2,11,50,28
India,Odisha,Cuttack,"CDA Area, Cuttack - OSPCB","23-08-2026 11:00:00",20.48891,85.84768,OZONE,3,12,7
India,Maharashtra,Pune,"Mhada Colony, Pune - IITM","23-08-2026 11:00:00",18.57304,73.927715,CO,2,2,2
India,Maharashtra,Pune,"Dhankawadi, Pune - IITM","23-08-2026 11:00:00",18.459883,73.852193,CO,30,66,46
India,Maharashtra,Pune,"Dhankawadi, Pune - IITM","23-08-2026 11:00:00",18.459883,73.852193,OZONE,4,10,6
India,Maharashtra,Pune,"Panchawati_Pashan, Pune - IITM","23-08-2026 11:00:00",18.536457,73.805454,SO2,NA,NA,NA
India,Maharashtra,Pune,"Panchawati_Pashan, Pune - IITM","23-08-2026 11:00:00",18.536457,73.805454,OZONE,0,5,2
India,Maharashtra,Satara,"Koyana Nagar, Satara - MPCB","23-08-2026 11:00:00",17.696651,74.003387,CO,14,28,20
India,Maharashtra,Satara,"Koyana Nagar, Satara - MPCB","23-08-2026 11:00:00",17.696651,74.003387,OZONE,6,19,14
India,Maharashtra,Solapur,"Dnyaneshwar Nagar, Solapur - MPCB","23-08-2026 11:00:00",17.6336264,75.9132495,CO,7,13,10
India,Maharashtra,Nashik,"MIDC Ambad, Nashik - MPCB","23-08-2026 11:00:00",19.95022,73.73148,OZONE,4,13,8
India,Maharashtra,Thane,"Kasarvadavali, Thane - MPCB","23-08-2026 11:00:00",19.26777,72.97182,SO2,7,8,7
India,Rajasthan,Jodhpur,"Jhalamand, Jodhpur - RSPCB","23-08-2026 11:00:00",26.215415,73.070156,NH3,3,4,4
India,Rajasthan,Jodhpur,"Jhalamand, Jodhpur - RSPCB","23-08-2026 11:00:00",26.215415,73.070156,CO,9,17,12
India,Rajasthan,Jodhpur,"Jhalamand, Jodhpur - RSPCB","23-08-2026 11:00:00",26.215415,73.070156,OZONE,29,39,33
India,Rajasthan,Jodhpur,"Mandor, Jodhpur - RSPCB","23-08-2026 11:00:00",26.358805,73.047444,PM2.5,12,40,23
India,Rajasthan,Jodhpur,"Mandor, Jodhpur - RSPCB","23-08-2026 11:00:00",26.358805,73.047444,PM10,78,129,99
India,Rajasthan,Jodhpur,"Mandor, Jodhpur - RSPCB","23-08-2026 11:00:00",26.358805,73.047444,SO2,NA,NA,NA
India,Rajasthan,Jodhpur,"Mandor, Jodhpur - RSPCB","23-08-2026 11:00:00",26.358805,73.047444,OZONE,30,62,41
India,Rajasthan,Jodhpur,"Collectorate, Jodhpur - RSPCB","23-08-2026 11:00:00",26.268249,73.0193853,PM2.5,27,57,39
India,Rajasthan,Jodhpur,"Collectorate, Jodhpur - RSPCB","23-08-2026 11:00:00",26.268249,73.0193853,OZONE,13,15,14
India,Rajasthan,Jodhpur,"Samrat Ashok Udhyan, Jodhpur - RSPCB","23-08-2026 11:00:00",26.253384,72.976571,NO2,2,13,5
India,Rajasthan,Jodhpur,"Samrat Ashok Udhyan, Jodhpur - RSPCB","23-08-2026 11:00:00",26.253384,72.976571,NH3,NA,NA,NA
India,Rajasthan,Jodhpur,"Samrat Ashok Udhyan, Jodhpur - RSPCB","23-08-2026 11:00:00",26.253384,72.976571,SO2,2,3,2
India,Rajasthan,Karauli,"Satyawati Vihar, Karauli - RSPCB","23-08-2026 11:00:00",26.506177,77.025989,CO,6,16,11
India,Rajasthan,Kota,"Nayapura, Kota - RSPCB","23-08-2026 11:00:00",25.196024,75.855668,OZONE,20,49,31
India,Rajasthan,Kota,"Dhanmandi, Kota - RSPCB","23-08-2026 11:00:00",25.16409,75.858137,NO2,6,32,16
India,Rajasthan,Kota,"Dhanmandi, Kota - RSPCB","23-08-2026 11:00:00",25.16409,75.858137,SO2,0,34,8
India,Rajasthan,Kota,"Dhanmandi, Kota - RSPCB","23-08-2026 11:00:00",25.16409,75.858137,CO,11,14,12
India,Rajasthan,"Sri Ganganagar","Old City, Sri Ganganagar - RSPCB","23-08-2026 11:00:00",29.931624,73.864511,NH3,5,10,7
India,Rajasthan,Udaipur,"Ashok Nagar, Udaipur - RSPCB","23-08-2026 11:00:00",24.5886166,73.6321397,SO2,0,4,1
India,Rajasthan,Udaipur,"Ashok Nagar, Udaipur - RSPCB","23-08-2026 11:00:00",24.5886166,73.6321397,OZONE,13,30,21
India,Sikkim,Gangtok,"Zero Point GICI, Gangtok - SSPCB","23-08-2026 11:00:00",27.33853,88.614099,PM2.5,NA,NA,NA
India,"Tamil Nadu",Chennai,"Arumbakkam, Chennai - TNPCB","23-08-2026 11:00:00",13.0664,80.2112,SO2,0,3,2
India,"Tamil Nadu",Chennai,"Velachery Res. Area, Chennai - CPCB","23-08-2026 11:00:00",13.0052189,80.2398125,NH3,3,4,4
India,"Tamil Nadu",Chennai,"Velachery Res. Area, Chennai - CPCB","23-08-2026 11:00:00",13.0052189,80.2398125,CO,NA,NA,NA
India,"Tamil Nadu",Chennai,"Perungudi, Chennai - TNPCB","23-08-2026 11:00:00",12.9533,80.2357,NO2,6,10,7
India,"Tamil Nadu",Chennai,"Perungudi, Chennai - TNPCB","23-08-2026 11:00:00",12.9533,80.2357,NH3,0,1,0
India,"Tamil Nadu",Chennai,"Manali Village, Chennai - TNPCB","23-08-2026 11:00:00",13.1662,80.2584,NO2,15,24,19
India,"Tamil Nadu",Chennai,"Manali Village, Chennai - TNPCB","23-08-2026 11:00:00",13.1662,80.2584,OZONE,15,300,187
India,"Tamil Nadu",Chennai,"Manali, Chennai - CPCB","23-08-2026 11:00:00",13.164544,80.26285,PM2.5,17,42,28
India,Punjab,Patiala,"Model Town, Patiala - PPCB","23-08-2026 11:00:00",30.349388,76.366642,PM10,27,80,57
India,Punjab,Patiala,"Model Town, Patiala - PPCB","23-08-2026 11:00:00",30.349388,76.366642,NO2,7,22,14
India,Punjab,Rupnagar,"Ratanpura, Rupnagar - Ambuja Cements","23-08-2026 11:00:00",31.0325454,76.5623046,PM2.5,7,89,26
India,Punjab,Rupnagar,"Ratanpura, Rupnagar - Ambuja Cements","23-08-2026 11:00:00",31.0325454,76.5623046,SO2,9,16,12
India,Rajasthan,Ajmer,"Civil Lines,  Ajmer - RSPCB","23-08-2026 11:00:00",26.470859,74.646594,SO2,2,14,10
India,Rajasthan,Ajmer,"Civil Lines,  Ajmer - RSPCB","23-08-2026 11:00:00",26.470859,74.646594,OZONE,28,88,47
India,Rajasthan,Alwar,"Moti Doongri, Alwar - RSPCB","23-08-2026 11:00:00",27.554793,76.611536,PM2.5,45,112,70
India,Rajasthan,Alwar,"Moti Doongri, Alwar - RSPCB","23-08-2026 11:00:00",27.554793,76.611536,PM10,84,116,99
India,Rajasthan,Alwar,"Moti Doongri, Alwar - RSPCB","23-08-2026 11:00:00",27.554793,76.611536,CO,21,97,50
India,Rajasthan,Alwar,"Vigyan Nagar, Alwar - RSPCB","23-08-2026 11:00:00",27.598796,76.63861,SO2,6,7,6
India,Rajasthan,Baran,"Bamboliya, Baran - RSPCB","23-08-2026 11:00:00",25.106006,76.469948,SO2,7,10,8
India,Rajasthan,Baran,"Bamboliya, Baran - RSPCB","23-08-2026 11:00:00",25.106006,76.469948,OZONE,9,22,18
India,Odisha,Tensa,"Barsua Iron Ore Mines, Tensa - OSPCB","23-08-2026 11:00:00",21.869985,85.167016,NO2,NA,NA,NA
India,Puducherry,Puducherry,"Jawahar Nagar, Puducherry - PPCC","23-08-2026 11:00:00",11.9309,79.8027,NO2,6,13,10
India,Puducherry,Puducherry,"Jawahar Nagar, Puducherry - PPCC","23-08-2026 11:00:00",11.9309,79.8027,CO,13,23,18
India,Punjab,Bathinda,"Hardev Nagar, Bathinda - PPCB","23-08-2026 11:00:00",30.233011,74.907758,PM10,29,137,56
India,Punjab,Jalandhar,"Civil Line, Jalandhar - PPCB","23-08-2026 11:00:00",31.321907,75.578914,PM10,60,112,74
India,Punjab,Jalandhar,"Civil Line, Jalandhar - PPCB","23-08-2026 11:00:00",31.321907,75.578914,SO2,12,13,12
India,Punjab,Jalandhar,"Civil Line, Jalandhar - PPCB","23-08-2026 11:00:00",31.321907,75.578914,OZONE,17,25,23
India,Punjab,Khanna,"Kalal Majra, Khanna - PPCB","23-08-2026 11:00:00",30.736056,76.209694,PM2.5,50,63,58
India,Punjab,Khanna,"Kalal Majra, Khanna - PPCB","23-08-2026 11:00:00",30.736056,76.209694,PM10,43,54,49
India,Punjab,Khanna,"Kalal Majra, Khanna - PPCB","23-08-2026 11:00:00",30.736056,76.209694,NH3,5,17,11
India,Punjab,Ludhiana,"Punjab Agricultural University, Ludhiana - PPCB","23-08-2026 11:00:00",30.9028,75.8086,SO2,11,14,12
India,Rajasthan,Kota,"Shrinath Puram, Kota - RSPCB","23-08-2026 11:00:00",25.14389,75.821256,PM10,44,75,57
India,Rajasthan,Kota,"Shrinath Puram, Kota - RSPCB","23-08-2026 11:00:00",25.14389,75.821256,OZONE,9,21,16
India,Rajasthan,Nagaur,"Karni Colony, Nagaur - RSPCB","23-08-2026 11:00:00",27.213494,73.734444,PM2.5,12,50,29
India,Rajasthan,Nagaur,"Karni Colony, Nagaur - RSPCB","23-08-2026 11:00:00",27.213494,73.734444,NO2,5,9,7
India,Rajasthan,Nagaur,"Karni Colony, Nagaur - RSPCB","23-08-2026 11:00:00",27.213494,73.734444,NH3,3,5,4
India,Rajasthan,Pali,"Indira Colony Vistar, Pali - RSPCB","23-08-2026 11:00:00",25.771061,73.340227,PM10,NA,NA,NA
India,Rajasthan,Pali,"Indira Colony Vistar, Pali - RSPCB","23-08-2026 11:00:00",25.771061,73.340227,NO2,11,27,18
India,Rajasthan,Pali,"Indira Colony Vistar, Pali - RSPCB","23-08-2026 11:00:00",25.771061,73.340227,CO,23,56,43
India,Rajasthan,Rajsamand,"Dhoinda, Rajsamand - RSPCB","23-08-2026 11:00:00",25.03636,73.883502,PM10,52,98,80
India,Rajasthan,"Sawai Madhopur","Sahu Nagar, Sawai Madhopur - RSPCB","23-08-2026 11:00:00",26.031443,76.359327,NO2,11,20,15
India,Rajasthan,"Sawai Madhopur","Sahu Nagar, Sawai Madhopur - RSPCB","23-08-2026 11:00:00",26.031443,76.359327,CO,12,59,23
India,Rajasthan,Jaipur,"Shastri Nagar, Jaipur - RSPCB","23-08-2026 11:00:00",26.9502929,75.730943,NO2,20,39,29
India,Rajasthan,Jaipur,"Shastri Nagar, Jaipur - RSPCB","23-08-2026 11:00:00",26.9502929,75.730943,OZONE,20,29,23
India,Rajasthan,Jaipur,"Adarsh Nagar, Jaipur - RSPCB","23-08-2026 11:00:00",26.902909,75.836858,NO2,13,25,18
India,Rajasthan,Jalore,"Mudtra Sili, Jalore - RSPCB","23-08-2026 11:00:00",25.344694,72.626208,PM10,69,90,80
India,Rajasthan,Jalore,"Mudtra Sili, Jalore - RSPCB","23-08-2026 11:00:00",25.344694,72.626208,NO2,4,8,6
India,Rajasthan,Jhalawar,"Rajlaxmi Nagar, Jhalawar - RSPCB","23-08-2026 11:00:00",24.588397,76.172782,PM2.5,43,75,62
India,Rajasthan,Jhalawar,"Rajlaxmi Nagar, Jhalawar - RSPCB","23-08-2026 11:00:00",24.588397,76.172782,CO,23,59,42
India,Rajasthan,Jhalawar,"Rajlaxmi Nagar, Jhalawar - RSPCB","23-08-2026 11:00:00",24.588397,76.172782,OZONE,24,35,28
India,Rajasthan,Jhunjhunu,"Indra Nagar, Jhunjhunu - RSPCB","23-08-2026 11:00:00",28.108988,75.386577,CO,14,60,33
India,Rajasthan,Jodhpur,"Digari Kalan, Jodhpur - RSPCB","23-08-2026 11:00:00",26.29581,73.082283,PM2.5,10,30,20
India,Rajasthan,Bharatpur,"Krishna Nagar, Bharatpur - RSPCB","23-08-2026 11:00:00",27.215415,77.50873,NH3,3,6,5
India,Rajasthan,Bhiwadi,"RIICO Ind. Area III, Bhiwadi - RSPCB","23-08-2026 11:00:00",28.194909,76.862296,SO2,3,23,8
India,Rajasthan,Bhiwadi,"RIICO Ind. Area III, Bhiwadi - RSPCB","23-08-2026 11:00:00",28.194909,76.862296,OZONE,8,22,13
India,Rajasthan,Bikaner,"MM Ground, Bikaner - RSPCB","23-08-2026 11:00:00",28.018792,73.292658,SO2,6,8,6
India,Rajasthan,Bundi,"New Colony, Bundi - RSPCB","23-08-2026 11:00:00",25.435774,75.644272,NO2,14,34,22
India,Rajasthan,Chittorgarh,"Shastri Nagar, Chittorgarh - RSPCB","23-08-2026 11:00:00",24.892047,74.623527,SO2,3,16,7
India,Odisha,Rairangpur,"Divisional Forest Office, Rairangpur - OSPCB","23-08-2026 11:00:00",22.265816,86.174829,PM10,35,77,49
India,Odisha,Rairangpur,"Divisional Forest Office, Rairangpur - OSPCB","23-08-2026 11:00:00",22.265816,86.174829,NO2,6,7,6
India,Odisha,Rairangpur,"Divisional Forest Office, Rairangpur - OSPCB","23-08-2026 11:00:00",22.265816,86.174829,SO2,9,15,12
India,Odisha,Rourkela,"Raghunathpali, Rourkela - OSPCB","23-08-2026 11:00:00",22.220833,84.809444,NH3,1,1,1
India,Odisha,Rourkela,"Raghunathpali, Rourkela - OSPCB","23-08-2026 11:00:00",22.220833,84.809444,CO,31,54,43
India,Rajasthan,Dholpur,"Raja Ganj, Dholpur - RSPCB","23-08-2026 11:00:00",26.699557,77.898881,NH3,4,23,9
India,Rajasthan,Dholpur,"Raja Ganj, Dholpur - RSPCB","23-08-2026 11:00:00",26.699557,77.898881,CO,19,27,23
India,Rajasthan,Dungarpur,"Bhoiwada, Dungarpur - RSPCB","23-08-2026 11:00:00",23.837789,73.714926,NO2,5,9,7
India,Rajasthan,Hanumangarh,"Housing Board, Hanumangarh - RSPCB","23-08-2026 11:00:00",29.61075,74.283608,CO,14,16,15
India,"Uttar Pradesh",Moradabad,"Transport Nagar, Moradabad - UPPCB","23-08-2026 11:00:00",28.802625,78.753728,OZONE,33,89,58
India,"Uttar Pradesh",Moradabad,"Kashiram Nagar, Moradabad - UPPCB","23-08-2026 11:00:00",28.849399,78.742362,NO2,24,25,25
India,"Uttar Pradesh",Moradabad,"Employment Office, Moradabad - UPPCB","23-08-2026 11:00:00",28.88528,78.7388,NH3,3,3,3
India,"Uttar Pradesh",Moradabad,"Employment Office, Moradabad - UPPCB","23-08-2026 11:00:00",28.88528,78.7388,SO2,32,33,32
India,"Uttar Pradesh",Moradabad,"Employment Office, Moradabad - UPPCB","23-08-2026 11:00:00",28.88528,78.7388,CO,12,12,12
India,"Uttar Pradesh",Muzaffarnagar,"New Mandi, Muzaffarnagar - UPPCB","23-08-2026 11:00:00",29.4723508,77.7194031,NO2,16,52,33
India,"Uttar Pradesh",Muzaffarnagar,"New Mandi, Muzaffarnagar - UPPCB","23-08-2026 11:00:00",29.4723508,77.7194031,NH3,2,5,3
India,"Uttar Pradesh",Noida,"Sector - 125, Noida - UPPCB","23-08-2026 11:00:00",28.5447608,77.3231257,PM10,30,410,145
India,"Uttar Pradesh",Noida,"Sector - 125, Noida - UPPCB","23-08-2026 11:00:00",28.5447608,77.3231257,NH3,7,27,11
India,"Uttar Pradesh",Noida,"Sector - 62, Noida - IITM","23-08-2026 11:00:00",28.6245479,77.3577104,PM2.5,12,105,61
India,"Uttar Pradesh",Noida,"Sector-1, Noida - UPPCB","23-08-2026 11:00:00",28.5898,77.3101,PM2.5,7,83,45
India,"Uttar Pradesh",Noida,"Sector-1, Noida - UPPCB","23-08-2026 11:00:00",28.5898,77.3101,PM10,32,157,96
India,"Uttar Pradesh",Noida,"Sector-116, Noida - UPPCB","23-08-2026 11:00:00",28.56923,77.393848,NO2,4,56,20
India,"Uttar Pradesh",Noida,"Sector-116, Noida - UPPCB","23-08-2026 11:00:00",28.56923,77.393848,NH3,10,21,13
India,"Uttar Pradesh",Noida,"Sector-116, Noida - UPPCB","23-08-2026 11:00:00",28.56923,77.393848,SO2,6,17,11
India,"Uttar Pradesh",Noida,"Sector-116, Noida - UPPCB","23-08-2026 11:00:00",28.56923,77.393848,CO,31,45,39
India,"Uttar Pradesh",Prayagraj,"Nagar Nigam, Prayagraj - UPPCB","23-08-2026 11:00:00",25.44919916,81.82735986,PM2.5,3,23,12
India,"Tamil Nadu",Chennai,"Manali, Chennai - CPCB","23-08-2026 11:00:00",13.164544,80.26285,CO,22,40,31
India,"Tamil Nadu",Chennai,"Royapuram, Chennai - TNPCB","23-08-2026 11:00:00",13.1036,80.2909,NH3,4,4,4
India,"Tamil Nadu",Coimbatore,"SIDCO Kurichi, Coimbatore - TNPCB","23-08-2026 11:00:00",10.942451,76.978996,PM10,8,25,14
India,"Tamil Nadu",Coimbatore,"SIDCO Kurichi, Coimbatore - TNPCB","23-08-2026 11:00:00",10.942451,76.978996,NH3,1,1,1
India,"Tamil Nadu",Coimbatore,"SIDCO Kurichi, Coimbatore - TNPCB","23-08-2026 11:00:00",10.942451,76.978996,SO2,26,28,27
India,"Tamil Nadu",Cuddalore,"Kudikadu, Cuddalore - TNPCB","23-08-2026 11:00:00",11.6829898,79.7532099,NO2,NA,NA,NA
India,"Tamil Nadu",Cuddalore,"Semmandalam, Cuddalore - TNPCB","23-08-2026 11:00:00",11.7637683,79.7499835,PM10,NA,NA,NA
India,"Tamil Nadu",Cuddalore,"Semmandalam, Cuddalore - TNPCB","23-08-2026 11:00:00",11.7637683,79.7499835,OZONE,1,2,2
India,"Tamil Nadu",Gummidipoondi,"Anthoni Pillai Nagar, Gummidipoondi - TNPCB","23-08-2026 11:00:00",13.4127,80.1081,NO2,14,30,21
India,"Tamil Nadu",Gummidipoondi,"Anthoni Pillai Nagar, Gummidipoondi - TNPCB","23-08-2026 11:00:00",13.4127,80.1081,SO2,14,30,21
India,"Tamil Nadu",Thoothukudi,"Meelavittan, Thoothukudi - TNPCB","23-08-2026 11:00:00",8.816428,78.099039,NH3,NA,NA,NA
India,Telangana,Hyderabad,"IITH Kandi, Hyderabad - TSPCB","23-08-2026 11:00:00",17.585705,78.126199,PM10,42,73,55
India,Telangana,Hyderabad,"IITH Kandi, Hyderabad - TSPCB","23-08-2026 11:00:00",17.585705,78.126199,SO2,5,15,9
India,"Uttar Pradesh",Baraut,"Nagar Palika Parishad, Baraut - UPPCB","23-08-2026 11:00:00",29.09956,77.26235,PM10,37,128,85
India,"Uttar Pradesh",Baraut,"Nagar Palika Parishad, Baraut - UPPCB","23-08-2026 11:00:00",29.09956,77.26235,CO,8,14,11
India,"Uttar Pradesh",Bareilly,"Rajendra Nagar, Bareilly - UPPCB","23-08-2026 11:00:00",28.38910936,79.42963708,CO,22,25,24
India,"Uttar Pradesh",Bulandshahr,"Yamunapuram, Bulandshahr - UPPCB","23-08-2026 11:00:00",28.406963,77.849831,SO2,4,12,7
India,"Uttar Pradesh","Fatehpur Sikri","Dadupura, Fatehpur Sikri - UPPCB","23-08-2026 11:00:00",27.097694,77.671335,PM2.5,55,56,55
India,"Uttar Pradesh","Fatehpur Sikri","Dadupura, Fatehpur Sikri - UPPCB","23-08-2026 11:00:00",27.097694,77.671335,PM10,66,67,67
India,"Uttar Pradesh","Fatehpur Sikri","Dadupura, Fatehpur Sikri - UPPCB","23-08-2026 11:00:00",27.097694,77.671335,SO2,10,11,11
India,"Uttar Pradesh",Firozabad,"Nagla Bhau, Firozabad - UPPCB","23-08-2026 11:00:00",27.168897,78.37696,NH3,1,2,2
India,"Uttar Pradesh",Firozabad,"Nagla Bhau, Firozabad - UPPCB","23-08-2026 11:00:00",27.168897,78.37696,CO,14,78,34
India,"Uttar Pradesh",Firozabad,"Vibhab Nagar, Firozabad - UPPCB","23-08-2026 11:00:00",27.1594,78.3953,OZONE,0,1,1
India,"Uttar Pradesh",Gajraula,"Rajanpur, Gajraula - UPPCB","23-08-2026 11:00:00",28.829109,78.248796,PM10,24,84,52
India,"Uttar Pradesh",Ghaziabad,"Ved Vihar-Loni, Ghaziabad - UPPCB","23-08-2026 11:00:00",28.739153,77.273668,CO,84,92,87
India,"Uttar Pradesh",Ghaziabad,"Sanjay Nagar, Ghaziabad - UPPCB","23-08-2026 11:00:00",28.685382,77.453839,NH3,8,11,9
India,"Uttar Pradesh",Ghaziabad,"Indirapuram, Ghaziabad - UPPCB","23-08-2026 11:00:00",28.646233,77.358075,PM2.5,27,95,52
India,"Uttar Pradesh",Ghaziabad,"Indirapuram, Ghaziabad - UPPCB","23-08-2026 11:00:00",28.646233,77.358075,NH3,5,7,6
India,"Uttar Pradesh",Ghaziabad,"Vasundhara, Ghaziabad - UPPCB","23-08-2026 11:00:00",28.6603346,77.3572563,NO2,18,52,31
India,"Uttar Pradesh",Ghaziabad,"Vasundhara, Ghaziabad - UPPCB","23-08-2026 11:00:00",28.6603346,77.3572563,NH3,4,9,6
India,"Uttar Pradesh",Ghaziabad,"Vasundhara, Ghaziabad - UPPCB","23-08-2026 11:00:00",28.6603346,77.3572563,CO,37,40,38
India,"Uttar Pradesh",Ghaziabad,"Wave City, Ghaziabad - UPPCB","23-08-2026 11:00:00",28.646675,77.489049,CO,43,49,47
India,"Uttar Pradesh",Ghaziabad,"Loni, Ghaziabad - UPPCB","23-08-2026 11:00:00",28.757294,77.278792,PM10,25,332,127
India,"Uttar Pradesh",Ghaziabad,"Govindpuram, Ghaziabad - UPPCB","23-08-2026 11:00:00",28.694528,77.494705,CO,25,30,27
India,"Uttar Pradesh",Gorakhpur,"Madan Mohan Malaviya University of Technology, Gorakhpur - UPPCB","23-08-2026 11:00:00",26.730136,83.433859,PM2.5,29,252,89
India,"Uttar Pradesh",Gorakhpur,"Madan Mohan Malaviya University of Technology, Gorakhpur - UPPCB","23-08-2026 11:00:00",26.730136,83.433859,OZONE,26,46,39
India,"Uttar Pradesh","Greater Noida","Knowledge Park - V, Greater Noida - UPPCB","23-08-2026 11:00:00",28.557054,77.453663,PM10,39,204,134
India,"Uttar Pradesh",Lucknow,"Talkatora District Industries Center, Lucknow - CPCB","23-08-2026 11:00:00",26.83399722,80.8917361,PM10,22,47,33
India,"Uttar Pradesh",Lucknow,"Talkatora District Industries Center, Lucknow - CPCB","23-08-2026 11:00:00",26.83399722,80.8917361,OZONE,10,39,17
India,"Uttar Pradesh",Lucknow,"Kendriya Vidyalaya, Lucknow - CPCB","23-08-2026 11:00:00",26.906111,80.948222,PM2.5,15,76,34
India,"Uttar Pradesh",Lucknow,"Kendriya Vidyalaya, Lucknow - CPCB","23-08-2026 11:00:00",26.906111,80.948222,SO2,5,9,7
India,"Uttar Pradesh",Lucknow,"Gomti Nagar, Lucknow - UPPCB","23-08-2026 11:00:00",26.86812,81.005119,NO2,9,10,9
India,"Uttar Pradesh",Lucknow,"Gomti Nagar, Lucknow - UPPCB","23-08-2026 11:00:00",26.86812,81.005119,CO,38,40,39
India,"Uttar Pradesh",Lucknow,"B R Ambedkar University, Lucknow - UPPCB","23-08-2026 11:00:00",26.766433,80.927299,CO,23,26,24
India,"Uttar Pradesh",Lucknow,"B R Ambedkar University, Lucknow - UPPCB","23-08-2026 11:00:00",26.766433,80.927299,OZONE,14,68,32
India,"Uttar Pradesh",Lucknow,"Lalbagh, Lucknow - CPCB","23-08-2026 11:00:00",26.8458805,80.9365541,PM2.5,5,48,26
India,"Uttar Pradesh",Lucknow,"Lalbagh, Lucknow - CPCB","23-08-2026 11:00:00",26.8458805,80.9365541,PM10,17,63,34
India,"Uttar Pradesh",Lucknow,"Lalbagh, Lucknow - CPCB","23-08-2026 11:00:00",26.8458805,80.9365541,CO,25,41,34
India,"Uttar Pradesh",Lucknow,"Lalbagh, Lucknow - CPCB","23-08-2026 11:00:00",26.8458805,80.9365541,OZONE,18,25,20
India,"Uttar Pradesh",Lucknow,"Kukrail Picnic Spot-1, Lucknow - UPPCB","23-08-2026 11:00:00",26.90723,80.98579,PM10,10,55,37
India,"Uttar Pradesh",Lucknow,"Kukrail Picnic Spot-1, Lucknow - UPPCB","23-08-2026 11:00:00",26.90723,80.98579,NO2,31,32,32
India,"Uttar Pradesh",Meerut,"MIET College, Meerut - UPPCB","23-08-2026 11:00:00",28.972677,77.641018,OZONE,5,30,19
India,"Uttar Pradesh",Meerut,"Pallavpuram Phase 2, Meerut - UPPCB","23-08-2026 11:00:00",29.06351,77.709723,SO2,6,16,13
India,"Uttar Pradesh",Meerut,"Pallavpuram Phase 2, Meerut - UPPCB","23-08-2026 11:00:00",29.06351,77.709723,CO,22,28,25
India,"Uttar Pradesh",Meerut,"Ganga Nagar, Meerut - UPPCB","23-08-2026 11:00:00",28.999264,77.7590354,NH3,6,7,6
India,"Uttar Pradesh",Meerut,"Ganga Nagar, Meerut - UPPCB","23-08-2026 11:00:00",28.999264,77.7590354,SO2,24,29,26
India,"Uttar Pradesh",Meerut,"Ganga Nagar, Meerut - UPPCB","23-08-2026 11:00:00",28.999264,77.7590354,OZONE,27,61,49
India,"Uttar Pradesh",Modinagar,"SRM University, Modinagar - UPPCB","23-08-2026 11:00:00",28.798171,77.540243,OZONE,5,12,9
India,"Uttar Pradesh",Moradabad,"Eco Herbal Park, Moradabad - UPPCB","23-08-2026 11:00:00",28.840739,78.697531,SO2,9,33,20
India,"Uttar Pradesh",Moradabad,"Buddhi Vihar, Moradabad - UPPCB","23-08-2026 11:00:00",28.83526,78.7446,PM2.5,4,60,24
India,"Uttar Pradesh",Moradabad,"Buddhi Vihar, Moradabad - UPPCB","23-08-2026 11:00:00",28.83526,78.7446,NH3,5,5,5
India,"Uttar Pradesh",Moradabad,"Buddhi Vihar, Moradabad - UPPCB","23-08-2026 11:00:00",28.83526,78.7446,CO,25,31,28
India,"Uttar Pradesh",Moradabad,"Jigar Colony, Moradabad - UPPCB","23-08-2026 11:00:00",28.856664,78.772638,PM10,28,86,44
India,"Uttar Pradesh",Moradabad,"Jigar Colony, Moradabad - UPPCB","23-08-2026 11:00:00",28.856664,78.772638,NO2,25,25,25
India,Telangana,Hyderabad,"Nacharam_TSIIC IALA, Hyderabad - TSPCB","23-08-2026 11:00:00",17.429398,78.569354,SO2,NA,NA,NA
India,Telangana,Hyderabad,"Nacharam_TSIIC IALA, Hyderabad - TSPCB","23-08-2026 11:00:00",17.429398,78.569354,CO,28,28,28
India,Telangana,Hyderabad,"New Malakpet, Hyderabad - TSPCB","23-08-2026 11:00:00",17.37206,78.50864,PM10,50,59,53
India,Telangana,Hyderabad,"New Malakpet, Hyderabad - TSPCB","23-08-2026 11:00:00",17.37206,78.50864,NO2,12,16,14
India,Telangana,Hyderabad,"New Malakpet, Hyderabad - TSPCB","23-08-2026 11:00:00",17.37206,78.50864,SO2,6,14,9
India,Telangana,Hyderabad,"New Malakpet, Hyderabad - TSPCB","23-08-2026 11:00:00",17.37206,78.50864,OZONE,15,21,16
India,Telangana,Hyderabad,"Kokapet, Hyderabad - TSPCB","23-08-2026 11:00:00",17.393559,78.339194,CO,17,18,18
India,Telangana,Hyderabad,"Kokapet, Hyderabad - TSPCB","23-08-2026 11:00:00",17.393559,78.339194,OZONE,13,18,14
India,Telangana,Hyderabad,"ECIL Kapra, Hyderabad - TSPCB","23-08-2026 11:00:00",17.470431,78.566959,NH3,2,3,2
India,Telangana,Hyderabad,"ECIL Kapra, Hyderabad - TSPCB","23-08-2026 11:00:00",17.470431,78.566959,CO,20,27,23
India,Telangana,Hyderabad,"Ramachandrapuram, Hyderabad - TSPCB","23-08-2026 11:00:00",17.528544,78.286195,PM10,50,77,59
India,Telangana,Hyderabad,"Somajiguda, Hyderabad - TSPCB","23-08-2026 11:00:00",17.417094,78.457437,SO2,8,9,8
India,Telangana,Hyderabad,"Somajiguda, Hyderabad - TSPCB","23-08-2026 11:00:00",17.417094,78.457437,OZONE,17,19,18
India,Telangana,Hyderabad,"Sanathnagar, Hyderabad - TSPCB","23-08-2026 11:00:00",17.4559458,78.4332152,CO,29,42,35
India,Telangana,Hyderabad,"ICRISAT Patancheru, Hyderabad - TSPCB","23-08-2026 11:00:00",17.5184,78.278777,PM2.5,2,39,15
India,Telangana,Hyderabad,"ICRISAT Patancheru, Hyderabad - TSPCB","23-08-2026 11:00:00",17.5184,78.278777,PM10,14,125,46
India,Telangana,Hyderabad,"ICRISAT Patancheru, Hyderabad - TSPCB","23-08-2026 11:00:00",17.5184,78.278777,CO,3,19,10
India,Tripura,Agartala,"Bardowali, Agartala - Tripura SPCB","23-08-2026 11:00:00",23.8175497,91.2726974,PM10,36,96,54
India,Tripura,Agartala,"Bardowali, Agartala - Tripura SPCB","23-08-2026 11:00:00",23.8175497,91.2726974,NO2,12,14,13
India,"Uttar Pradesh",Agra,"Rohta, Agra - UPPCB","23-08-2026 11:00:00",27.106972,78.000111,PM2.5,16,46,29
India,"Uttar Pradesh",Agra,"Sector-3B Avas Vikas Colony, Agra - UPPCB","23-08-2026 11:00:00",27.19412,77.96237,PM2.5,25,76,44
India,"Uttar Pradesh",Agra,"Shahjahan Garden, Agra - UPPCB","23-08-2026 11:00:00",27.169338,78.03582,PM2.5,20,35,25
India,"Uttar Pradesh",Agra,"Manoharpur, Agra - UPPCB","23-08-2026 11:00:00",27.23711,78.01936,SO2,14,96,66
India,"Uttar Pradesh",Agra,"Manoharpur, Agra - UPPCB","23-08-2026 11:00:00",27.23711,78.01936,CO,20,20,20
India,"Uttar Pradesh",Kanpur,"Nehru Nagar, Kanpur - UPPCB","23-08-2026 11:00:00",26.4703136,80.3229863,NO2,44,48,47
India,"Uttar Pradesh",Kanpur,"Nehru Nagar, Kanpur - UPPCB","23-08-2026 11:00:00",26.4703136,80.3229863,SO2,10,12,11
India,"Uttar Pradesh",Kanpur,"Nehru Nagar, Kanpur - UPPCB","23-08-2026 11:00:00",26.4703136,80.3229863,CO,44,53,51
India,"Uttar Pradesh",Kanpur,"Nehru Nagar, Kanpur - UPPCB","23-08-2026 11:00:00",26.4703136,80.3229863,OZONE,2,44,13
India,"Uttar Pradesh",Khora,"Prashant Garden, Khora - UPPCB","23-08-2026 11:00:00",28.61119,77.34206,NO2,15,22,20
India,"Uttar Pradesh",Khora,"Prashant Garden, Khora - UPPCB","23-08-2026 11:00:00",28.61119,77.34206,NH3,4,6,5
India,"Uttar Pradesh",Khurja,"Kalindi Kunj, Khurja - UPPCB","23-08-2026 11:00:00",28.2348927,77.8683002,PM10,35,134,71
India,"Uttar Pradesh",Khurja,"Kalindi Kunj, Khurja - UPPCB","23-08-2026 11:00:00",28.2348927,77.8683002,NO2,12,13,12
India,"Uttar Pradesh",Khurja,"Kalindi Kunj, Khurja - UPPCB","23-08-2026 11:00:00",28.2348927,77.8683002,SO2,10,11,10
India,"Uttar Pradesh",Raebareli," Indira Nagar, Raebareli - NTPC Unchahar","23-08-2026 11:00:00",26.207781,81.245571,NO2,NA,NA,NA
India,"Uttar Pradesh",Shamli,"New Tehsil, Shamli - UPPCB","23-08-2026 11:00:00",29.4603683,77.3410291,SO2,2,4,3
India,"Uttar Pradesh",Varanasi,"Maldahiya, Varanasi - UPPCB","23-08-2026 11:00:00",25.32393,82.99687,NO2,NA,NA,NA
India,"Uttar Pradesh",Varanasi,"Ardhali Bazar, Varanasi - UPPCB","23-08-2026 11:00:00",25.3505986,82.9083074,PM2.5,28,65,41
India,"Uttar Pradesh",Varanasi,"Ardhali Bazar, Varanasi - UPPCB","23-08-2026 11:00:00",25.3505986,82.9083074,PM10,39,88,56
India,"Uttar Pradesh",Varanasi,"Ardhali Bazar, Varanasi - UPPCB","23-08-2026 11:00:00",25.3505986,82.9083074,NO2,19,24,22
India,"Uttar Pradesh",Varanasi,"IESD Banaras Hindu University, Varanasi - UPPCB","23-08-2026 11:00:00",25.262326,82.995408,CO,3,3,3
India,"Uttar Pradesh",Vrindavan,"Omex Eternity, Vrindavan - UPPCB","23-08-2026 11:00:00",27.571409,77.655757,NH3,7,9,8
India,Uttarakhand,Dehradun,"Doon University, Dehradun - UKPCB","23-08-2026 11:00:00",30.269444,78.044167,OZONE,12,27,18
India,Uttarakhand,Kashipur,"Govt. Girls Inter College, Kashipur - UKPCB","23-08-2026 11:00:00",29.2124114,78.9611753,NO2,NA,NA,NA
India,Uttarakhand,Kashipur,"Govt. Girls Inter College, Kashipur - UKPCB","23-08-2026 11:00:00",29.2124114,78.9611753,NH3,NA,NA,NA
India,Uttarakhand,Kashipur,"Govt. Girls Inter College, Kashipur - UKPCB","23-08-2026 11:00:00",29.2124114,78.9611753,SO2,NA,NA,NA
India,Uttarakhand,Rishikesh,"Shivaji Nagar, Rishikesh - UKPCB","23-08-2026 11:00:00",30.075911,78.2859547,PM10,9,9,9
India,Uttarakhand,Rishikesh,"Shivaji Nagar, Rishikesh - UKPCB","23-08-2026 11:00:00",30.075911,78.2859547,SO2,1,1,1
India,"West Bengal",Asansol,"Asansol Court Area, Asansol - WBPCB","23-08-2026 11:00:00",23.685297,86.945968,PM10,42,72,53
India,"West Bengal",Asansol,"Asansol Court Area, Asansol - WBPCB","23-08-2026 11:00:00",23.685297,86.945968,OZONE,11,23,15
India,"West Bengal",Asansol,"Evelyn Lodge, Asansol - WBPCB","23-08-2026 11:00:00",23.697936,86.944395,PM10,48,82,63
India,"West Bengal",Asansol,"Evelyn Lodge, Asansol - WBPCB","23-08-2026 11:00:00",23.697936,86.944395,NH3,6,7,7
India,"West Bengal",Asansol,"Mahabir Colliery, Asansol - WBPCB","23-08-2026 11:00:00",23.618183,87.105718,PM2.5,29,86,51
India,"West Bengal",Asansol,"Mahabir Colliery, Asansol - WBPCB","23-08-2026 11:00:00",23.618183,87.105718,NO2,2,2,2
India,"West Bengal",Asansol,"Mahabir Colliery, Asansol - WBPCB","23-08-2026 11:00:00",23.618183,87.105718,NH3,0,1,0
India,"West Bengal",Asansol,"Trivenidevi Bhalotia College, Asansol - WBPCB","23-08-2026 11:00:00",23.616515,87.119133,NO2,4,15,8
India,"West Bengal",Barrackpore,"SVSPA Campus, Barrackpore - WBPCB","23-08-2026 11:00:00",22.7605581,88.3617589,NO2,5,21,10
India,"West Bengal",Barrackpore,"SVSPA Campus, Barrackpore - WBPCB","23-08-2026 11:00:00",22.7605581,88.3617589,SO2,12,13,12
India,"West Bengal",Barrackpore,"SVSPA Campus, Barrackpore - WBPCB","23-08-2026 11:00:00",22.7605581,88.3617589,CO,44,50,46
India,"West Bengal",Barrackpore,"SVSPA Campus, Barrackpore - WBPCB","23-08-2026 11:00:00",22.7605581,88.3617589,OZONE,3,9,5
India,"West Bengal",Durgapur,"PCBL Residential Complex, Durgapur - WBPCB","23-08-2026 11:00:00",23.508764,87.35444,NH3,2,5,4
India,"West Bengal",Durgapur,"PCBL Residential Complex, Durgapur - WBPCB","23-08-2026 11:00:00",23.508764,87.35444,CO,37,48,42
India,"West Bengal",Durgapur,"Mahishkapur Road_B-Zone, Durgapur - WBPCB","23-08-2026 11:00:00",23.567923,87.306843,NO2,2,17,7
India,"West Bengal",Durgapur,"Mahishkapur Road_B-Zone, Durgapur - WBPCB","23-08-2026 11:00:00",23.567923,87.306843,NH3,0,1,0
India,"West Bengal",Durgapur,"Mahishkapur Road_B-Zone, Durgapur - WBPCB","23-08-2026 11:00:00",23.567923,87.306843,OZONE,7,25,15
India,"West Bengal",Durgapur,"Womens College_City Center, Durgapur - WBPCB","23-08-2026 11:00:00",23.549395,87.300496,OZONE,2,17,10
India,"West Bengal",Haldia,"Priyambada Housing Estate, Haldia - WBPCB","23-08-2026 11:00:00",22.06047,88.109737,OZONE,24,28,27
India,"West Bengal",Howrah,"Dasnagar, Howrah - WBPCB","23-08-2026 11:00:00",22.6025571,88.3105664,NO2,2,9,4
India,"West Bengal",Howrah,"Dasnagar, Howrah - WBPCB","23-08-2026 11:00:00",22.6025571,88.3105664,OZONE,7,34,17
India,"West Bengal",Howrah,"Padmapukur, Howrah - WBPCB","23-08-2026 11:00:00",22.5687319,88.2797276,PM2.5,15,39,24
India,"West Bengal",Howrah,"Padmapukur, Howrah - WBPCB","23-08-2026 11:00:00",22.5687319,88.2797276,PM10,44,88,65
India,"West Bengal",Howrah,"Padmapukur, Howrah - WBPCB","23-08-2026 11:00:00",22.5687319,88.2797276,NH3,8,10,10
India,"West Bengal",Kolkata,"Bidhannagar, Kolkata - WBPCB","23-08-2026 11:00:00",22.58157048,88.41002457,OZONE,9,15,11
India,"West Bengal",Kolkata,"Jadavpur, Kolkata - WBPCB","23-08-2026 11:00:00",22.49929,88.36917,PM2.5,27,88,47
India,"West Bengal",Kolkata,"Jadavpur, Kolkata - WBPCB","23-08-2026 11:00:00",22.49929,88.36917,SO2,5,6,5
India,"West Bengal",Kolkata,"Jadavpur, Kolkata - WBPCB","23-08-2026 11:00:00",22.49929,88.36917,OZONE,11,15,13
India,"West Bengal",Kolkata,"Rabindra Bharati University, Kolkata - WBPCB","23-08-2026 11:00:00",22.627847,88.380669,SO2,7,9,8
India,"West Bengal",Kolkata,"Fort William, Kolkata - WBPCB","23-08-2026 11:00:00",22.55664,88.342674,OZONE,30,40,36
India,"West Bengal",Kolkata,"Rabindra Sarobar, Kolkata - WBPCB","23-08-2026 11:00:00",22.51106,88.35142,NH3,6,6,6
India,"West Bengal",Kolkata,"Ballygunge, Kolkata - WBPCB","23-08-2026 11:00:00",22.5367507,88.3638022,NH3,7,8,8
India,"West Bengal",Kolkata,"Ballygunge, Kolkata - WBPCB","23-08-2026 11:00:00",22.5367507,88.3638022,OZONE,12,18,16
India,"West Bengal",Siliguri,"Ward-32 Bapupara, Siliguri - WBPCB","23-08-2026 11:00:00",26.6879226,88.4152495,NO2,112,130,120
